"anio","tabla","variable","definicion","pregunta_literal","universo_literal","regla_derivacion"
1976,"poblacion","area","Desde el Censo realizado en 1950, se ha considerado área urbana a todos los centros poblados en los que habitan 2000 o más personas y por lo tanto área rural, a todo centro poblado o área dospersa en la que habitan menos de 2000 personas, definiciones que en su momento fueron adoptadas. Sin embargo, el INE seguirá utilizando las definiciones adoptadas desde 1950, a la espera que las instituciones que tiene que ver con el ordenamiento territorial y temas a fines ""redefinan"" lo que debemos entender por área urbana y área rural.","","Todas las áreas geográficas abarcadas por el censo.",""
1976,"poblacion","can","Cantón de la provincia en el que está situada la vivienda.","Canton","Todos los cantones de las provincias de la república de Bolivia.",""
1976,"poblacion","ciu","Ciudad donde está ubicada la vivienda.","Ciudad o localidad","Todas las ciudades de la república de Bolivia",""
1976,"poblacion","dep","En Bolivia, los departamentos son las entidades subnacionales mayores del país en las que se subdivide el territorio del Estado. Desde el 4 de abril de 2010, cuentan con autonomía reconocida por la constitución a nivel ejecutivo y legislativo pero no judicial.","Departamento","Todos los departamentos de la República de Bolivia",""
1976,"poblacion","i10p","Número de vivienda donde se realizo el censo.","","Todas los hogares que se realizó el censo.",""
1976,"poblacion","i13p","Número de Hogares dentro de la vivienda donde se realizo el censo.","","Todas las personas en el territorio nacional, que pasaron la noche anterior al día del censo.",""
1976,"poblacion","p00","Número de orden de secuencia de la persona censada.","","Los integrantes del hogar",""
1976,"poblacion","p02","Relación de parentesco con el jefa o jefe de familia.","Qué parentesco o relación tiene con el jefe del hogar? escoger uno de la lista . 1. Jefe(a), 2. Esposa o conviviente, 3. Hijo(a) o entenado, 4. Yerno o Nuera, 5. Nieto (a), 6. Padre o Suegro, 7. Otro pariente, 8. Empleados, 9. No familiar","Los integrantes del hogar",""
1976,"poblacion","p03","Sexo de la persona censada no tendencia ni como se identifica.","Es hombre o mujer? 1. Hombre, 2. Mujer","Los integrantes del hogar",""
1976,"poblacion","p04","Edad exacta de la persona censada.","Cuantos años cumplidos tiene?","Los integrantes del hogar",""
1976,"poblacion","p05","Estado civil de la persona censada","Cuál es su estado civil actual? 1. Soltero, 2. Casado(a) o conviviente, 3.Viudo (a), 4. Divorciado(a) o separado","Personas de 12 años y más edad",""
1976,"poblacion","p06","Donde reside actualmente.","Dónde reside habitualmente?","Los integrantes del hogar",""
1976,"poblacion","p07","Fecha de nacimiento.","Dónde Nació? 1.Aquí, 2. Otra localidad, 3.Provincia, 4 Depratamento u otro país","Los integrantes del hogar",""
1976,"poblacion","p08","Donde residía hace 5 años","Dónde residía habitualmente hace 5 años? (1971)","Los integrantes del hogar",""
1976,"poblacion","p09","Idiomas que habla la persona censada.","Qué idiomas bolivianos sabe hablar?","Persomas de 5 años y más edad",""
1976,"poblacion","p10","La persona censada sabe leer y escribir (ambos),","Sabe leer y escribir?","Persomas de 5 años y más edad",""
1976,"poblacion","p11","La persona asiste o no a algún centro educativo o de enseñanza.","Asiste a la escuela u otro centro educativo? 1. Si, 2. No","Persomas de 5 años y más edad",""
1976,"poblacion","p14","Que nivel de estudios tieme la persona censada.","Cual es el último curso aprobado y en que ciclo? 0.Ninguno, 1.Básico, 2.Intermedio, 3.Medio, 4.Primaria, 5.Secundaria, 6.Normal, 7.Universitario, 8.Otro","Persomas de 5 años y más edad",""
1976,"poblacion","p15","Esta pregunta se refiere a si la persona trabajó o no.","A qué dedicó la mayor parte de su tiempo la semana anterior (al día del Censo) ? 1.Trabajó, 2.No trabajo, pero tenía trabajo?, 3.Desocupado?, 4.Buscó trabajo por primera vez?, 5.Sólo labores de casa?, 6.Sólo estudiante?, 7.Jubilado y o rentista?, 8.Otros?..","Personas de 7 años y más edad",""
1976,"poblacion","p16","Ocupación que tiene la persona censada.","Cuál fue la principal ocupación o trabajo que realizó durante la semana anterior o su último trabajo si estuvo desocupado?","Personas de 7 años y más edad",""
1976,"poblacion","p17","Actividad económica que desarrolla la persona censada.","Qué produce o a qué se dedica principalmente el lugar, establecimiento o negocio donde desempeño la ocupación indicada?","Personas de 7 años y más edad",""
1976,"poblacion","p18","Categoría específica de la actividad que desarrolla la persona Censada.","Cual fue la categoría o posición en la ocupación que indica?","Personas de 7 años y más edad",""
1976,"poblacion","p20","Cantidad de hijos nacidos vivos.","En total cuántos hijos nacidos vivos ha tenido?","Mujeres de 12 años y más de edad",""
1976,"poblacion","p21","Cantidad de hijos vivos actualmente.","De ellos cuántos están actualmente vivos.?","Mujeres de 12 años y más de edad",""
1976,"poblacion","p23a","Año de ultimo hijo nacido vivo.","Qué mes y año nació su último hijo nacido vivo?","Mujeres de 12 años y más de edad",""
1976,"poblacion","p23m","Mes de ultimo hijo nacido vivo.","Qué mes y año nació su último hijo nacido vivo?","Mujeres de 12 años y más de edad",""
1976,"poblacion","pro","Las provincias de Bolivia son las subdivisiones territoriales intermedias del país, inferiores a los departamentos y superiores a los municipios.","Provincia","Todas las provincias del territorio nacional (República de Bolivia).",""
1976,"poblacion","zona","Distribución de porciones de áreas geográficas es decir zonas para el censador.","Zona","Todas las Zonas abarcadas por el censo.",""
1976,"vivienda","can","Cantón de la provincia en el que está situada la vivienda.","Canton o localidad","Todos los cantones de las provincias de la república de Bolivia.",""
1976,"vivienda","ciu","Ciudad donde está ubicada la vivienda.","","Todas las ciudades de la república de Bolivia",""
1976,"vivienda","i10v","Número de personas en la vivienda.","Resumen de población- Número de hombres","Las viviendas",""
1976,"vivienda","i13v","Número de hogares en la vivienda.","Resumen de población- Número de mujeres","Las viviendas",""
1976,"vivienda","idep","En Bolivia, los departamentos son las entidades subnacionales mayores del país en las que se subdivide el territorio del Estado. Desde el 4 de abril de 2010, cuentan con autonomía reconocida por la constitución a nivel ejecutivo y legislativo pero no judicial.","Departamento","Todos los departamentos de la República de Bolivia",""
1976,"vivienda","pro","Las provincias de Bolivia son las subdivisiones territoriales intermedias del país, inferiores a los departamentos y superiores a los municipios.","Provincia","Todas las provincias del territorio nacional (República de Bolivia).",""
1976,"vivienda","turrur","Desde el Censo realizado en 1950, se ha considerado área urbana a todos los centros poblados en los que habitan 2000 o más personas y por lo tanto área rural, a todo centro poblado o área dospersa en la que habitan menos de 2000 personas, definiciones que en su momento fueron adoptadas. Sin embargo, el INE seguirá utilizando las definiciones adoptadas desde 1950, a la espera que las instituciones que tiene que ver con el ordenamiento territorial y temas a fines ""redefinan"" lo que debemos entender por área urbana y área rural.","","Todas las areas abarcadas por el censo.",""
1976,"vivienda","v00","Código de manzana en la distribución para el área censal.","Manzana N°","Todas las manzanas enmarcadas en las zonas de censo.",""
1976,"vivienda","v01","Es el tipo de vivienda que corresponda dentro de las categorías que se tiene de viviendas particulares o colectivas.","Tipo de vivienda 11.Casa Independiente, 12.Departamento, 13.habitación (es) sueltas (s) en casa de vecindad, 14.Choza, pahuichi, 15.Vivienda improvisada, 16.Local no destinado a vivienda, 17.Otra, 21.Hotel, residencial, 22.Cuartel, establecimiento militar o policial, 23.Hospital, Sanatorio, Clínica, 24.Cárcel , establecimiento correccional, 25.Convento, institución correccional, 26.Internado educacional, 27.Otra","Las viviendas",""
1976,"vivienda","v02","Es la condición de acupación de la vivienda, si la vivienda esta ocupada con personas presentes o no, o bien si está desocupada.","Condición de ocupación 1.Con ocupantes presentes, 2.Con ocupantes ausentes, 3.Desocupada","Las viviendas",""
1976,"vivienda","v03","Detalles de acabado de paredes exteriores.","Materiales predominantes en la vivienda, Paredes exteriores 1 Adobe revocado, 2 Adobe sin revocar y tapial, 3 Ladrillo, bloque de cemento, etc., 4 Piedra, 5 Madera, 6 Caña, palma ,trocos, 7 Otros","Las viviendas",""
1976,"vivienda","v04","Tipo de techo con el que cuenta la vivienda.","Materiales predominantes en la vivienda, Techo 1 Calamina, 2 Tejas (Cemento, arcilla, fibrocemento, etc.), 3 Losa de hormigón, 4 Paja, caña, palma, 5 Otros","Las viviendas",""
1976,"vivienda","v05","Acabado de pisos que posee la vivienda.","Materiales predominantes en la vivienda, Pisos 1 Madera, 2 Mosaico o baldosas, 3 Ladrillo, 4 Cemento, 5 Tierra, 6 Otros","Las viviendas",""
1976,"vivienda","v06","Disponibilidad de servicio de agua, el sistema de abastecimiento de agua.","Diponibilidad se servicio de agua-Sistema de abastecimiento de agua 1.Por cañería dentro de la vivienda, 2.Por cañería fuera de la vivienda, pero dentro del edificio, 3.Por cañería fuera del lote o terreno, 4.No recibe agua por cañería","Las viviendas",""
1976,"vivienda","v07","Disponibilidad de servicio de agua, procedencia del agua.","Diponibilidad se servicio de agua - Procedencia del agua 1. Red pública, 2. Red privada, 3. Pozo o noria, 4. Aljibe, 5. Rio, lago, vertiente o acequia, 6. Carro repartidor,7. Otra","Las viviendas",""
1976,"vivienda","v081","Disponibilidad de servicios higiénicos (excusado, letrina).","Disponibilidad de servicio higiénico (excusado, letrina) 1. Tiene de uso privado o exclusivo, 2. Tiene de uso común o compartido, 3. No tiene","Las viviendas",""
1976,"vivienda","v082","Sistema de eliminación de aguas servidas.","Sistema de eliminación de aguas servidas 1.Alcantarillado público, 2. Cámara séptica, 3. Letrina o pozo ciego, 4. No tiene","Las viviendas",""
1976,"vivienda","v083","Existencia de ducha o tina de baño.","Ducha o tina de baño 1 Tiene de uso privado o exclusivo, 2 Tiene de uso común o compartido, 3 No tiene","Las viviendas",""
1976,"vivienda","v09","Existencia de energía eléctrica en la vivienda.","Tiene electricidad? 1. Si, 2. No","Las viviendas",""
1976,"vivienda","v10","Número de habitaciones en la vivienda.","Cuantos cuartos o habitaciones tiene Ud. en su hogar?","Las viviendas",""
1976,"vivienda","v11","Número de habitaciones para dormir.","De éstos, cuántos se utilizan sólo para dormir? (Dormitorio)","Las viviendas",""
1976,"vivienda","v12","Cuarto de cocina.","Tiene cuarto especial para cocinar?","Las viviendas",""
1976,"vivienda","v14","Modalidad de tenencia de la vivienda","Tenencia 1 Propia, 2. Alquiler, 3. Contrato Alquiler, 4. Contrato mixto (Alquiler anticrético), 5. Cedida por servicio, 6. Otra Forma","Las viviendas",""
1976,"vivienda","v15","Idioma que se habla en su familia.","Idiomas que se habla con más frecuentemente en su familia. 1 Quechua, 2. Aymara, 3. Castellano, 4. Otro idioma nacional, 5. Idioma extranjero","Las viviendas",""
1976,"vivienda","zon","Distribución de porciones de áreas geográficas es decir zonas para el cansador.","Zona","Todas las Zonas abarcadas por el censo.",""
1992,"persona","idep","En Bolivia, los departamentos son las entidades subnacionales mayores del país en las que se subdivide el territorio del Estado. Desde el 4 de abril de 2010, cuentan con autonomía reconocida por la constitución a nivel ejecutivo y legislativo pero no judicial.","Departamento","Todos los departamentos de Bolivia.",""
1992,"persona","P00","Es el número de persona dentro de cada hogar. El número de persona 1 corresponde al Jefe de Hogar, continuando con los demás miembros.","","Todos los hogares establecidos en las viviendas empadronadas (particulares y colectivas).",""
1992,"persona","P01","Se consulta sobre la tenencia de Carnet de Identidad.","1. ¿Tiene cédula de identidad? 1.Si, 2.No","Todas las personas miembros del hogar empadronado. El hogar es una unidad conformada por personas con relación de parentesco o sin él, que habitan una misma vivienda y que al menos para su alimentación dependen de un fondo común al que las personas aportan en dinero y/o especie. Una persona sola también constituye un hogar.",""
1992,"persona","P02","Relación de parentesco con respecto a la persona que se ha declarado como jefe o jefa del hogar.","2. ¿Qué relación o parentesco tiene con el jefe del hogar? 0.Jefe(a) del hogar particular, 1.Esposa(o) o conviviente, 2.Hijo(a) o entenado(a), 3.Yerno o nuera, 4.Padres o suegros, 5.Otro pariente, 6.Empleada(o) doméstica(o), 7.Otro pariente, 8.Miembro de hogar colectivo","Todas las personas miembros del hogar empadronado. El hogar es una unidad conformada por personas con relación de parentesco o sin él, que habitan una misma vivienda y que al menos para su alimentación dependen de un fondo común al que las personas aportan en dinero y/o especie. Una persona sola también constituye un hogar.",""
1992,"persona","P03","Variable categórica que determina el género del empadronado.","3. ¿Es hombre o mujer? 1.Hombre, 2.Mujer","Todas las personas miembros del hogar empadronado. El hogar es una unidad conformada por personas con relación de parentesco o sin él, que habitan una misma vivienda y que al menos para su alimentación dependen de un fondo común al que las personas aportan en dinero y/o especie. Una persona sola también constituye un hogar.",""
1992,"persona","P04","Se refiere a los años cumplidos que tiene el empadronado.","4. ¿Cuántos años cumplidos tiene?","Todas las personas miembros del hogar empadronado. El hogar es una unidad conformada por personas con relación de parentesco o sin él, que habitan una misma vivienda y que al menos para su alimentación dependen de un fondo común al que las personas aportan en dinero y/o especie. Una persona sola también constituye un hogar.",""
1992,"persona","P05","Estado conyugal actual.","5. ¿Cuál es si estado civil o conyugal? 1.Casado(a) o conviviente, 2.Viudo(a), 3.Separado(a) o divorciado(a), 4.Soltero(a)","Todas las personas miembros del hogar empadronado. El hogar es una unidad conformada por personas con relación de parentesco o sin él, que habitan una misma vivienda y que al menos para su alimentación dependen de un fondo común al que las personas aportan en dinero y/o especie. Una persona sola también constituye un hogar.",""
1992,"persona","P06","Lugar de residencia habitual de la persona empadronada.","6. ¿Dónde vive habitualmente? 1 Aqui","Todas las personas miembros del hogar empadronado. El hogar es una unidad conformada por personas con relación de parentesco o sin él, que habitan una misma vivienda y que al menos para su alimentación dependen de un fondo común al que las personas aportan en dinero y/o especie. Una persona sola también constituye un hogar.",""
1992,"persona","P06A","Código del departamento donde habitualmente reside la persona empadronada.","6. ¿Dónde vive habitualmente? Departamento","Todas las personas miembros del hogar empadronado. El hogar es una unidad conformada por personas con relación de parentesco o sin él, que habitan una misma vivienda y que al menos para su alimentación dependen de un fondo común al que las personas aportan en dinero y/o especie. Una persona sola también constituye un hogar.",""
1992,"persona","P06B","Código de la provincia donde habitualmente reside la persona empadronada.","6. ¿Dónde vive habitualmente?, Provincia","Todas las personas miembros del hogar empadronado. El hogar es una unidad conformada por personas con relación de parentesco o sin él, que habitan una misma vivienda y que al menos para su alimentación dependen de un fondo común al que las personas aportan en dinero y/o especie. Una persona sola también constituye un hogar.",""
1992,"persona","P06C","Código del cantón donde habitualmente reside la persona empadronada","6. ¿Dónde vive habitualmente?, Cantón","Todas las personas miembros del hogar empadronado. El hogar es una unidad conformada por personas con relación de parentesco o sin él, que habitan una misma vivienda y que al menos para su alimentación dependen de un fondo común al que las personas aportan en dinero y/o especie. Una persona sola también constituye un hogar.",""
1992,"persona","P06D","Código del país donde habitualmente reside la persona empadronada.","6. ¿Dónde vive habitualmente?, País en el exterior","Todas las personas miembros del hogar empadronado. El hogar es una unidad conformada por personas con relación de parentesco o sin él, que habitan una misma vivienda y que al menos para su alimentación dependen de un fondo común al que las personas aportan en dinero y/o especie. Una persona sola también constituye un hogar.",""
1992,"persona","P07","Permite conocer el lugar de nacimiento de los residentes habituales de la vivienda.","7. ¿Dónde nació? 1.Aqui","Todas las personas miembros del hogar empadronado. El hogar es una unidad conformada por personas con relación de parentesco o sin él, que habitan una misma vivienda y que al menos para su alimentación dependen de un fondo común al que las personas aportan en dinero y/o especie. Una persona sola también constituye un hogar.",""
1992,"persona","P07A","Código del departamento donde nació la persona empadronada.","Departamento donde nació","Todas las personas miembros del hogar empadronado. El hogar es una unidad conformada por personas con relación de parentesco o sin él, que habitan una misma vivienda y que al menos para su alimentación dependen de un fondo común al que las personas aportan en dinero y/o especie. Una persona sola también constituye un hogar.",""
1992,"persona","P07B","Código de la provincia donde nació la persona empadronada.","Provincia donde nació","Todas las personas miembros del hogar empadronado. El hogar es una unidad conformada por personas con relación de parentesco o sin él, que habitan una misma vivienda y que al menos para su alimentación dependen de un fondo común al que las personas aportan en dinero y/o especie. Una persona sola también constituye un hogar.",""
1992,"persona","P07C","Código del cantón donde nació la persona empadronada.","Cantón donde nació","Todas las personas miembros del hogar empadronado. El hogar es una unidad conformada por personas con relación de parentesco o sin él, que habitan una misma vivienda y que al menos para su alimentación dependen de un fondo común al que las personas aportan en dinero y/o especie. Una persona sola también constituye un hogar.",""
1992,"persona","P07D","Código del país donde nació la persona empadronada.","País en el exterior","Todas las personas miembros del hogar empadronado. El hogar es una unidad conformada por personas con relación de parentesco o sin él, que habitan una misma vivienda y que al menos para su alimentación dependen de un fondo común al que las personas aportan en dinero y/o especie. Una persona sola también constituye un hogar.",""
1992,"persona","P08","Se refiere al lugar donde vivía la persona entrevistada hace 5 años (1987).","8. ¿Donde vivía habitualmente hace 5 años (1987)? 7. ¿Dónde nació?","Para personas de 5 años y más de edad.",""
1992,"persona","P08A","Código de departamento donde hace 5 años vivía la persona empadronada.","Departamento donde vivía hace 5 años","Para personas de 5 años y más de edad.",""
1992,"persona","P08B","Código de la provincia donde hace 5 años vivía la persona empadronada.","Provincia donde vivía hace 5 años","Para personas de 5 años y más de edad.",""
1992,"persona","P08C","Código del cantón donde hace 5 años vivía la persona empadronada.","Cantón donde vivía hace 5 años","Para personas de 5 años y más de edad.",""
1992,"persona","P08D","Código del país donde hace 5 años vivía la persona empadronada.","País en el exterior","Para personas de 5 años y más de edad.",""
1992,"persona","P09A","Se indaga si la persona empadronada habla los siguientes dialectos/idiomas: - CASTELLANO","9. ¿Qué idiomas o dialectos sabe hablar? 1.Castellano","Para personas de 6 años y más de edad.",""
1992,"persona","P09B","Se indaga si la persona empadronada habla los siguientes dialectos/idiomas: - QUECHUA","9. ¿Qué idiomas o dialectos sabe hablar? 2.Quechua","Para personas de 6 años y más de edad.",""
1992,"persona","P09C","Se indaga si la persona empadronada habla los siguientes dialectos/idiomas: - AYMARÁ","9. ¿Qué idiomas o dialectos sabe hablar? 3. Aymara","Para personas de 6 años y más de edad.",""
1992,"persona","P09D","Se indaga si la persona empadronada habla los siguientes dialectos/idiomas: - GUARANÍ","9. ¿Qué idiomas o dialectos sabe hablar? 4. Guaraní","Para personas de 6 años y más de edad.",""
1992,"persona","P09E","Se indaga si la persona empadronada habla los siguientes dialectos/idiomas: - OTRO NATIVO","9. ¿Qué idiomas o dialectos sabe hablar? 5.Otro nativo","Para personas de 6 años y más de edad.",""
1992,"persona","P09F","Se indaga si la persona empadronada habla los siguientes dialectos/idiomas: - IDIOMA EXTRANJERO","9. ¿QUÉ IDIOMAS O DIALECTOS SABE HABLAR? 6.Extranjero","Para personas de 6 años y más de edad.",""
1992,"persona","P10","Permite conocer el nivel de alfabetismo y analfabetismo de la población, indagando si la persona sabe leer y escribir.","10. ¿Sabe leer o escribir? 7.Si, 8.No","Para personas de 6 años y más de edad.",""
1992,"persona","P11","Se quiere conocer sobre la asistencia e inasistencia escolar de la población.","11. ¿Asiste o asistío a algún centro de enseñanza regular? 1.Asiste, 2.No asiste, pero asistió, 3.Nunca asistió","Para personas de 6 años y más de edad.",""
1992,"persona","P12","Pregunta el máximo nivel y curso de instrucción alcanzado por la persona empadronada. No se refiere al curso y nivel que actualmente está cursando.","12. ¿Cuál es el ciclo o nivel más alto al que asiste o asistió en la enseñanza regular? 2.Básico, 3.Intermedio, 4.Medio, 5.Enseñanza técnica, 6.Normal, 7.Universidad, 8.Otro","Para personas de 6 años y más de edad.",""
1992,"persona","P13","Esta pregunta permitirá conocer la deserción escolar, preguntado a la personas si finalizaron el ciclo o nivel que menciona.","13. ¿Finalizo ese ciclo o nivel? 1.Si, 2.No","Para personas de 6 años y más de edad.",""
1992,"persona","P14","Indaga sobre el último curso que aprobó la persona empadronada, antes de ingresar a los niveles educativos que respondió. Permitirá analizar la secuencia de estudios y calcular los años de instrucción.","14. ¿Cuál es el último año o curso aprobadi en ese ciclo o nivel?","Para personas de 6 años y más de edad.",""
1992,"persona","P15","Es la actividad que la persona ha realizado durante la semana pasada en la producción o comercialización de bienes y/o prestación de servicios que tengan un valor económico en el mercado.","15. ¿Qué actividad desarrolló la semana pasada? 0.Trabajó la semana pasada, 1.No trabajó, pero tiene trabajo (licencia, enfermedad, vacaci, 2.Labores de casa y trabajó, 3.Buscó trabajo, habiendo trabajado antes (cesante), 4.Buscó trabajo por primera vez, 5.Jubilado, pensionista o rentista y no trabajó, 6.Estudiante y no trabajó, 7.Labores de casa y no trabajó, 8.Otro","Para personas de 7 años y más de edad.",""
1992,"persona","P16","Ocupación principal es aquella en la que el empadronado declara haber estado ocupado más tiempo percibiendo mayores ingresos durante el período de referencia, independientemente de las horas de trabajo que emplee.","16. Durante la semana pasada (o en su último empleo en caso de ser cesante):¿ cuál fue su ocupación princial?","Para personas de 7 años y más de edad.","La clasificación de Ocupación estuvo basada en la Clasificación Internacional Uniforme de Ocupaciones “CIUO-88”, elaborada por la Organización Internacional del Trabajo (O. I. T.), de la que la Bolivia es miembro."
1992,"persona","P17","Se refiere a la actividad económica de bienes producidos o de los servicios suministrados por la unidad en la cual la persona entrevistada trabaja.","17.¿Qué produce o a que actividad se dedica el establecimiento donde travafa (o trabajó si es cesante)?","Para personas de 7 años y más de edad.","Rama de activida o la actividad económica de acuerdo a los diferentes niveles de agregación en base de la Clasificación Industrial Internacional Uniforme revisión 3 (CIIU-Rev. 3) se dividen en 17 sectores de actividad."
1992,"persona","P18","Las categorías ocupacionales distinguen la relación de dependencia de la persona respecto a un empleador.","18. En esa ocupación usted trabaja ( o trabaja si es cesante) como: 1.Obrero (peón, jornalero, capataz), 2.Empleado, 3.Trabajador por cuenta propia, 4.Patrón, socio o empleador, 5.Cooperativista de producción, 6.Profesional independiente, 7.Trabajador familiar o aprendiz sin remuneración","Para personas de 7 años y más de edad.",""
1992,"persona","P19","Esta pregunta permitirá conocer si la persona empadronada tiene una actividad secundaria.","19. ¿En la semana pasada: Trabajó en alguna otra actividad adicional? 1.Si, 2.No","Para personas de 7 años y más de edad.",""
1992,"persona","P20","Permitirá conocer cuántos hijos(as) nacidos(as) vivos(as) ha tenido la mujer. NACIDO VIVO: Es todo niño(a) que al nacer manifiesta cualquier signo de vida como respirar, llorar o moverse. Si después llegara a fallecer, debe considerarse tambien como hijo(a) nacido(a) vivo(a).","20. ¿En total cuántas hijas e hijos nacidos vivos ha tenido?","Para mujeres de 12 años y más de edad.",""
1992,"persona","P21","Indaga sobre el número de hijos(as) que viven actualmente. Esto permitirá obtener los indicadores de Mortalidad.","21. ¿De ellos cuántos viven actualmente?","Para mujeres de 12 años y más de edad.",""
1992,"persona","P22H","Número de hijos varones que que vivien actualmente en otro país.","22H. De los hijos actualmente vivos ¿uántos hombres viven en otro país?","Para mujeres de 12 años y más de edad.",""
1992,"persona","P22M","Número de hijas mujeres que que vivien actualmente en otro país.","22M. De los hijos actualmente vivos ¿uántos hombres viven en otro país?","Para mujeres de 12 años y más de edad.",""
1992,"persona","P23A","Se indaga por el año en que nació el último(a) hijo(a) vivo(a) de la mujer empadronada.","23A. ¿En que año nacio su último hijo(a) nacio vivo(a)?","Para mujeres de 12 años y más de edad.",""
1992,"persona","P23M","Mes en que nació el último hijo(a) nacido vivo(a).","23M. ¿En que mes nació su último hijo(a) nació su último hijo(a) nacio vivo(a)?","Para mujeres de 12 años y más de edad.",""
1992,"vivienda","I122","Categoría de la localidad.","","Todas las viviendas particulares y colectivas que se encuentran en el país.",""
1992,"vivienda","V01","VIVIENDA PARTICULAR: Vivienda destinada para ser habitada por un hogar. VIVIENDA COLECTIVA: Vivienda habitada por un grupo de personas, que viven en un régimen no fmiliar, sometidas a normas, objetivos o intereses comunes.","1. Tipo de vivienda 1.Casa independiente, 2.Departamento, 3.Habitación suelta, 4.Choza, pahuichi, 5. Local no construido para vivienda, 6.Vivienda improvisada, 7.Hotel, residencial o alojamiento, 8.Cuartel, establecimiento militar o policial, 9.Hospital, clínica o sanatorio, 10.Cárcel o establecimiento correccional, 11.Convento o internado, 12.Otra, 13.Ambulante","Todas las viviendas particulares y colectivas que se encuentran en el país.",""
1992,"vivienda","V02","Identifica viviendas ocupadas con ocupantes presentes o ausentes y viviendas desocupadas.","2. Condición de ocupación 1.Ocupada con ocupantes presentes, 2.Ocupada con ocupantes ausentes, 3.Desocupada para alquiler, venta, etc., 4.Desocupada terminándose de construir o reparar, 5.Desocupada abandonada","Todas las viviendas particulares y colectivas que se encuentran en el país.",""
1992,"vivienda","V03","Material de construcción que predomina en las PAREDES de la vivienda.","3. Materiales predominanres en la vivienda: Paredes 1.Adobe revocado, 2.Adobe sin revocar o tapial, 3.Ladrillo, bloques de cemento, hormigón, etc., 4.Piedra, 5.Madera, 6.Caña, palma, troncos, 7.Otros","Todas las viviendas particulares y colectivas que se encuentran en el país.",""
1992,"vivienda","V04","Material de construcción que predomina en los TECHOS de la vivienda.","4. Techos 1.Calamina o plancha, 2.Tejas (cemento, arcilla, fibra, cemento, etc.), 3.Losa de hormigón armado, 4.Paja, caña, palma, 5.Otros","Todas las viviendas particulares y colectivas que se encuentran en el país.",""
1992,"vivienda","V05","Material de construcción que predomina en los PISOS de la vivienda.","5. Pisos 1.Madera o baldosas, 2.Mosaico-baldosas, 3.Ladrillo, 4.Cemento, 5.Tierra, 6.Otros","Todas las viviendas particulares y colectivas que se encuentran en el país.",""
1992,"vivienda","V06","Indaga como se obtiene el agua al interior de la vivienda.","6. Sistema de abastecimiento de agua para beber y cocinar 1.Por cañería dentra de la vivienda, 2.por cañería fuera de la vivienda, pero dentro del edificio, 3.Por cañería fuera del lote o terreno, 4.No recibe agua por cañería","Todas las viviendas particulares y colectivas que se encuentran en el país.",""
1992,"vivienda","V07","Procedencia del agua utilizada para beber y cocinar en la vivienda","7. Procedencia del agua 1.Red pública o privada, 2.Pozo o noria, 3.Río, lago, vertiente o acequía, 4.Carro repartidor, 5.Otra","Todas las viviendas particulares y colectivas que se encuentran en el país.",""
1992,"vivienda","V08","Averiguar si tiene o no tiene servicio sanitario. Y si tiene servicio sanitario es con o sin descarga,","8. ¿Tiene inidoro, water, letrina o excusado? 1.Tiene con descarga instantánea de agrua, 2.Tiene sin descarga, 3.No tiene","Todas las viviendas particulares y colectivas que se encuentran en el país.",""
1992,"vivienda","V081","Indaga sobre la disponibilidad exclusiva del baño o letrina para los miembros que componen el hogar, es decir, si es privado o compartido","8.1 Uso del servicio sanitario es: 1.Privado de este hogar, 2.Compartido con otros hogares","Todas las viviendas particulares y colectivas que se encuentran en el país.",""
1992,"vivienda","V082","Investiga si la vivienda dispone de un adecuado sistema de eliminación de excretas.","8.2 El desague del servicio se realiza a; 1. Al alcantarillado?, 2. A una cámara séptica?, 3. A un pozo ciego?, 4. A la superficie (calle/quebrada/río)?","Todas las viviendas particulares y colectivas que se encuentran en el país.",""
1992,"vivienda","V09","Investiga sobre la disponibilidad de energía eléctrica.","9. ¿Tiene energía eléctrica? 1.Si , 2.No","Todas las viviendas particulares y colectivas que se encuentran en el país.",""
1992,"vivienda","V10","Averigua sobre la cantidad de cuartos que ocupan en la vivienda, con el objetivo de ver el hacinamiento.","10. ¿Cuántos cuartos o habitaciones ocupa su hogar?","Todas las viviendas particulares y colectivas que se encuentran en el país.",""
1992,"vivienda","V11","Averigua sobre la cantidad de dormitorios que ocupan en la vivienda, con el objetivo de ver el hacinamiento.","11. De estos ¿Cuántos utilizan para dormir?","Todas las viviendas particulares y colectivas que se encuentran en el país.",""
1992,"vivienda","V12","Averigua si tiene cuarto exclusivo para cocinar y preparar sus alimentos.","12. ¿Tiene un cuarto para la cocina?","Todas las viviendas particulares y colectivas que se encuentran en el país.",""
1992,"vivienda","V13","Pregunta para conocer la principal fuente de energía que habitualmente usa el hogar para cocinar.","13. Principal combustible utilizado para cocinar 1.Leña, 2.Guano, bosta, taquia, 3.Carbón, 4.Kerosene, 5.Gas licuado, 6.Electricidad, 7.No cocina, 8.Otro","Todas las viviendas particulares y colectivas que se encuentran en el país.",""
1992,"vivienda","V14","Averigua si la vivienda que ocupa las personas es propia, alquilada, etc.","14. Tenencia de la vivienda 1.Propia, 2.Alquilada, 3.Contrato anticrético, 4.Contrato mixto, 5.Cedida por serv.cios, 6.Cedida por parentesco, 7.Otra","Todas las viviendas particulares y colectivas que se encuentran en el país.",""
1992,"vivienda","V15A","El objetivo de esta pregunta es conocer cuantas personas del hogar atendieron su salud en dependencias del Ministerio de Salud.","¿CUuántas personas de este hogar incluyendo niños y recién nacidos atendierib su salud en: - Dependencias del Ministerio de Salud? - Cajas de Seguro Social? - Dependencias de ONG o iglesias? - Servicios Privados? - Farmacias? - Jampiri, Yatiri, curandero, Kallawaya, naturista? - Otro? - No atiende su salud?","Todas las viviendas particulares y colectivas que se encuentran en el país.",""
1992,"vivienda","V15B","El objetivo de esta pregunta es conocer cuantas personas del hogar atendieron su salud en Cajas del Seguro Social.","¿Cuántas personas de este hogar incluyendo niños y recién nacidos atenderon su salud en: - Dependencias del Ministerio de Salud? - Cajas de Seguro Social? - Dependencias de ONG o iglesias? - Servicios Privados? - Farmacias? - Jampiri, Yatiri, curandero, Kallawaya, naturista? - Otro? - No atiende su salud?","Todas las viviendas particulares y colectivas que se encuentran en el país.",""
1992,"vivienda","V15C","El objetivo de esta pregunta es conocer cuantas personas del hogar atendieron su salud en dependencias de Organizaciones no Gubernamentales o iglesias.","¿Cuuántas personas de este hogar incluyendo niños y recién nacidos atendieron su salud en: - Dependencias del Ministerio de Salud? - Cajas de Seguro Social? - Dependencias de ONG o iglesias? - Servicios Privados? - Farmacias? - Jampiri, Yatiri, curandero, Kallawaya, naturista? - Otro? - No atiende su salud?","Todas las viviendas particulares y colectivas que se encuentran en el país.",""
1992,"vivienda","V15D","El objetivo de esta pregunta es conocer cuantas personas del hogar atendieron su salud en servicios privados de salud.","¿Cuántas personas de este hogar incluyendo niños y recién nacidos atendieron su salud en: - Dependencias del Ministerio de Salud? - Cajas de Seguro Social? - Dependencias de ONG o iglesias? - Servicios Privados? - Farmacias? - Jampiri, Yatiri, curandero, Kallawaya, naturista? - Otro? - No atiende su salud?","Todas las viviendas particulares y colectivas que se encuentran en el país.",""
1992,"vivienda","V15E","El objetivo de esta pregunta es conocer cuantas personas del hogar atendieron su salud en farmacias.","¿Cuántas personas de este hogar incluyendo niños y recipen nacidos atendieron su salud en: - Dependencias del Ministerio de Salud? - Cajas de Seguro Social? - Dependencias de ONG o iglesias? - Servicios Privados? - Farmacias? - Jampiri, Yatiri, curandero, Kallawaya, naturista? - Otro? - No atiende su salud?","Todas las viviendas particulares y colectivas que se encuentran en el país.",""
1992,"vivienda","V15F","El objetivo de esta pregunta es conocer cuantas personas del hogar atendieron su salud con Jampiris, Yatiris, curanderos, Kallawayas o naturistas.","¿Cuántas personas de este hogar incluyendo niños y recién nacidos atendieron su salud en: - Dependencias del Ministerio de Salud? - Cajas de Seguro Social? - Dependencias de ONG o iglesias? - Servicios Privados? - Farmacias? - Jampiri, Yatiri, curandero, Kallawaya, naturista? - Otro? - No atiende su salud?","Todas las viviendas particulares y colectivas que se encuentran en el país.",""
1992,"vivienda","V15G","El objetivo de esta pregunta es conocer cuantas personas del hogar atendieron su salud en otro lugar no especificado en las anteriores opciones.","¿Cuántas personas de este hogar incluyendo niños y recién nacidos atendieron su salud en: - Dependencias del Ministerio de Salud? - Cajas de Seguro Social? - Dependencias de ONG o iglesias? - Servicios Privados? - Farmacias? - Jampiri, Yatiri, curandero, Kallawaya, naturista? - Otro? - No atiende su salud?","Todas las viviendas particulares y colectivas que se encuentran en el país.",""
1992,"vivienda","V15H","El objetivo de esta pregunta es conocer cuantas personas del hogar no atendieron su salud.","¿Cuántas personas de este hogar incluyendo niños y recién nacidos atendieron su salud en: - Dependencias del Ministerio de Salud? - Cajas de Seguro Social? - Dependencias de ONG o iglesias? - Servicios Privados? - Farmacias? - Jampiri, Yatiri, curandero, Kallawaya, naturista? - Otro? - No atiende su salud?","Todas las viviendas particulares y colectivas que se encuentran en el país.",""
1992,"vivienda","V16B","Se indaga del número de personas del hogar que pertenecen a la religión católica.","¿Cuántas personas en este hogar: - No pertenecen a ninguna religión? - Son católicos? - Son evangélicos? - Son de otras religiones?","Todas las viviendas particulares y colectivas que se encuentran en el país.",""
1992,"vivienda","V16C","Se indaga del número de personas del hogar que pertenecen a la religión evangélica.","¿Cuántas personas en este hogar: - No pertenecen a ninguna religión? - Son católicos? - Son evangélicos? - Son de otras religiones?","Todas las viviendas particulares y colectivas que se encuentran en el país.",""
1992,"vivienda","V16D","Se indaga del número de personas del hogar que pertenecen a otras religiones no especificadas en las opciones anteriores.","¿Cuántas personas en este hogar: - No pertenecen a ninguna religión? - Son católicos? - Son evangélicos? - Son de otras religiones?","Todas las viviendas particulares y colectivas que se encuentran en el país.",""
1992,"vivienda","V17","El objetivo de esta pregunta es investigar la mortalidad dentro de los hogares.","¿Murió alguien que vivia en este hogar incluyendo niños y recién nacidos? 1.Si, 2.No","Todas las viviendas particulares y colectivas que se encuentran en el país.",""
1992,"vivienda","V18H","Número de hombres dentro del hogar.","18H. Nro de hombres","Todas las viviendas particulares y colectivas que se encuentran en el país.",""
1992,"vivienda","V18M","Número de mujeres dentro del hogar.","18M. Nro de mujeres","Todas las viviendas particulares y colectivas que se encuentran en el país.",""
1992,"vivienda","V18T","Total personas que hay dentro del hogar.","18T. Total población","Todas las viviendas particulares y colectivas que se encuentran en el país.",""
2001,"persona","idep","Corresponde al código que identifica al departamento dentro la ubicación geográfica. Bolivia según la división política administrativa está dividida en 9 Departamentos, 112 provincias, 327 secciones municipales y éstos a su vez en cantones.","","Todos los departamentos de Bolivia",""
2001,"persona","P28","Variable categórica que determina el género del o la entrevistada.","¿HOMBRE O MUJER? 1.Hombre, 2.Mujer","Todos los miembros del hogar",""
2001,"persona","P29","Años cumplidos (edad) de la persona.","¿CUÁNTOS AÑOS CUMPLIDOS TIENE?","Todos los miembros del hogar",""
2001,"persona","P30","Esta pregunta indaga si la persona ha sido inscrita en el Registro Civil (certificado de nacimiento).","¿ESTA INSCRITO SU NACIMIENTO EN EL REGISTRO CIVIL? 1.Si, 2.No","Todos los miembros del hogar",""
2001,"persona","P31","Esta variable establece la relación de parentesco de cada miembro del hogar, con respecto a la persona que se ha declarado como jefe o jefa del hogar.","¿QUÉ RELACIÓN DE PARENTESCO TIENE CON EL JEFE O JEFA DEL HOGAR?","Todos los miembros del hogar",""
2001,"persona","P321","Esta pregunta indaga por los idiomas o lengua que hablan los miembros del hogar, puede existir mas de 1 opción. Las respuestas a la pregunta se codificaron en variables separadas para cada idioma. Esta variable corresponde al idioma QUECHUA.","¿QUÉ IDIOMAS O LENGUAS HABLA? - Quechua","Todos los miembros del hogar",""
2001,"persona","P322","Esta pregunta indaga por los idiomas o lengua que hablan los miembros del hogar, puede existir más de 1 opción. Las respuestas a la pregunta se codificaron en variables separadas para cada idioma. Esta variable corresponde al idioma AYMARÁ.","¿QUÉ IDIOMAS O LENGUAS HABLA? - Aymará","Todos los miembros del hogar",""
2001,"persona","P323","Esta pregunta indaga por los idiomas o lengua que hablan los miembros del hogar, puede existir más de 1 opción. Las respuestas a la pregunta se codificaron en variables separadas para cada idioma. Esta variable corresponde al idioma CASTELLANO.","¿QUÉ IDIOMAS O LENGUAS HABLA? - Castellano","Todos los miembros del hogar",""
2001,"persona","P324","Esta pregunta indaga por los idiomas o lengua que hablan los miembros del hogar, puede existir más de 1 opción. Las respuestas a la pregunta se codificaron en variables separadas para cada idioma. Esta variable corresponde al idioma GUARANÍ.","¿QUÉ IDIOMAS O LENGUAS HABLA? - Guaraní","Todos los miembros del hogar",""
2001,"persona","P325","Esta pregunta indaga por los idiomas o lengua que hablan los miembros del hogar, puede existir más de 1 opción. Las respuestas a la pregunta se codificaron en variables separadas para cada idioma. Esta variable corresponde al idioma EXTRANJERO.","¿QUÉ IDIOMAS O LENGUAS HABLA? - Extranjero","Todos los miembros del hogar",""
2001,"persona","P326","Esta pregunta indaga por los idiomas o lengua que hablan los miembros del hogar, puede existir mas de 1 opción. Las respuestas a la pregunta se codificaron en variables separadas para cada idioma. Esta variable corresponde a la opción NO HABLA.","¿QUÉ IDIOMAS O LENGUAS HABLA? - No habla","Todos los miembros del hogar",""
2001,"persona","P327","Esta pregunta indaga por los idiomas o lengua que hablan los miembros del hogar, puede existir mas de 1 opción. Las respuestas a la pregunta se codificaron en variables separadas para cada idioma. Esta variable corresponde a otro idioma nativo.","¿QUÉ IDIOMAS O LENGUAS HABLA? - Otro idioma nativo","Todos los miembros del hogar",""
2001,"persona","P33A","Lugar de residencia habitual de la persona empadronada. El lugar de residencia habitual de una persona es aquel al que la persona considera como tal.","¿DÓNDE VIVE HABITALMENTE? 1.Aquí, 2.En otro lugar del país, 3.En el exterior","Todos los miembros del hogar",""
2001,"persona","P34A","Esta variable especifica el lugar donde nació la persona empadronada.","¿DÓNDE NACIÓ? 1.Aquí, 2.En otro lugar del país, 3.En el exterior","Todos los miembros del hogar",""
2001,"persona","P34C","Año que la persona entrevistada llegó a Bolivia.","Año de llegada a Bolivia","Todos los miembros del hogar",""
2001,"persona","P35","Es el idioma o lengua en el cual cada persona integrante del hogar, aprendió a hablar en su niñez.","¿CUÁL ES EL IDIOMA O LENGUA EN EL QUE APRENDIÓ A HABLAR EN SU NIÑEZ? 1. Quechua, 2. Aymara, 3. Castellano, 4. Guaraní, 5. Otro nativo, 6. Extranjero,7. No habla","Para personas de 4 años o más de edad.",""
2001,"persona","P36","Pregunta para determinar si la persona lee y escribe. Permite conocer el nivel de alfabetismo y analfabetismo de la población.","¿SABE LEER Y ESCRIBIR? 1.Si. 2.No","Para personas de 4 años o más de edad.",""
2001,"persona","P37","Pregunta para conocer la asistencia e inasistencia escolar de la población.","ACTUALAMENTE ¿ASISITE A UNA ESCUELA O COLEGIO? 1.No asiste, 2.Si, a una pública, 3.Sí a una privada","Para personas de 4 años o más de edad.",""
2001,"persona","P38","Esta pregunta determina el nivel escolar al que asiste actualmente la persona empadronada.","¿A QUE NIVEL ASISTE ACTUALMENTE? 12.Educación Pre-escolar (Pre kínder - Kínder), 16.Primaria (Básico e intermedio), 17.Secundaria (Medio)","Para personas de 4 años o más de edad.",""
2001,"persona","P39NIV","Esta pregunta indaga acerca del máximo nivel y curso de instrucción alcanzado por la persona empadronada. No se refiere al curso y nivel que actualmente está cursando.","¿CUÁL FUE EL NIVEL O CURSO MÁS ALTO DE INSTRUCCIÓN QUE APROBÓ? 11.Ninguno, 12. Educación Pre-escolar (Pre Kínder-Kínder), 13.Básico, 14.Intermedio, 15.Medio, 16.Primaria actual, 17.Secundaria actual, 18.Universidad - Licenciatura, 19.Universidad - Técnico, 20.Normal, 21.Militar o Policial, 22.Técnico de Instituto, 23.Otro","Para personas de 4 años o más de edad.",""
2001,"persona","P40CUR","Pregunta orientada a indagar sobre el nivel o ciclo educativo escolar al que la persona asistió y el curso que aprobó, antes de ingresar a los niveles educativos que respondió en la anterior pregunta. Esta información permitirá analizar la secuencia de estudios y calcular los años de instrucción.","PARA INGRESAR A ESE NIVEL, ¿CUÁL FUE EL NIVEL O CURSO DE EDUCACIÓN ESCOLAR QUE APROBÓ?","Para personas de 4 años o más de edad.",""
2001,"persona","P40NIV","Pregunta orientada a indagar sobre el nivel o ciclo educativo escolar al que la persona asistió y el curso que aprobó, antes de ingresar a los niveles educativos que respondió en la anterior pregunta.","PARA INGRESAR A ESE NIVEL, ¿CUÁL FUE EL NIVEL O CURSO DE EDUCACIÓN ESCOLAR QUE APROBÓ? 11.Ninguno, 13.Básico, 14.Intermedio, 15.Medio, 16.Primaria actual, 17.Secundaria actual","Para personas de 4 años o más de edad.",""
2001,"persona","P41A","Se refiere al lugar donde vivía la persona entrevistada exactamente hace 5 años. Con esta pregunta se quiere conocer la migración reciente.","¿DÓNDE VIVIA HACE 5 AÑOS (1996)? 1.Aquí, 2.En otro lugar del país, 3.En el exterior, 4.Aún no nació","Para personas de 4 años o más de edad.",""
2001,"persona","P42","Se indaga si la persona entrevistada ha realizado durante la semana pasada alguna actividad u ocupación, para la producción o comercialización de bienes y/o prestación de servicios que tengan un valor económico en el mercado. A cambio de ese trabajo, la persona recibe una remuneración en dinero o especie.","DURANTE LA SEMANA PASADA ¿TRABAJÓ? 1.Sí, 2.No","Para personas de 7 años o más de edad.",""
2001,"persona","P43","El propósito de esta pregunta es identificar aquellas actividades a las que muchas personas no consideran TRABAJO, pero por definición, deben ser consideradas como tal.","DURANTE LA SEMANA PASADA 1.¿Tenía trabajo, pero no trabajó porque estuvo con licencia, vacación o por falta de materiales?, 2.¿Atendió o ayudó en los cultivos agrícolas o en la crianza de animales?, 3.¿Atendió o ayudó en algún negocio propio o familiar, 4.¿Realizó alguna actividad por ingreso?, 5.No trabajó.","Para personas de 7 años o más de edad.",""
2001,"persona","P44","Con esta pregunta se quiere identificar a las personas que no tienen trabajo o son cesantes.","DURANTE LA SEMANA PASADA, 1. ¿Buscó trabajo habiendo trabajado antes?, 2. ¿Buscó trabajo por primera vez?, 3. ¿Es estudiante?, 4. ¿Realizó labores de casa?, 5. ¿Es jubilado, pensionista o rentista?, 6. Otra","Para personas de 7 años o más de edad.",""
2001,"persona","P46","Indaga acerca de la categoría ocupacional de la persona empadronada. Las categorías ocupacionales distinguen la relación de dependencia de la persona respecto a un empleador.","EN ESA OCUPACIÓN, ¿USTED TRABAJO COMO… 3. Obrero o empleado?, 4. Trabajador por cuenta propia?, 5. Patrón socio o empleador?, 6. Cooperativista de producción?, 7. Trabajador familiar o aprendiz sin remuneración?","Para personas de 7 años o más de edad.",""
2001,"persona","P48","Indaga acerca del estado civil o conyugal actual de la persona empadronada.","¿CUÁL ES SU ESTADO CIVIL O CONYUGAL ACTUAL? 1.Soltero(a), 2.Casado(a), 3.Conviviente o concubino(a), 4.Separado(a), 5.Divorciado(a), 6.Viudo(a)","Personas de 15 años o más de edad.",""
2001,"persona","P491","Indaga acerca de los pueblos originarios o indígenas a los que pertenecen las personas empadronadas.","¿SE CONSIDERA PERTENECIENTE A ALGUNO DE LOS SIGUIENTES PUEBLOS ORIGINARIOS O INDÍGENAS… 1.Quechua, 2.Aymara, 3.Guaraní, 4.Chiquitano, 5.Mojeño, 6.Otro nativo, 7.Ninguno","Personas de 15 años o más de edad.",""
2001,"persona","P50","Indaga acerca del número de hijos(as) nacidos(as) vivos(as) que ha tenido la mujer.","EN TOTAL ¿CUÁNTAS HIJAS E HIJOS NACIDOS VIVOS HA TENIDO, INCLUYENDO FALLECIDOS O AUSENTES?","Personas de 15 años o más de edad.",""
2001,"persona","P51","Se indaga acerca del número de hijos(as) nacidos(as) vivos(as) que viven actualmente.","DE SUS HIJAS E HIJOS NACIDOS VIVOS, ¿CUÁNTOS VIVEN ACTUALMENTE?","Personas de 15 años o más de edad.",""
2001,"persona","P52","Se indaga acerca del número de hijos(as) nacidos(as) vivos(as) que han fallecido.","DE SUS HIJAS E HIJOS NACIDOS VIVOS, ¿CUÁNTOS FALLECIERON?","Personas de 15 años o más de edad.",""
2001,"persona","P53A","Se indaga por el año en el cual nació su último(a) hijo(a) nacido(a) vivo(a).","¿EN QUE AÑO NACIÓ SU ULTIMA HIJA O HIJO NACIDO VIVO?","Personas de 15 años o más de edad.",""
2001,"persona","P53M","Se indaga por el último mes en el cual nació su último(a) hijo(a) nacido(a) vivo(a).","¿EN QUE MES NACIÓ SU ULTIMA HIJA O HIJO NACIDO VIVO?","Personas de 15 años o más de edad.",""
2001,"persona","P54","Con esta pregunta se indaga dónde acudieron las mujeres para la atención de su último parto.","¿DÓNDE TUVO LUGAR ESE SU ÚLTIMO PARTO? 1.En un establecimiento de salud, 2.En un domicilio, 3.En otro lugar","Personas de 15 años o más de edad.",""
2001,"persona","P55","Con esta pregunta se indaga quién atendió a la mujer en su último parto.","¿QUIÉN ATENDIÓ SU PARTO? 1.Médico, 2.Enfermera o Auxiliar de enfermería, 3.Partera, 4.Usted misma, 5.Otra persona","Personas de 15 años o más de edad.",""
2001,"vivienda","V04","Esta variable busca clasificar el tipo de vivienda habitada por las personas entrevistadas. Existen dos categorías, que a la vez se dividen en sub categorías: VIVIENDA PARTICULAR: Vivienda destinada para ser habitada por un hogar. VIVIENDA COLECTIVA: Vivienda habitada por un grupo de personas, que viven en un régimen no familiar, sometidas a normas, objetivos o intereses comunes.","TIPO DE VIVIENDA 11. Casa/Choza/Pahuichi, 12. Departamento, 13. Cuarto(s) o habitación(es) suelta(s), 14. Vivienda improvisada o vivienda móvil, 15. Local no destinado para habitación, 16. Hotel/Residencial/Alojamiento 17. Hospital/Clínica, 18. Asilo/Orfelinato, 19. Convento o residencia religiosa, 20. Internado o residencia educativa, 21. Establecimiento militar o policial, 22. Cárcel/Establecimiento correccional, 23. Otra, 24.TRANSEUNTES Y PERSONAS QUE VIVEN EN LA CALLE","Todas las viviendas particulares y colectivas que se encuentran en el país.",""
2001,"vivienda","V05","Identifica viviendas ocupadas con ocupantes presentes o ausentes y viviendas desocupadas.","VIVIENDA OCUPADAS 1. Con habitantes presentes, 2. Con habitantes ausentes DESOCUPADAS 3. Para alquilar y/o vender, 4. En construcción o reparación, 5. Usada por temporada, 6. Abandonada","Todas las viviendas particulares y colectivas que se encuentran en el país.",""
2001,"vivienda","V06","Especifica el material de construcción que predomina en las PAREDES de la vivienda.","¿CUÁL ES EL MATERIAL DE CONSTUCCIÓN MÁS UTILIZADO EN LAS PAREDES DE ESTA VIVIENDA? 1.Ladrillo/Bloque de cemento/Hormigón, 2.Adobe/Tapial, 3.Tabique/Quinche, 4.Piedra, 5.Madera, 6.Caña/Palma/Tronco, 7.Otro","Todas las viviendas particulares, ocupadas, con habitantes presentes, que existen en el país.",""
2001,"vivienda","V07","Determina si las paredes interiores de la vivienda tienen REVOQUE.","¿LAS PAREDES INTERIORES DE ESTA VIVIENDA TIENEN REVOQUE? 7.Sí, 8.No","Todas las viviendas particulares, ocupadas, con habitantes presentes, que existen en el país.",""
2001,"vivienda","V08","Especifica el material de construcción que predomina en los TECHOS de la vivienda.","¿CUÁL ES EL MATERIAL MÁS UTILIZADO EN LOS TECHOS DE ESTA VIVIENDA? 1.Calamina o plancha, 2.Tejas (cemento/arcilla/fibrocemento), 3.Losa de hormigón armado, 4.Paja/Caña/Palma/Barro, 5.Otro","Todas las viviendas particulares, ocupadas, con habitantes presentes, que existen en el país.",""
2001,"vivienda","V09","Especifica el material de construcción que predomina en los PISOS de la vivienda.","¿CUÁL ES EL MATERIAL MÁS UTILIZADO EN LOS PISOS DE ESTA VIVIENDA? 1.Tierra, 2.Tablón de madera, 3.Machihembre/Parquet, 4.Alfombra/tapizón, 5.Cemento, 6.Mosaico/Baldosa/Cerámica, 7.Ladrillo, 8.Otro","Todas las viviendas particulares, ocupadas, con habitantes presentes, que existen en el país.",""
2001,"vivienda","V10","Indaga acerca de la procedencia del agua utilizada para beber y cocinar en la vivienda.","PRINCIPALMENTE ¿DE DÓNDE OBTIENE EL AGUA PARA BEBER Y COCINAR? 1.Cañería de red, 2.Pileta pública, 3.Carro repartidor (aguatero), 4.Pozo o noria con bomba, 5.Pozo o noria sin bomba, 6.Río/Vertiente/Acequia, 7.Lago/Laguna/Curiche, 8.Otra","Todas las viviendas particulares, ocupadas, con habitantes presentes, que existen en el país.",""
2001,"vivienda","V11","Indaga la forma en la que se distribuye el agua al interior de la vivienda.","¿EL AGUA PARA BEBER Y COCINAR SE DISTRIBUYE… 6. Por cañería dentro de la vivienda?, 7.Por cañería fuera de la vivienda pero dentro del lote o terreno?, 8.No se distribuye por cañería?","Todas las viviendas particulares, ocupadas, con habitantes presentes, que existen en el país.",""
2001,"vivienda","V12","Se indaga si la vivienda tiene o no tiene servicio sanitario.","¿TIENE BAÑO, WATER O LETRINA? 1.Si, 2.No","Todas las viviendas particulares, ocupadas, con habitantes presentes, que existen en el país.",""
2001,"vivienda","V13","Indaga si el baño del cual dispone la vivienda es de uso privado del hogar o compartido con otros hogares.","¿EL BAÑO, WATER O LETRINA ES… 3.Usado sólo por su hogar?, 4.Compartido con otros hogares?","Todas las viviendas particulares, ocupadas, con habitantes presentes, que existen en el país.",""
2001,"vivienda","V14","Esta pregunta permite investigar si la vivienda dispone de un adecuado sistema de eliminación de excretas.","¿EL BAÑO, WATER O LETRINA TIENE DESAGUE… 1. Al alcantarillado? , 2. A una cámara séptica?, 3. A un pozo ciego?, 4. A la superficie (calle/quebrada/río)?","Todas las viviendas particulares, ocupadas, con habitantes presentes, que existen en el país.",""
2001,"vivienda","V15","Esta pregunta indaga si el hogar cuenta con instalaciones de energía eléctrica.","¿USA ENERGÍA ELÉCTRICA PARA ALUMBRAR ESTA VIVIENDA? 5.Sí, 6.No","Todas las viviendas particulares, ocupadas, con habitantes presentes, que existen en el país.",""
2001,"vivienda","V16","Esta pregunta indaga acerca del tipo de combustible o energía que utiliza el hogar para cocinar/preparar sus alimentos.","PRINCIPALMENTE, ¿QUÉ TIPO DE COMBUSTIBLE O ENERGÍA UTILIZA PARA COCINAR? 1.Leña, 2.Guano/Bosta o taquia, 3.Kerosén, 4.Gas (garrafa o por cañería), 5.Electricidad, 6.Otro, 7.No utiliza","Todas las viviendas particulares, ocupadas, con habitantes presentes, que existen en el país.",""
2001,"vivienda","V17","Esta pregunta indaga si el hogar dispone de un espacio delimitado por paredes y techos, independiente y destinado exclusivamente para la preparación de alimentos y limpieza de los utensilios de cocina.","¿TIENE UN CUARTO SÓLO PARA COCINAR? 7.Sí, 8.No","Todas las viviendas particulares, ocupadas, con habitantes presentes, que existen en el país.",""
2001,"vivienda","V18","Indaga acerca de la cantidad de cuartos que ocupan en la vivienda, con el objetivo de ver la situación de hacinamiento del hogar.","¿CUÁNTOS CUARTOS O HABITACIONES OCUPA SU HOGAR, SIN CONTAR CUARTOS DE BAÑO Y COCINA? 1.Uno, 2.Dos, 3.Tres, 4.Cuatro, 5.Cinco, 6.Seis, 7.Siete, 8.Ocho o más","Todas las viviendas particulares, ocupadas, con habitantes presentes, que existen en el país.",""
2001,"vivienda","V19","Indaga acerca del número de dormitorios que ocupan en la vivienda, con el objetivo de ver la situación de hacinamiento del hogar.","DE ESTOS CUARTOS O HABITACIONES ¿CUÁNTOS SE UTILIZAN PARA DORMIR? 1.Uno, 2.Dos, 3.Tres, 4.Cuatro, 5.Cinco, 6.Seis, 7.Siete, 8.Ocho o más","Todas las viviendas particulares, ocupadas, con habitantes presentes, que existen en el país.",""
2001,"vivienda","V201","Con esta pregunta se indaga si el hogar posee o no cada uno de los siguientes bienes duraderos: - RADIO O EQUIPO DE SONIDO","¿USTEDES TIENEN RADIO O EQUIPO DE SONIDO?","Todas las viviendas particulares, ocupadas, con habitantes presentes, que existen en el país.",""
2001,"vivienda","V202","Con esta pregunta se indaga si el hogar posee o no cada uno de los siguientes bienes duraderos: - TELEVISOR","¿USTEDES TIENEN TELEVISOR?","Todas las viviendas particulares, ocupadas, con habitantes presentes, que existen en el país.",""
2001,"vivienda","V203","Con esta pregunta se indaga si el hogar posee o no cada uno de los siguientes bienes duraderos: - BICICLETA","¿USTEDES TIENEN BICICLETA?","Todas las viviendas particulares, ocupadas, con habitantes presentes, que existen en el país.",""
2001,"vivienda","V204","Con esta pregunta se indaga si el hogar posee o no cada uno de los siguientes bienes duraderos: - MOTOCICLETA","¿USTEDES TIENEN MOTOCICLETA?","Todas las viviendas particulares, ocupadas, con habitantes presentes, que existen en el país.",""
2001,"vivienda","V205","Con esta pregunta se indaga si el hogar posee o no cada uno de los siguientes bienes duraderos: - VEHÍCULO AUTOMOTOR","¿USTEDES TIENEN VEHÍCULO AUTOMOTOR?","Todas las viviendas particulares, ocupadas, con habitantes presentes, que existen en el país.",""
2001,"vivienda","V206","Con esta pregunta se indaga si el hogar posee o no cada uno de los siguientes bienes duraderos: - REFRIGERADOR","¿USTEDES TIENEN REFRIGERADOR?","Todas las viviendas particulares, ocupadas, con habitantes presentes, que existen en el país.",""
2001,"vivienda","V207","Con esta pregunta se indaga si el hogar posee o no cada uno de los siguientes bienes duraderos: - TELÉFONO","¿USTEDES TIENEN TELÉFONO?","Todas las viviendas particulares, ocupadas, con habitantes presentes, que existen en el país.",""
2001,"vivienda","V208","Con esta pregunta se indaga si el hogar posee o no cada uno de los siguientes bienes duraderos: - BOMBA ELÉCTRICA DE AGUA","¿USTEDES TIENEN BOMBA ELÉCTRICA DE AGUA?","Todas las viviendas particulares, ocupadas, con habitantes presentes, que existen en el país.",""
2001,"vivienda","V21","Esta pregunta indaga acerca de la condición de propiedad o tenencia de la vivienda que ocupada.","¿LA VIVIENDA QUE OCUPAN ES… 1. propia?, 2. alquilada?, 3. en contrato anticrético?, 4. en contrato mixto?, 5. cedida por servicios?, 6. prestada por parientes o amigos?, 7. otra?","Todas las viviendas particulares, ocupadas, con habitantes presentes, que existen en el país.",""
2001,"vivienda","V221","Con esta pregunta se indaga acerca del número de personas con discapacidad en la vivienda, como ser ciegas, sordomudas, paralíticas o que hayan sufrido alguna amputación.","EN ESTE HOGAR ¿CUÁNTAS PERSONAS SON CIEGAS?","Todas las viviendas particulares, ocupadas, con habitantes presentes, que existen en el país.",""
2001,"vivienda","V222","Con esta pregunta se indaga acerca del número de personas con discapacidad en la vivienda, como ser ciegas, sordomudas, paralíticas o que hayan sufrido alguna amputación.","EN ESTE HOGAR ¿CUÁNTAS PERSONAS SON SORDOMUDAS? 0.Ninguna, 1.1, 2.2, 3.3 o más","Todas las viviendas particulares, ocupadas, con habitantes presentes, que existen en el país.",""
2001,"vivienda","V223","Con esta pregunta se indaga acerca del número de personas con discapacidad en la vivienda, como ser ciegas, sordomudas, paralíticas o que hayan sufrido alguna amputación.","EN ESTE HOGAR ¿CUÁNTAS PERSONAS SON PARALÍTICAS Y/O TIENEN AMPUTADO ALGÚN BRAZO O PIERNA? 0.Ninguna, 1.1, 2.2, 3.3 o más","Todas las viviendas particulares, ocupadas, con habitantes presentes, que existen en el país.",""
2001,"vivienda","V23","Con esta pregunta se indaga si durante el año 2000 murió alguna persona que viviá con las personas de la vivienda.","DURANTE EL AÑO 2000 ¿MURIÓ ALGUNA PERSONA QUE VIVÍA CON USTEDES? 1.Si, 2.No","Todas las viviendas particulares, ocupadas, con habitantes presentes, que existen en el país.",""
2001,"vivienda","V24","Con esta pregunta se busca determinar si la persona que murió era mujer de 15 o más años.","ESTA PERSONA, ¿ERA MUJER DE 15 O MÁS AÑOS DE EDAD? 1.Si, 2.No","Todas las viviendas particulares, ocupadas, con habitantes presentes, que existen en el país.",""
2001,"vivienda","V25","En en caso de haberse respondido afirmativamente a la pregunta anterior, esta pregunta indaga las causas del fallecimiento. Con esta variable se obtiene información sobre la mortalidad materna.","¿SU FALLECIMIENTO SE PRODUJO… 3. estando embarazada?, 4. dando a luz?, 5. hasta los dos meses después de haber dado a luz?, 6. otros?","Todas las viviendas particulares, ocupadas, con habitantes presentes, que existen en el país.",""
2001,"vivienda","V26","Con esta pregunta se averigua la edad que tenía la mujer en el momento de su deceso.","¿QUÉ EDAD TENÍA CUANDO FALLECIÓ?","Todas las viviendas particulares, ocupadas, con habitantes presentes, que existen en el país.",""
2012,"discapacidad","P22D","Edad del miembro del hogar con alguna dificultad permanente","Edad","Todos los miembros del hogar",""
2012,"discapacidad","P22E","Sexo del miembro del hogar con alguna dificultad permanente","La persona es: Mujer Hombre","Todos los miembros del hogar",""
2012,"discapacidad","P22F1","Dificultad permanente para ver, aun si usa anteojos o lentes por parte de algun miembro del hogar","La dificultad permanente es para... ver, aún si usa anteojos o lentes?","Todos los miembros del hogar",""
2012,"discapacidad","P22F3","Dificultad permanente para hablar, comunicarse o conversar por parte de algun miembro del hogar","La dificultad permanente es para... hablar, comunicarse o conversar?","Todos los miembros del hogar",""
2012,"discapacidad","P22F4","Dificultad permanente para caminar o subir escalones por parte de algun miembro del hogar","La dificultad permanente es para... caminar o subir escalones?","Todos los miembros del hogar",""
2012,"discapacidad","P22F5","Dificultad permanente para recordar o concentrarse por parte de algun miembro del hogar","La dificultad permanente es para... recordar o concentrarse?","Todos los miembros del hogar",""
2012,"emigracion","P20E","Condición biológica que distingue a las personas en hombres y mujeres.","La persona es: (1)Mujer, (2)Hombre","Todos los miembros del hogar",""
2012,"emigracion","P20F","El año en el algún integrante del hogar se fue a vivir a otro país, tomando en cuenta del año 2001","Año de salida del país","Todos los miembros del hogar",""
2012,"emigracion","P20G","Edad de algún integrante del hogar se fue a vivir a otro país, tomando en cuenta del año 2001","A qué edad se fue","Todos los miembros del hogar",""
2012,"emigracion","P20J","Nombre del país en el que algún integrante del hogar se fue a vivir a otro país, tomando en cuenta del año 2001","País donde vive Actualmente","Todos los miembros del hogar",""
2012,"persona","P23","La jefa o jefe del hogar es la persona reconocida como tal por los demás miembros del hogar, sin considerar el sexo, la edad o el ingreso que perciba. En la boleta censal, la pregunta sobre la relación de parentesco se refiere a la relación que existe entre la jefa o jefe de hogar y cada uno de los miembros presentes en la vivienda en el momento del Censo.","¿Qué relación o parentesco tiene con la jefa o jefe del hogar? (1) Jefa o jefe del hogar, (2) Esposo/a, conviviente o concubino/a; (3) Hija o hijo; (4) Nuera o Yerno, (5) Nieta o nieto, (6) Hermana/o o cuñada/o, (7) Padre, madre, suegra/o, (8) Otro pariente, (9) Trabajador/a del hogar, (10) Otro no pariente, (11) Persona en vivienda colectiva","Todos los miembros del hogar",""
2012,"persona","P24","Condición biológica que distingue a las personas en hombres y mujeres.","¿Es mujer o hombre? (1) Mujer, (2) Hombre","Todos los miembros del hogar",""
2012,"persona","P25","Años cumplidos que tiene la persona desde la fecha del nacimiento hasta el momento del empadronamiento.","¿Cuantos años cumplidos tiene?","Todos los miembros del hogar",""
2012,"persona","P26","Es un grupo administrativo o servicio público, encargado de dejar constancia de los hechos o actos relativos al estado civil de las personas físicas, así como otros que las leyes le encomienden.","¿Su nacimiento está inscrito en el registro civil o cívico? (1) Si, (2) No","Todos los miembros del hogar",""
2012,"persona","P27","Se indaga si los miembros del hogar tiene carnet o cédula de identidad","27. ¿Tiene carnet o cédula de identidad? (1) Si, (2) No","Todos los miembros del hogar",""
2012,"persona","P28A","Lugar donde acuden las personas cuando tienen problemas de salud.","Cuando tiene problemas de salud, ¿acude a caja de salud (CNS, COSSMIL, u otras)? (1) Si, (2) No","Todos los miembros del hogar",""
2012,"persona","P28B","Lugar donde acuden las personas cuando tienen problemas de salud.","Cuando tiene problemas de salud, ¿acude a seguro de salud privado? (1) Si, (2) No","Todos los miembros del hogar",""
2012,"persona","P28C","Lugar donde acuden las personas cuando tienen problemas de salud.","Cuando tiene problemas de salud, ¿acude a establecimiento de salud público? (1) Si, (2) No","Todos los miembros del hogar",""
2012,"persona","P28D","Lugar donde acuden las personas cuando tienen problemas de salud.","Cuando tiene problemas de salud, ¿acude a establecimiento de salud privado? (1) Si, (2) No","Todos los miembros del hogar",""
2012,"persona","P28E","Lugar donde acuden las personas cuando tienen problemas de salud.","Cuando tiene problemas de salud, ¿acude a médico tradicional? (1) Si, (2) No","Todos los miembros del hogar",""
2012,"persona","P28F","Lugar donde acuden las personas cuando tienen problemas de salud.","Cuando tiene problemas de salud, ¿acude a soluciones caseras? (1) Si, (2) No","Todos los miembros del hogar",""
2012,"persona","P28G","Lugar donde acuden las personas cuando tienen problemas de salud.","Cuando tiene problemas de salud, ¿acude a la farmacia o se automedica? (1) Si, (2) No","Todos los miembros del hogar",""
2012,"persona","P30B","Se refiere al primer idioma que aprendio a hablar","¿Cuál es el primer idioma que aprendió a hablar en su niñez?","Todos los miembros del hogar",""
2012,"persona","P31B1","Se indaga sobre los idiomas que habla, según al orden de importancia en el caso que hablara más de un idioma","¿Qué idiomas habla?","Todos los miembros del hogar",""
2012,"persona","P32A","Se refiere al lugar de nacimiento del entrevistado","¿Donde nació? (1)Aqui, (2) En otro lugar del país (3) En el exterior","Todos los miembros del hogar",""
2012,"persona","P32J","Nombre del departamento donde nació el entrevistado","Departamento de donde vivie habitualmente","Todos los miembros del hogar",""
2012,"persona","P33A","Nombre de la ciudad o comunidad donde vive actualmente el entrevistado","¿Dónde vive actualmente? (1) Aqui, (2) En otro lugar del país (3) En el exterior","Todos los miembros del hogar",""
2012,"persona","P33H","El lugar de residencia habitual se refiere al lugar geográfico en que la persona censada reside habitualmente. El lugar de residencia habitual puede coincidir o no con el lugar de presencia de la persona en el momento del empadronamiento.","Departamento","Todos los miembros del hogar",""
2012,"persona","P34A","Se refiere al lugar geográfico en que la persona censada residía habitualmente en el año 2007. El lugar de residencia habitual cinco años antes del Censo puede coincidir o no con el lugar de presencia de la persona en el momento del empadronamiento.","¿Dónde vivia hace cinco años? (1) Aqui, (2) En otro lugar del país (3) En el exterior","Todos los miembros del hogar",""
2012,"persona","P34H","Se refiere al lugar geográfico en que la persona censada residía habitualmente en el año 2007. El lugar de residencia habitual cinco años antes del Censo puede coincidir o no con el lugar de presencia de la persona en el momento del empadronamiento.","¿Dónde vivia hace cinco años?","Todos los miembros del hogar",""
2012,"persona","P35","La presencia o ausencia de esta competencia (leer y escribir) permite investigar el alfabetismo de la población, la cual se define como la aptitud de las personas para leer y escribir.","¿Sabe leer y escribir? (1) Si, (2) No","Todos los miembros del hogar",""
2012,"persona","P36","Asistencia o inasistencia a un centro educativo","Actualmente, ¿asiste a una escuela o colegio? (1) Sí, a una pública, (2) Sí, a una privada, (3) Sí, a una de convenio, (4) No asiste","Todos los miembros del hogar",""
2012,"persona","P37A_NIVELNUE","El nivel y curso más alto de instrucción aprobado permite obtener el nivel de estudios alcanzado por una persona hasta la fecha del censo.","¿Cuál fue el nivel y curso más alto de instrucción que aprobó? (1) Ninguno, (2) Curso de alfabetización, (3) Inicial (Pre kínder, kínder), (4) Básico (1 a 5 años), (5) Intermedio (1 a 3 años), (6) Medio (1 a 4 años), (7) Primaria (1 a 8 años), (8) Secundaria (1 a 4 años), (9) Primaria (1 a 6 años), (10) Secundaria (1 a 6 años), (11) Técnico universitario, (12) Licenciatura, (13) Maestría, (14) Doctorado, (15) Normal Superior, (16) Militar o Policial, (17) Técnico de Instituto, (18) Otro","Todos los miembros del hogar",""
2012,"persona","P42","Se entiende por ocupación, trabajo u oficio principal a la clase de trabajo que realizó la persona ocupada la semana anterior al día del Censo.","¿Cuál fue su ocupación, trabajo u oficio principal durante la semana pasada?","Todos los miembros del hogar",""
2012,"persona","P43","Con esta pregunta se busca conocer la relación del trabajador con su empleo, es decir, la forma que tiene de insertarse en el mercado laboral.","En esa ocupación, ¿usted trabajó como... (1) obrera/o o empleada/o?, (2) trabajadora/or por cuenta propia?, (3) empleadora/or o socia/o, (4) trabajadora/or familiar o aprendiz sin remuneración?, (5) trabajadora/or del hogar?, (6) cooperativista de producción/servicios?","Todos los miembros del hogar",""
2012,"persona","P44","Se entiende por rama de actividad económica a la actividad del establecimiento en la cual trabajó una persona económicamente activa durante la semana anterior al día del Censo.","¿Qué produce, vende o a que actividad económica se dedica principalmente el lugar o establecimiento donde trabaja?","Todos los miembros del hogar",""
2012,"persona","P45","Es la situación personal en que se encuentra o no una persona física en relación a otra, con quien se crean lazos jurídicamente reconocidos sin que sea su pariente, constituyendo con ella una institución familiar, y adquiriendo derechos y deberes al respecto.","45. ¿Cuál es su estado civil o conjugal? (1) Soltera/o (2) Casada/o, (3) Conviviente o concubina/o, (4) Separada/o, (5) Divorsiada/o, (6) Viuda/o","Todos los miembros del hogar",""
2012,"vivienda","P01","Vivienda es todo local o recinto estructuralmente separado e independiente que ha sido construido, convertido o dispuesto para fines de alojamiento permanente o temporal de una o más personas. La vivienda debe tener acceso directo desde espacios públicos (plazas, calles, avenidas, etc.) o desde espacios de uso común (pasillos, patios, escaleras), sin atravesar otra vivienda.","Tipo de vivienda (Marque por observación) Particular: (1) Casa/choza/pahuichi, (2) departamento, (3) Cuarto(s) o habitación(es) suelta(s),(4) Vivienda improvisada, (5) Local no destinado para vivienda Colectiva:(6) Vivienda colectiva (Hoteles, hospitales, asilos, cuarteles y otros) Sin vivienda: (7) En tránsito, (8) Persona que vive en la calle","Viviendas",""
2012,"vivienda","P02","Condición de ocupación de las viviendas particulares que pueden ser ocupadas o desocupadas.","La vivienda está...(Marque por observación) Viviendas ocupadas: (1) ocupada con personas presentes; (2) ocupada con personas temporalmente ausentes. Viviendas desocupadas: (3) para alquilar y/o vender; (4) en construcción o reparación, (5) abandonada Luego de confirmar con los vecinos que en la viviensa no existen ocupantes presentes, pase a la siguiente vivienda.","Viviendas",""
2012,"vivienda","P03","La información sobre los materiales de construcción más utilizados en los elementos de la vivienda proporciona una base muy útil para el estudio del parque de viviendas y las condiciones habitacionales de la población.","¿Cuál es el material de construcción más utilizado en las paredes exteriores de esta vivienda? (1) bloque de cemento, hormigón, (2) Adobe, tapial, (3) Tabique, quinche, (4) Piedra, (5) Madera, (6) Caña, palma, tronco, (7) Otro","Viviendas",""
2012,"vivienda","P04","La información sobre los materiales de construcción más utilizados en los elementos de la vivienda proporciona una base muy útil para el estudio del parque de viviendas y las condiciones habitacionales de la población.","¿Las paredes interiores de esta vivienda tienen revoque? (1) Si, (2) No","Viviendas",""
2012,"vivienda","P05","La información sobre los materiales de construcción más utilizados en los elementos de la vivienda proporciona una base muy útil para el estudio del parque de viviendas y las condiciones habitacionales de la población.","¿Cuál es el material más utilizado en los techos de esta vivienda? (1) Calamina o plancha metálica, (2) teja de arcilla de cemento, fibrocemento (3) Losa de hormigón armado (4) Paja, palma, caña, barro (5) Otro","Viviendas",""
2012,"vivienda","P06","La información sobre los materiales de construcción más utilizados en los elementos de la vivienda proporciona una base muy útil para el estudio del parque de viviendas y las condiciones habitacionales de la población.","¿Cuál es el material más utilizado en los pisos de esta vivienda? (1) Tierra, (2) Tablón de madera, (3) Machihembre (4) Parquet, (5) Cerámica (6) Cemento, (7) Mosaico, baldosa, (8)Ladrillo (9) Otro","Viviendas",""
2012,"vivienda","P07","El sistema de abastecimiento de agua está relacionado con la protección del líquido elemento contra las impurezas y la contaminación.","Principalmente, ¿el agua que usan en la vivienda proviene de … (1) cañería de red?, (2) pileta pública?, (3) carro repartidor (aguatero)?, (4) pozo o noria con bomba?, (5) pozo o noria sin bomba?, (6) lluvia, río, vertiente, acequia?, (7) lago, laguna, curichi?","Viviendas",""
2012,"vivienda","P08","La distribución del agua en la vivienda permite investigar la accesibilidad del hogar para con el agua que utiliza, así como una aproximación a la calidad del agua del hogar.","¿El agua que usan en la vivienda se distribuye … (1) por cañería dentro de la vivienda? (2) por cañería fuera de la vivienda pero dentro del lote o terreno? (3) por cañería fuera de la vivienda y del lote o terreno? (4) no se distribuye por cañería?","Viviendas",""
2012,"vivienda","P09","La disponibilidad de servicio sanitario está estrechamente relacionada con el saneamiento básico y el medioambiente.","¿Tiene servicio sanitario, baño o letrina? (1) Sí, de uso privado, (2) Sí, de uso compartido, (3) No tiene","Viviendas",""
2012,"vivienda","P10","La forma de eliminación de aguas servidas está relacionada con la disponibilidad de servicio sanitario, baño o letrina.","¿El servicio sanitario, baño o letrina tiene desagüe... (1) al alcantarillado?, (2) a una cámara séptica?, (3) a un pozo ciego?, (4) a la calle? (5) a la quebrada, río?, (1) a un lago, laguna, curichi?","Viviendas",""
2012,"vivienda","P11","La energía eléctrica es considerada como uno de los servicios básicos de la vivienda.","¿Tienen energía eléctrica que proviene de… (1) red de empresa eléctrica (servicio público)?, (2) motor propio?, (3) panel solar?, (4) otra?, (5) no tiene?","Viviendas",""
2012,"vivienda","P12","El principal combustible o energía utilizada para cocinar también tiene relación con el medioambiente.","¿Cuál es el principal combustible o energía que utilizan para cocinar? (1) Gas domiciliario (por cañería) , (2) Gas en garrafa (3) Electricidad (4) Energía solar, (5) Leña, (6) Guano, bosta o taquia, (7) Otro, (8) No cocina","Viviendas",""
2012,"vivienda","P13","La disponibilidad de cocina se relaciona con las condiciones de habitabilidad de la vivienda.","¿Tiene un cuarto sólo para cocinar? (1) Si, (2) No","Viviendas",""
2012,"vivienda","P14","El número de habitaciones de la vivienda está relacionado con las condiciones de habitabilidad de la misma. En el Censo, un cuarto o habitación, es todo ambiente con una superficie suficiente para dar cabida a una cama o catre para un adulto.","¿Cuántos cuartos o habitaciones ocupa su hogar, sin contar cuartos de baño y de cocina?","Viviendas",""
2012,"vivienda","P15","El número de dormitorios de la vivienda también está relacionado con las condiciones de habitabilidad de la vivienda.","Del total de cuartos o habitaciones ¿cuántos se utilizan sólo para dormir?","Viviendas",""
2012,"vivienda","P16","La eliminación de la basura se refiere a la eliminación de los desechos sólidos.","¿Cómo eliminan principalmente la basura? (1) La depositan en el basurero público o contenedor, (2) Utilizan el servicio público de recolección (carro basurero), (3) La botan en un terreno baldío o en la calle, (4) La bota al río, (5) La quema, (6) La entierra (7) Otra forma","Viviendas",""
2012,"vivienda","P17A","La tenencia, disposición y/o acceso a Tecnologías de la Información y la Comunicación en los hogares.","¿Este hogar tiene radio? (1) Si, (2) No","Viviendas",""
2012,"vivienda","P17B","La tenencia, disposición y/o acceso a Tecnologías de la Información y la Comunicación en los hogares.","¿Este hogar tiene televisor? (1) Si, (2) No","Viviendas",""
2012,"vivienda","P17C","La tenencia, disposición y/o acceso a Tecnologías de la Información y la Comunicación en los hogares.","¿Este hogar tiene computadora? (1) Si, (2) No","Viviendas",""
2012,"vivienda","P17D","La tenencia, disposición y/o acceso a Tecnologías de la Información y la Comunicación en los hogares.","¿Este hogar tiene servicio de internet? (1) Si, (2) No","Viviendas",""
2012,"vivienda","P17E","La tenencia, disposición y/o acceso a Tecnologías de la Información y la Comunicación en los hogares.","¿Este hogar tiene servicio de telefonía fija o celular? (1) Si, (2) No","Viviendas",""
2012,"vivienda","P18A","La disponibilidad de los medios de transporte que posee el hogar.","¿Este hogar tiene vehículo automotor? (1) Si, (2) No","Viviendas",""
2012,"vivienda","P18B","La disponibilidad de los medios de transporte que posee el hogar.","¿Este hogar tiene bicicleta? (1) Si, (2) No","Viviendas",""
2012,"vivienda","P18C","La disponibilidad de los medios de transporte que posee el hogar","¿Este hogar tiene motocicleta o cuadratrac? (1) Si, (2) No","Viviendas",""
2012,"vivienda","P18D","La disponibilidad de los medios de transporte que posee el hogar","¿Este hogar tiene carreta o carretón? (1) Si, (2) No","Viviendas",""
2012,"vivienda","P18E","La disponibilidad de los medios de transporte que posee el hogar","¿Este hogar tiene deslizador, balsa, canoa o bote? (1) Si, (2) No","Viviendas",""
2012,"vivienda","P19","Se refiere a la relación que existe entre los residentes y la propiedad de la vivienda, sin referencia al terreno en el cual está ubicada la misma.","¿La vivienda que ocupa este hogar es … (1) propia?, (2) alquilada?, (3) en contrato anticrético?, (4) en contrato anticrético y alquiler?, (5) cedida por servicios?, (6) prestada por parientes o amigos?, (7) otra?","Viviendas",""
2024,"emigracion","e203_sexo","Esta pregunta se refiere al sexo de la persona que vivía en ese hogar, pero que emigro o salió fuera del país a residir a otro.","3. La persona es: 1 Hombre 2 Mujer","Todas las personas que actualmente viven en otro país de forma temporal o permanente que antes vivían en el territorio nacional en viviendas particulares con personas presentes.",""
2024,"emigracion","e204_ansal","Esta pregunta se refiere al año en el que la persona emigro o salió fuera del país a residir a otro, el año se encuentra entre el 1924 hasta la realización del censo.","4.¿ En qué año salió del País?","Todas las personas que actualmente viven en otro país de forma temporal o permanente que antes vivían en el territorio nacional en viviendas particulares con personas presentes.",""
2024,"emigracion","e205_edad","Esta pregunta se refiere a la edad que la persona tenía al momento de emigrar o salir fuera del país","5. ¿A qué edad se fue?","Personas que vivian en el hogar, pero que actualmente viven en otro país de forma temporal o permanente.",""
2024,"emigracion","i00","Es el número que corresponde a una determinada vivienda donde se realizo el empadronamiento.","Nro. de vivienda","",""
2024,"emigracion","idep","Corresponde al código que identifica al departamento de Bolivia donde se llenó el cuestionario censal. Un departamento es un espacio geográfico y es la unidad territorial de mayor jerarquía y la base de la organización territorial del Estado Plurinacional de Bolivia. Cada uno de los nueve (9) departamentos del país constituye una entidad autónoma con un gobierno propio, y está conformado por provincias, municipios y/o Territorios Indígena Originario Campesinos (TIOCs).","","",""
2024,"emigracion","imun","Corresponde al código que identfica al municipio o territorio indígena originario campesino donde se llenó el cuestionario censal. EL municipio/TIOC es un espacio geográfico y son unidades territoriales básicas del Estado boliviano. Bolivia cuenta con trescientos cuarenta y tres (343) municipios/TIOCs: - El municipio es la unidad administrativa y política básica del país, conformada por una o varias comunidades y/o centros poblados. Bolivia cuenta con trecientos treinta y cinco (335) municipios en el país. - El TIOC es un espacio geográfico, donde una o varias naciones o pueblos indígenas ejercen su autogobierno y su derecho a la libre determinación. Bolivia cuenta con ocho (8) TIOCs. Código al cual corresponde el municipio o territorio indígena originario campesino de residencia de la persona informante, dentro de cada provincia.","","",""
2024,"emigracion","iprov","Corresponde al código que identifica la provincia de Bolivia donde se llenó el cuestionario censal. La provincia es un espacio geográfico y es la unidad territorial que se encuentra dentro de un departamento. A diferencia del departamento y del municipio, la provincia no posee autonomía y su función principal es servir como un nivel intermedio de organización. Bolivia cuenta con un total de ciento doce provincias (112).","","",""
2024,"emigracion","pais_destino_cod","Esta pregunta se refiere al nombre del país donde reside actualmente la persona que salió de territorio nacional","20.2. ¿En qué país vive actualmente?","Todas las personas que actualmente viven en otro país de forma temporal o permanente que antes vivían en el territorio nacional en viviendas particulares con personas presentes.",""
2024,"mortalidad","i00","Es el número que corresponde a una determinada vivienda donde se realizo el empadronamiento.","Nro. de vivienda","",""
2024,"mortalidad","idep","Corresponde al código que identifica al departamento de Bolivia donde se llenó el cuestionario censal. Un departamento es un espacio geográfico y es la unidad territorial de mayor jerarquía y la base de la organización territorial del Estado Plurinacional de Bolivia. Cada uno de los nueve (9) departamentos del país constituye una entidad autónoma con un gobierno propio, y está conformado por provincias, municipios y/o Territorios Indígena Originario Campesinos (TIOCs).","","",""
2024,"mortalidad","imun","Corresponde al código que identfica al municipio o territorio indígena originario campesino donde se llenó el cuestionario censal. EL municipio/TIOC es un espacio geográfico y son unidades territoriales básicas del Estado boliviano. Bolivia cuenta con trescientos cuarenta y tres (343) municipios/TIOCs: - El municipio es la unidad administrativa y política básica del país, conformada por una o varias comunidades y/o centros poblados. Bolivia cuenta con trecientos treinta y cinco (335) municipios en el país. - El TIOC es un espacio geográfico, donde una o varias naciones o pueblos indígenas ejercen su autogobierno y su derecho a la libre determinación. Bolivia cuenta con ocho (8) TIOCs. Código al cual corresponde el municipio o territorio indígena originario campesino de residencia de la persona informante, dentro de cada provincia.","","",""
2024,"mortalidad","iprov","Corresponde al código que identifica la provincia de Bolivia donde se llenó el cuestionario censal. La provincia es un espacio geográfico y es la unidad territorial que se encuentra dentro de un departamento. A diferencia del departamento y del municipio, la provincia no posee autonomía y su función principal es servir como un nivel intermedio de organización. Bolivia cuenta con un total de ciento doce provincias (112).","","",""
2024,"mortalidad","m212a_mes","Esta pregunta se refiere al mes en el que falleció la persona que vivía en ese hogar, cuyo año de fallecimiento se encuentra entre el 2019 y 2024.","2 ¿En qué mes y año falleció? (mes)","Todas las personas fallecidas entre los años 2019 y 2024 que vivían en viviendas particulares con personas presentes",""
2024,"mortalidad","m212b_an","Esta pregunta se refiere al año en el que falleció la persona que vivía en ese hogar, el año se encuentra entre el 2019 y 2024.","2 ¿En qué mes y año falleció? (año)","Todas las personas fallecidas entre los años 2019 y 2024 que vivían en viviendas particulares con personas presentes",""
2024,"mortalidad","m213_edad","Esta pregunta se refiere a la edad que tuvo la persona al momento de fallecer y que vivía en ese hogar.","3 ¿Qué edad tenia al morir? ANOTE ""0"" PARA MENORES DE 1 AÑO","Todas las personas fallecidas entre los años 2019 y 2024 que vivían en viviendas particulares con personas presentes",""
2024,"mortalidad","m214_cov","Esta pregunta se refiere si la persona falleció por motivo de COVID-19 , si falleció por tal motivo el año se encuentra entre el 2020 y 2024.","4. ¿Murió a causa de COVID-19? 1.Sí 2. No","Todas las personas fallecidas entre los años 2019 y 2024 que vivían en viviendas particulares con personas presentes",""
2024,"mortalidad","m215_sexo","Esta pregunta se refiere al sexo de la persona fallecida por cualquier motivo.","5 ¿La persona era? 1. Mujer 2. Hombre","Todas las personas fallecidas entre los años 2019 y 2024 que vivían en viviendas particulares con personas presentes",""
2024,"mortalidad","m216_parto","Esta pregunta se refiere a mujeres de 12 años o más de edad que fallecieron por motivos relacionados a embarazo, parto o sobreparto u otras causas relacionadas.","6. Murió por alguna causa relacionada con: 1. Embarazo, parto o sobreparto (hasta 2 meses después del parto) 2. Otra causa","Todas las personas fallecidas entre los años 2019 y 2024 que vivían en viviendas particulares con personas presentes",""
2024,"persona","act_eco_2d_13","Esta variable derivada se refiere a la clasificación de la población ocupada en los diferentes sectores de la actividad económica. Describe al tipo de producción o actividad del establecimiento o unidad donde la persona tiene su trabajo. Se utiliza la Clasificación de Actividades Económicas de Bolivia (CAEB 2022) que toma las recomendaciones de la Clasificación internacional Industrial Uniforme (CIIU), información a dos dígitos (sección). La variable está conforme a las definiciones de ocupación establecida en la décimo tercera Conferencia de Estadísticos del Trabajo (13°CIET).","51. Principalmente, ¿qué produce, vende o a qué actividad se dedica el lugar o establecimiento donde trabaja?","Personas de 7 años o más de edad. No incluye a la población que reside habitualmente en el exterior y no declararon en las preguntas de condición de actividad.","Variable derivada de la pregunta P51 (actividad económica codificada) que corresponde a la clasificación de la población ocupada de acuerdo a la Clasificación de Actividades Económicas de Bolivia (CAEB 2022). La población ocupada incluye aquellas personas que respondieron autoconsumo en la pregunta P46 y a pasantes o aprendices sin recibir pago en la pregunta P48, conforme a las definiciones de ocupación establecida en la décimo tercera Conferencia de Estadísticos del Trabajo (13°CIET)."
2024,"persona","act_eco_2d_19","Esta variable derivada proporciona información sobre la población ocupada en los diferentes sectores de la actividad económica. Se refiere al tipo de producción o actividad del establecimiento o unidad donde la persona tiene su trabajo, para la clasificación se utiliza la Clasificación de Actividades Económicas de Bolivia (CAEB) que toma las recomendaciones de la Clasificación internacional Industrial Uniforme (CIIU), información a dos dígitos. Variable de acuerdo a las definiciones de la décimo novena Conferencia Internacional de Estadísticos del Trabajo (CIET 19°).","","Solo para personas de 7 años o más. No incluye a las personas que residen habitualmente en el exterior y que no declararon en las preguntas de residencia habitual ni condición de actividad.","Variable derivada de la pregunta P51 (actividad económica), que corresponde a la agrupación de la población ocupada de acuerdo a la Clasificación de Actividades Económicas de Bolivia (CAEB2022) a dos dígitos (sección), según las definiciones de la décimo novena Conferencia de Estadísticos del Trabajo (19° CIET)."
2024,"persona","aestudio","Esta variable derivada se refiere a la cantidad total de años de estudio que la persona ha aprobado.","","Personas de 19 años o más de edad. No incluye a la población que reside habitualmente en el exterior y no declararon en la(s) pregunta(s).","Variable derivada a partir de las variables P41A_NIVEL_ACT “Nivel educativo alcanzado: sistema actual” y P41B_CURSO_ACT “Curso o año aprobado: sistema actual”."
2024,"persona","asiste","Variable derivada que se refiere a la condición de asistencia actual de la persona a un centro o establecimiento educativo.","","Para todas las personas. No incluye a la población que reside habitualmente en el exterior y no declararon en la(s) pregunta(s).","Variable derivada de la pregunta 38 “Actualmente, asiste como estudiante a:”. Agrupa la asistencia en dos categorías: 1. Sí (categoría 1 al 7 de la pregunta 38) y 2. No (categoría 8 de la pregunta 38)."
2024,"persona","condact_13","Esta variable derivada se refiere a la situación que distingue a la población en edad activa de acuerdo con su participación en el mercado de trabajo y la clasifica en población económicamente activa (población ocupada y desocupada) y población económicamente inactiva durante un determinado periodo de referencia de acuerdo con las definiciones de la décimo tercera Conferencia Internacional de Estadísticos del Trabajo (13° CIET).","","Personas de 7 años o más de edad. No incluye a la población que reside habitualmente en el exterior y no declararon en las preguntas de condición de actividad.","Variable derivada de las preguntas (P43 a P48) para la clasificación de la condición de actividad en población económicamente activa (población ocupada y desocupada) y población económicamente inactiva durante un determinado periodo de referencia. La población ocupada incluye aquellas personas que respondieron autoconsumo en la pregunta P46 y a pasantes o aprendices sin recibir pago en la pregunta P48. La variable está conforme a las definiciones de la décimo tercera Conferencia de Estadísticos del Trabajo (13°CIET)."
2024,"persona","condact_19","Esta variable derivada se refiere a la determinación de la condición de actividad de la población en edad activa de acuerdo con su participación en el mercado de trabajo y la clasifica en la fuerza de trabajo (población ocupada y desocupada) y población fuera de la fuerza de trabajo durante un determinado periodo de referencia. La variable está de acuerdo a las definiciones de la décimo novena Conferencia Internacional de Estadísticos del Trabajo (19° CIET).","","Personas de 7 años o más de edad. No incluye a la población que reside habitualmente en el exterior y no declararon en las preguntas de condición de actividad.","Variable derivada utilizando las preguntas (P43 a P48) para la clasificación de la condición de actividad dentro de la fuerza de trabajo (población ocupada y desocupada) y población fuera de la fuerza de trabajo (inactiva) durante un determinado periodo de referencia."
2024,"persona","dep_lab_cod","Se refiere al departamento (entidades subnacionales mayores del país en las que se subdivide el territorio del Estado Plurinacional de Bolivia) derivada de la declaración de la persona en la pregunta 52, opción 3 (municipio donde trabaja).","","Personas de 7 años o más de edad.","Variable derivada, codificación de departamento donde trabaja."
2024,"persona","dep_nac_cod","Esta variable derivada se refiere al departamento (entidades subnacionales mayores del país en las que se subdivide el territorio del Estado Plurinacional de Boliva) de nacimiento de una persona. Cabe aclarar que el lugar de nacimiento no es sinónimo de lugar de residencia.","","Todas las personas.","Variable derivada de la pregunta P35_LUGNAC. Esta variable asigna el código de departamento de boleta (IDEP) a las personas que declararon en la opción de respuesta 1 y asigna el código de departamento de la subpregunta P35J_DEPTOCOD a las personas que declararon en la opción de respuesta 2."
2024,"persona","dep_res_cod","Esta variable derivada se refiere al departamento (entidades subnacionales mayores del país en las que se subdivide el territorio del Estado Plurinacional de Boliva) de residencia habitual de una persona. Cabe aclarar que el lugar de residencia habitual no es sinónimo de lugar de residencia.","","Todas las personas.","Variable derivada de la pregunta P36_LUGRES. Esta variable asigna el código de departamento de boleta (IDEP) a las personas que declararon en la opción de respuesta 1 y asigna el código de departamento de la subpregunta P36J_DEPTOCOD a las personas que declararon en la opción de respuesta 2."
2024,"persona","dep_res5_cod","Esta variable derivada se refiere al departamento (entidades subnacionales mayores del país en las que se subdivide el territorio del Estado Plurinacional de Boliva) de residencia de una persona el año 2019. Cabe aclarar que el lugar de residencia habitual no es sinónimo de lugar de residencia.","","Personas de 5 años o más de edad.","Variable derivada de la pregunta P37_LUGRES5. Esta variable asigna el código de departamento de boleta (IDEP) a las personas que declararon en la opción de respuesta 1 y asigna el código de departamento de la subpregunta P37J_DEPTOCOD a las personas que declararon en la opción de respuesta 2."
2024,"persona","edad_qui","Se refiere a la edad agrupada en intervalos de cinco años de edad consecutivos, cada grupo contiene a todas las personas cuya edad esta dentro de cada intervalo.","","Todas las personas.","Variable derivada a partir de la pregunta 26, edad simple de cada persona, agrupada en intervalos de cinco años consecutivos (0-4, 5-9, 10-14, y así sucesivamente), asignando a cada individuo el grupo correspondiente, con el fin de facilitar el análisis estadístico."
2024,"persona","fft_19","Esta variable derivada clasifica a las personas de 7 años o más que en la semana de referencia no participaron en el mercado laboral o, en otros términos, no tenían ocupación ni buscaban activamente una ocupación, por ejemplo: jubilados, estudiantes, amas de casa. La variable está de acuerdo a las definiciones de la décimo novena Conferencia Internacional de Estadísticos del Trabajo (19° CIET).","","Personas de 7 años o más de edad. No incluye a la población que reside habitualmente en el exterior y no declararon en las preguntas de condición de actividad.","Variable derivada de la pregunta P48 (condición de inactividad) para la identificación de la población fuera de la fuerza del trabajo de acuerdo a las definiciones de la 19° Conferencia Internacional de Estadísticos del Trabajo (19° CIET). Anteriormente conocida como población económicamente inactiva."
2024,"persona","ft_19","Esta variable derivada clasifica a las personas de 7 años o más de edad que, en la semana de referencia, en ocupadas o desocupadas, es decir, no estaban ocupadas, buscaban trabajo activamente y estaban disponibles para trabajar. Incluye también, como ocupados, a quienes durante la semana de referencia estuvieron temporalmente ausentes de su empleo por razones circunstanciales. La variable está de acuerdo a las definiciones de la décimo novena Conferencia Internacional de Estadísticos del Trabajo (19° CIET).","","Personas de 7 años o más de edad. No incluye a la población que reside habitualmente en el exterior y no declararon en las preguntas de condición de actividad.","Variable derivada de las preguntas (P43 a P48) para identificar a la población dentro de la fuerza del trabajo de acuerdo a las definiciones de la 19° Conferencia Internacional de Estadísticos del Trabajo (19° CIET). Anteriormente conocida como población económicamente activa."
2024,"persona","g_edad","Se refiere a la edad agrupada en grandes grupos de edad, cada grupo contiene a todas las personas cuya edad esta dentro de cada intervalo.","","Todas las personas.","Variable derivada a partir de la pregunta 26, edad simple de cada persona, agrupada en intervalos más amplios (0-4, 15-64, 65 y más), asignando a cada individuo el grupo correspondiente."
2024,"persona","g_edad_bol","Se refiere a la edad agrupada en grandes grupos de edad, cada grupo contiene a todas las personas cuya edad esta dentro de cada intervalo.","","Todas las personas.","Variable derivada a partir de la pregunta 26, edad simple de cada persona, agrupada en intervalos más amplios (0-4, 15-59, 60 y más), asignando a cada individuo el grupo correspondiente."
2024,"persona","gedadedu","Grupo de edad según asistencia educativa.","","Para todas las personas. No incluye a la población que reside habitualmente en el exterior y no declararon en la(s) pregunta(s).","Variable derivada de la pregunta 26 “Edad” y pregunta 38 “Actualmente, asiste como estudiante a:”. Se clasifica a la población en grupos de edad, según la edad idónea para asistir a un nivel de educación determinado. Las categorías son las siguientes: 1. De 0 a 3 años, 2. De 4 a 5 años, 3. De 6 a 11 años, 4. De 12 a 17 años, 5. De 18 a 24 años, 6. De 25 a 59 años, 7. De 60 o más años."
2024,"persona","hulta","Esta variable derivada identifica si una mujer tuvo una(o) hija(o) nacida(o) viva(o) el último año.","","Mujeres de 12 años o más de edad.","Variable derivada de las preguntas P57A_UHNACMES y P57B_UHNACAN, que corresponde a la identificacion de hijas(os) nacidas(os) vivas(os) durante el último año. Se asigna código 1 cuando la fecha declarada del nacimiento se encuentra dentro del rango de un año calendario anterior a la realización del censo, como código 2 cuando la fecha declarada esta fuera del rango y sin especificar cuando hay omsión a la pregunta."
2024,"persona","i00","Es el número que corresponde a una determinada vivienda donde se realizó el empadronamiento.","Nro. de vivienda","",""
2024,"persona","idep","Corresponde al código que identifica al departamento de Bolivia donde se llenó el cuestionario censal. Un departamento es un espacio geográfico y es la unidad territorial de mayor jerarquía y la base de la organización territorial del Estado Plurinacional de Bolivia. Cada uno de los nueve (9) departamentos del país constituye una entidad autónoma con un gobierno propio, y está conformado por provincias, municipios y/o Territorios Indígena Originario Campesinos (TIOCs).","","",""
2024,"persona","idioma_mat","Lengua que una persona aprende desde la infancia y con la que se desarrolla inicialmente en el ámbito familiar y social.","","Todas las personas.","Variable derivada, conjunción de las variables P341_IDIOMAT_COD y su opción ""No habla""."
2024,"persona","idioma_mayor_uso","Lengua que una persona utiliza con mayor frecuencia para comunicarse en su vida cotidiana, ya sea en el hogar, la escuela, el trabajo o en interacciones sociales.","","Todas las personas.","Variable derivada, conjunción de las variables P331_IDIOHAB1_COD y su opción ""No habla""."
2024,"persona","imun","Corresponde al código que identfica al municipio o territorio indígena originario campesino donde se llenó el cuestionario censal. EL municipio/TIOC es un espacio geográfico y son unidades territoriales básicas del Estado boliviano. Bolivia cuenta con trescientos cuarenta y tres (343) municipios/TIOCs: - El municipio es la unidad administrativa y política básica del país, conformada por una o varias comunidades y/o centros poblados. Bolivia cuenta con trecientos treinta y cinco (335) municipios en el país. - El TIOC es un espacio geográfico, donde una o varias naciones o pueblos indígenas ejercen su autogobierno y su derecho a la libre determinación. Bolivia cuenta con ocho (8) TIOCs. Código al cual corresponde el municipio o territorio indígena originario campesino de residencia de la persona informante, dentro de cada provincia.","","",""
2024,"persona","iprov","Corresponde al código que identifica la provincia de Bolivia donde se llenó el cuestionario censal. La provincia es un espacio geográfico y es la unidad territorial que se encuentra dentro de un departamento. A diferencia del departamento y del municipio, la provincia no posee autonomía y su función principal es servir como un nivel intermedio de organización. Bolivia cuenta con un total de ciento doce provincias (112).","","",""
2024,"persona","mun_lab_cod","Se refiere al municipio o territorio indígena originario campesino (entidades subnacionales menores del país en las que se subdivide el territorio del Estado Plurinacional de Bolivia) de nacimiento de una persona. Cabe aclarar que el lugar de nacimiento no es sinónimo de lugar de residencia.","","Personas de 7 años o más de edad.","Variable derivada, codificación de municipio donde trabaja."
2024,"persona","mun_nac_cod","Esta variable derivada se refiere al municipio (entidades subnacionales menores del país en las que se subdivide el territorio del Estado Plurinacional de Boliva) de nacimiento de una persona. Cabe aclarar que el lugar de nacimiento no es sinónimo de lugar de residencia.","","Todas las personas.","Variable derivada de la pregunta P35_LUGNAC. Esta variable construye el código de municipio a seis dígitos a partir del código de departamento (IDEP), de provincia (IPROV) y de municipio (IMUN) de la boleta para las personas que declararon en la opción de respuesta 1 y a partir del código de departamento (P35J_DEPTOCOD), código de provincia (P35H1_PROVCOD) y código de municipio (P35H_MUNCOD) para las personas que declararon en la opción de respuesta 2."
2024,"persona","mun_res_cod","Esta variable derivada se refiere al municipio (entidades subnacionales menores del país en las que se subdivide el territorio del Estado Plurinacional de Boliva) de residencia habitual de una persona. Cabe aclarar que el lugar de nacimiento no es sinónimo de lugar de residencia.","","Todas las personas.","Variable derivada de la pregunta P36_LUGRES. Esta variable construye el código de municipio a seis dígitos a partir del código de departamento (IDEP), de provincia (IPROV) y de municipio (IMUN) de la boleta para las personas que declararon en la opción de respuesta 1 y a partir del código de departamento (P36J_DEPTOCOD), código de provincia (P36H1_PROVCOD) y código de municipio (P36H_MUNCOD) para las personas que declararon en la opción de respuesta 2."
2024,"persona","mun_res5_cod","Esta variable derivada se refiere al municipio (entidades subnacionales menores del país en las que se subdivide el territorio del Estado Plurinacional de Boliva) de residencia de una persona el año 2019. Cabe aclarar que el lugar de nacimiento no es sinónimo de lugar de residencia.","","Personas de 5 años o más de edad.","Variable derivada de la pregunta P37_LUGRES5. Esta variable construye el código de municipio a seis dígitos a partir del código de departamento (IDEP), de provincia (IPROV) y de municipio (IMUN) de la boleta para las personas que declararon en la opción de respuesta 1 y a partir del código de departamento (P37J_DEPTOCOD), código de provincia (P37H1_PROVCOD) y código de municipio (P37H_MUNCOD) para las personas que declararon en la opción de respuesta 2."
2024,"persona","nivel_edu","Esta variable derivada se refiere al nivel de instrucción más alto que una persona alcanzó dentro del sistema educativo.","","Personas de 19 años o más de edad. No incluye a la población que reside habitualmente en el exterior y no declararon en la(s) pregunta(s).","Variable derivada a partir de la variable P41A_NIVEL_ACT), “Nivel educativo alcanzado: sistema actual”. Agrupa el nivel educativo alcanzado en las siguientes categorías: 1. Ninguno (categorías 1 al 3 de la variable P41A_NIVEL_ACT), 2. Primaria (categoría 7 de P41A_NIVEL_ACT), 3. Secundaria (categoría 8 de P41A_NIVEL_ACT) y 4. Superior (categorías 9 al 13 de P41A_NIVEL_ACT)."
2024,"persona","ocu_1d_13","Esta variable derivada se refiere a la clasificación de la población en grandes grupos ocupacionales (a un dígito), de acuerdo a la Clasificación de Ocupaciones de Bolivia COB 2023, que es el clasificador homologado en el país que utiliza los criterios de codificación de la CIUO-08, basada en la naturaleza del trabajo y sus competencias. Variable de acuerdo a las definiciones de la décimo tercera Conferencia Internacional de Estadísticos del Trabajo (13° CIET).","49. ¿Cuál es (era) su trabajo, ocupación u oficio principal?","Personas de 7 años o más de edad. No incluye a la población que reside habitualmente en el exterior y no declararon en las preguntas de condición de actividad.","Variable derivada de la pregunta P49 (ocupación codificada), que corresponde a la clasificación en grandes grupos ocupacionales (a un dígito) de acuerdo a la Clasificación de Ocupaciones de Bolivia (COB-2023). La población ocupada incluye aquellas personas que respondieron autoconsumo en la pregunta P46 y a pasantes o aprendices sin recibir pago en la pregunta P48, de acuerdo a las definiciones de la décimo tercera Conferencia Internacional de Estadísticos del Trabajo (13° CIET)."
2024,"persona","ocu_1d_19","Esta variable derivada se refiere a la clasificación de la población en grandes grupos ocupacionales (a un dígito), de acuerdo a la Clasificación de Ocupaciones de Bolivia COB 2023, que es el clasificador homologado en el país que utiliza los criterios de codificación de la CIUO-08, basada en la naturaleza del trabajo y sus competencias. Variable de acuerdo a las definiciones de la décimo novena Conferencia Internacional de Estadísticos del Trabajo (CIET 19°).","","Solo para personas de 7 años o más No incluye a las personas que residen habitualmente en el exterior y que no declararon en las preguntas de residencia habitual ni condición de actividad","Es la clasificación en grandes grupos ocupacionales de acuerdo a la Clasificación de Ocupaciones de Bolivia (COB-2023)"
2024,"persona","p24_parentes","Establece la relación de parentesco de cada miembro del hogar con la jefa o jefe del hogar. Para personas en viviendas particulares se registra el parentesco con la jefa o jefe de hogar. Para las personas en viviendas colectivas, en situación de calle o en transito se registra la opción correspondiente sin importar su parentesco.","24. ¿Qué parentesco tiene con la jefa o jefe del hogar? 1 Jefa o jefe del hogar 2 Esposa(o), conviviente o concubina(o) 3 Hija o hijo 4 Hijastra o hijastro 5 Nuera o yerno 6 Nieta o nieto 7 Hermana o hermano 8 Cuñada o cuñado 9 Madre o padre 10 Suegra o suegro 11 Abuela o abuelo 12 Otro pariente 13 Trabajadora(or) del hogar y sus familiares 14 Otro no pariente 15 Persona en vivienda colectiva 16 Persona que vive en la calle o en tránsito","Todas las personas.",""
2024,"persona","p25_sexo","Se refiere al sexo de la persona, considera las categorías: mujer y hombre.","25. ¿Es mujer u hombre? 1 Mujer 2 Hombre","Todas las personas.",""
2024,"persona","p26_edad","Permite captar la edad de cada persona, entendida como el tiempo transcurrido entre la fecha de nacimiento y la fecha del Censo, expresada en años cumplidos.","26. ¿Cuántos años cumplidos tiene? (si tiene menos de 1 año anote 0)","Todas las personas.",""
2024,"persona","p28_cn","Se refiere a la población que declara que su nacimiento está inscrito en el registro civil boliviano.","28. ¿Su nacimiento esta inscrito en el registro civil boliviano? 1 Sí 2 No","Todas las personas.",""
2024,"persona","p29_ci","Se refiere a la tenencia actual o anterior de la cédula de identidad o cédula boliviana de extranjero.","29. ¿Tiene o tuvo cédula de identidad boliviana? 1 Sí 2 No 3 Cédula boliviana de extranjero","Todas las personas.",""
2024,"persona","p30a_public","Esta pregunta indaga si la persona acude a puesto/centro/hospital de salud público cuando tiene problemas de salud.","30. Cuando tiene problemas de salud acude a: 1 ¿Puesto/centro/hospital de salud público? Sí - No","Todas las personas.",""
2024,"persona","p30b_caja","Esta pregunta indaga si la persona acude a alguna Caja de salud cuando tiene problemas de salud.","30. Cuando tiene problemas de salud acude a: 2 ¿Caja de salud? Sí - No","Todas las personas.",""
2024,"persona","p30c_privad","Esta pregunta indaga si la persona acude a un consultorio/clínica/hospital de salud privado cuando tiene problemas de salud.","30. Cuando tiene problemas de salud acude a: 3 ¿Consultorio/clínica/hospital de salud privado? Sí - No","Todas las personas.",""
2024,"persona","p30d_atedom","Esta pregunta indaga si la persona acude a la atención médica en domicilio cuando tiene problemas de salud.","30. Cuando tiene problemas de salud acude a: 4 ¿Atención médica en domicilio? Sí - No","Todas las personas.",""
2024,"persona","p30e_tradic","Esta pregunta indaga si la persona acude a médica(o) tradicional ancestral cuando tiene problemas de salud.","30. Cuando tiene problemas de salud acude a: 5 ¿Médica(o) tradicional ancestral? Sí - No","Todas las personas.",""
2024,"persona","p30f_autome","Esta pregunta indaga si la persona acude a farmacia sin receta médica o se automedica cuando tiene problemas de salud.","30. Cuando tiene problemas de salud acude a: 6 ¿Farmacia sin receta médica o se automedica? Sí - No","Todas las personas.",""
2024,"persona","p30g_casera","Esta pregunta indaga si la persona acude a remedios caseros cuando tiene problemas de salud.","30. Cuando tiene problemas de salud acude a: 7 ¿Remedios caseros? Sí - No","Todas las personas.",""
2024,"persona","p31_afiliado","Esta pregunta se refiere al registro o afiliación a algún sistema o seguro de salud.","31. Actualmente está registrada(o) o afiliada(o) a: 1 (SUS) Sistema Único de Salud 2 Caja Nacional de Salud, Caja Petrolera, Caja CORDES, Caja de la Banca Privada, COSSMIL, Seguro Universitario u otros 3 Seguro privado de salud 4 Ninguno","Todas las personas.",""
2024,"persona","p31_cobersalud","Esta variable derivada se refiere a la condición de registro o afiliación a un sistema o seguro de salud.","","Todas las personas. No incluye a la población que reside habitualmente en el exterior y no declararon en la pregunta 31.","Variable derivada de la pregunta 31, que agrupa bajo el código 1 (tiene) a las categorías 1 al 3 y con el código 2 (no tiene) a la categoría 4."
2024,"persona","p32_pueblo_cod","Corresponde al listado revisado y agrupado por la Comisión Técnica Interinstitucional de Autoidentificación e Idiomas (CTAI). - Autoidentificación. Es la expresión individual de identificación, cercanía o pertenencia a alguna nación o pueblo indígena originario campesino o afroboliviano, basada en la interacción con su entorno social, adoptando formas de pensamiento y comportamiento en términos de idioma, cultura y/o costumbres que hacen que la persona que se expresa se sienta parte de un grupo social diferente de otro. - Naciones o Pueblos Indígena Originario Campesinos (NPIOC). Son aquellos conjuntos de personas que descienden de poblaciones asentadas con anterioridad a la invasión española y comparten identidad cultural, idioma, tradición histórica, instituciones, territorialidad y/o cosmovisión. Estos se encuentran dentro de las actuales fronteras del territorio boliviano. - Pueblo afroboliviano. Es la colectividad de ascendencia africana llegada a territorio boliviano durante la época colonial, la cual preserva y reproduce total o parcialmente sus tradiciones espirituales, religiosas, culturales y artísticas como la música y danza.","32. ¿Se autoidentifica con alguna nación pueblo indígena originario campesino o afroboliviano? 1 Sí ¿Con cuál? 2 No","Todas las personas.",""
2024,"persona","p32_pueblo_per","Autoidentificación: Es la expresión individual de identificación, cercanía o pertenencia a alguna nación o pueblo indígena originario campesino o afroboliviano, basada en la interacción con su entorno social, adoptando formas de pensamiento y comportamiento en términos de idioma, cultura y/o costumbres que hacen que la persona que se expresa se sienta parte de un grupo social diferente de otro. - Naciones o Pueblos Indígena Originario Campesinos (NPIOC): Son aquellos conjuntos de personas que descienden de poblaciones asentadas con anterioridad a la invasión española y comparten identidad cultural, idioma, tradición histórica, instituciones, territorialidad y/o cosmovisión. Estos se encuentran dentro de las actuales fronteras del territorio boliviano. - Pueblo afroboliviano: Es la colectividad de ascendencia africana llegada a territorio boliviano durante la época colonial, la cual preserva y reproduce total o parcialmente sus tradiciones espirituales, religiosas, culturales y artísticas como la música y danza.","32. ¿Se autoidentifica con alguna nación pueblo indígena originario campesino o afroboliviano? 1 Sí ¿Con cuál? 2 No","Todas las personas.",""
2024,"persona","p32_pueblos","Declaración de la persona sobre su autoidentificación según listado referencial de las naciones, pueblos indígena originario campesino o afroboliviano.","","Todas las personas.","Variable derivada, conjunción de las variables P32_PUEBLOS_PER y P32_PUEBLOS_COD utilizando un listado referencial para las especificaciones de NPIOCyA definidas por la Comisión Técnica Interinstitucional de Autoidentificación e Idiomas (CTAI)."
2024,"persona","p331_idiohab1_cod","Se refiere a la lengua de mayor uso de la persona. La pregunta completa permite registrar hasta 3 idiomas o lenguas que hable la persona.","33. ¿Qué idiomas o lenguas habla?, según el mayor uso: Primero Segundo Tercero No habla","Todas las personas.",""
2024,"persona","p332_idiohab2_cod","Se refiere a la segunda lengua de mayor uso de la persona. La pregunta completa permite registrar hasta 3 idiomas o lenguas que hable la persona.","33. ¿Qué idiomas o lenguas habla?, según el mayor uso: Primero Segundo Tercero No habla","Todas las personas.",""
2024,"persona","p333_idiohab3_cod","Se refiere a la tercera lengua de mayor uso de la persona. La pregunta completa permite registrar hasta 3 idiomas o lenguas que hable la persona.","33. ¿Qué idiomas o lenguas habla?, según el mayor uso: Primero Segundo Tercero No habla","Todas las personas.",""
2024,"persona","p334_idiohab_no","Se refiera a la situación en la que la persona no habla.","33. ¿Qué idiomas o lenguas habla?, según el mayor uso: Primero Segundo Tercero No habla","Todas las personas.",""
2024,"persona","p341_idiomat_cod","Es el primer idioma o lengua que una persona aprendió a hablar en su infancia, generalmente en el entorno familiar o social inmediato.","34. ¿Cuál es el primer idioma o lengua en el que aprendió a hablar en su niñez? No habla","Todas las personas.",""
2024,"persona","p342_idiomat_no","Se refiera a la situación en la que la persona no habla.","34. ¿Cuál es el primer idioma o lengua en el que aprendió a hablar en su niñez? No habla","Todas las personas.",""
2024,"persona","p35_lugnac","Esta pregunta se refiere al lugar geográfico-espacial de nacimiento de una persona. Cabe aclarar que el lugar de nacimiento no es sinónimo de lugar de residencia.","35. ¿Dónde Nació? 1 Aquí en este municipio (pase a la P36.) 2 En otro municipio del País ¿Cuál? ¿De qué Departamento? 1 Chuquisaca 2 La Paz 3 Cochabamba 4 Oruro 5 Potosí 6 Tarija 7 Santa Cruz 8 Beni 9 Pando (pase a la P36) 3 En otro País ¿Cuál? ¿Qué año llegó a Bolivia?","Todas las personas.",""
2024,"persona","p353_paisnac_cod","Esta pregunta se refiere al país de nacimiento de una persona. Cabe aclarar que el país de nacimiento no es sinónimo del país de residencia.","35. ¿Dónde Nació? 1 Aquí en este municipio (pase a la P36.) 2 En otro municipio del País ¿Cuál? ¿De qué Departamento? 1 Chuquisaca 2 La Paz 3 Cochabamba 4 Oruro 5 Potosí 6 Tarija 7 Santa Cruz 8 Beni 9 Pando (pase a la P36) 3 En otro País ¿Cuál? ¿Qué año llegó a Bolivia?","Todas las personas.",""
2024,"persona","p354_anllega","Esta pregunta se refiere al año que la persona llegó a Bolivia, cuando declaró que nació en otro país. Cabe aclarar que el país de nacimiento no es sinónimo del país de residencia.","35. ¿Dónde Nació? 1 Aquí en este municipio (pase a la P36.) 2 En otro municipio del País ¿Cuál? ¿De qué Departamento? 1 Chuquisaca 2 La Paz 3 Cochabamba 4 Oruro 5 Potosí 6 Tarija 7 Santa Cruz 8 Beni 9 Pando (pase a la P36) 3 En otro País ¿Cuál? ¿Qué año llegó a Bolivia?","Todas las personas.",""
2024,"persona","p35h_muncod","Esta pregunta se refiere al municipio en el que nació la persona, siempre que el nacimiento haya ocurrido en Bolivia. Cabe aclarar que el municipio de nacimiento no es sinónimo del municipio de residencia.","35. ¿Dónde Nació? 1 Aquí en este municipio (pase a la P36.) 2 En otro municipio del País ¿Cuál? ¿De qué Departamento? 1 Chuquisaca 2 La Paz 3 Cochabamba 4 Oruro 5 Potosí 6 Tarija 7 Santa Cruz 8 Beni 9 Pando (pase a la P36) 3 En otro País ¿Cuál? ¿Qué año llegó a Bolivia?","Todas las personas.",""
2024,"persona","p35h1_provcod","Esta pregunta se refiere a la provincia en la que nació la persona, siempre que el nacimiento haya ocurrido en Bolivia. Cabe aclarar que la provincia de nacimiento no es sinónimo de la provincia de residencia.","35. ¿Dónde Nació? 1 Aquí en este municipio (pase a la P36.) 2 En otro municipio del País ¿Cuál? ¿De qué Departamento? 1 Chuquisaca 2 La Paz 3 Cochabamba 4 Oruro 5 Potosí 6 Tarija 7 Santa Cruz 8 Beni 9 Pando (pase a la P36) 3 En otro País ¿Cuál? ¿Qué año llegó a Bolivia?","Todas las personas.",""
2024,"persona","p35j_deptocod","Esta pregunta se refiere al departamento en el que nació la persona, siempre que el nacimiento haya ocurrido en Bolivia. Cabe aclarar que el departamento de nacimiento no es sinónimo del departamento de residencia.","35. ¿Dónde Nació? 1 Aquí en este municipio (pase a la P36.) 2 En otro municipio del País ¿Cuál? ¿De qué Departamento? 1 Chuquisaca 2 La Paz 3 Cochabamba 4 Oruro 5 Potosí 6 Tarija 7 Santa Cruz 8 Beni 9 Pando (pase a la P36) 3 En otro País ¿Cuál? ¿Qué año llegó a Bolivia?","Todas las personas.",""
2024,"persona","p36_lugres","Esta pregunta se refiere al lugar geográfico-espacial donde una persona reside o habita de forma regular o permanente. Cabe aclarar que el lugar de residencia no es sinónimo de lugar de nacimiento o de residencia temporal.","36. ¿Dónde vive habitualmente? 1 Aquí, en este municipio. ¿Desde qué año? (PASE A 37) 2 En otro municipio del país ¿Cuál? ¿De qué departamento? 1 Chuquisaca 2 La Paz 3 Cochabmba 4 Oruro 6 Potosí 6 Tarija 7 Santa Cruz 8 Beni 9 Pando (PASE A 37) 3 En otro país ¿Cuál?","Todas las personas.",""
2024,"persona","p361_anres","Esta pregunta se refiere al año desde el cual una persona reside en el lugar geográfico-espacial que habita de forma regular o permanente. Cabe aclarar que el lugar de residencia no es sinónimo de lugar de nacimiento o de residencia temporal.","36. ¿Dónde vive habitualmente? 1 Aquí, en este municipio. ¿Desde qué año? (PASE A P37) 2 En otro municipio del país ¿Cuál? ¿De qué departamento? 1 Chuquisaca 2 La Paz 3 Cochabmba 4 Oruro 6 Potosí 6 Tarija 7 Santa Cruz 8 Beni 9 Pando (PASE A P37) 3 En otro país ¿Cuál?","Todas las personas.",""
2024,"persona","p363_paisres_cod","Esta pregunta se refiere al país donde una persona reside o habita de forma regular o permanente. Cabe aclarar que el país de residencia no es sinónimo del país de nacimiento o de residencia temporal.","36. ¿Dónde vive habitualmente? 1 Aquí, en este municipio. ¿Desde qué año? (PASE A P37) 2 En otro municipio del país ¿Cuál? ¿De qué departamento? 1 Chuquisaca 2 La Paz 3 Cochabmba 4 Oruro 6 Potosí 6 Tarija 7 Santa Cruz 8 Beni 9 Pando (PASE A P37) 3 En otro país ¿Cuál?","Todas las personas.",""
2024,"persona","p36h_muncod","Esta pregunta se refiere al municipio donde una persona reside o habita de forma regular o permanente, siempre que resida en Bolivia. Cabe aclarar que el municipio de residencia no es sinónimo del municipio de nacimiento o de residencia temporal.","36. ¿Dónde vive habitualmente? 1 Aquí, en este municipio. ¿Desde qué año? (PASE A P37) 2 En otro municipio del país ¿Cuál? ¿De qué departamento? 1 Chuquisaca 2 La Paz 3 Cochabmba 4 Oruro 6 Potosí 6 Tarija 7 Santa Cruz 8 Beni 9 Pando (PASE A P37) 3 En otro país ¿Cuál?","Todas las personas.",""
2024,"persona","p36h1_provcod","Esta pregunta se refiere a la provincia donde una persona reside o habita de forma regular o permanente, siempre que resida en Bolivia. Cabe aclarar que la provincia de residencia no es sinónimo de la provincia de nacimiento o de residencia temporal.","36. ¿Dónde vive habitualmente? 1 Aquí, en este municipio. ¿Desde qué año? (PASE A P37) 2 En otro municipio del país ¿Cuál? ¿De qué departamento? 1 Chuquisaca 2 La Paz 3 Cochabmba 4 Oruro 6 Potosí 6 Tarija 7 Santa Cruz 8 Beni 9 Pando (PASE A P37) 3 En otro país ¿Cuál?","Todas las personas.",""
2024,"persona","p36j_deptocod","Esta pregunta se refiere al departamento donde una persona reside o habita de forma regular o permanente, siempre que resida en Bolivia. Cabe aclarar que el departamento de residencia no es sinónimo del departamento de nacimiento o de residencia temporal.","36. ¿Dónde vive habitualmente? 1 Aquí, en este municipio. ¿Desde qué año? (PASE A P37) 2 En otro municipio del país ¿Cuál? ¿De qué departamento? 1 Chuquisaca 2 La Paz 3 Cochabmba 4 Oruro 6 Potosí 6 Tarija 7 Santa Cruz 8 Beni 9 Pando (PASE A P37) 3 En otro país ¿Cuál?","Todas las personas.",""
2024,"persona","p37_lugres5","Esta pregunta se refiere al lugar geográfico-espacial donde la persona vivía el año 2019.","37. ¿Dónde vivía el año 2019? 1 Aquí, en este municipio (PASE A P38) 2 En otro municipio del país ¿Cuál? ¿De qué departamento? 1 Chuquisaca 2 La Paz 3 Cochabmba 4 Oruro 7 Potosí 7 Tarija 7 Santa Cruz 8 Beni 9 Pando (PASE A P38) 3 En otro país ¿Cuál?","Todas las personas.",""
2024,"persona","p373_paisres5_cod","Esta pregunta se refiere al país donde la persona vivía el año 2019.","37. ¿Dónde vivía el año 2019? 1 Aquí, en este municipio (PASE A P38) 2 En otro municipio del país ¿Cuál? ¿De qué departamento? 1 Chuquisaca 2 La Paz 3 Cochabmba 4 Oruro 7 Potosí 7 Tarija 7 Santa Cruz 8 Beni 9 Pando (PASE A P38) 3 En otro país ¿Cuál?","Todas las personas.",""
2024,"persona","p37h_muncod","Esta pregunta se refiere al municipio donde la persona vivía el año 2019, siempre que residía dicho año en Bolivia.","37. ¿Dónde vivía el año 2019? 1 Aquí, en este municipio (PASE A P38) 2 En otro municipio del país ¿Cuál? ¿De qué departamento? 1 Chuquisaca 2 La Paz 3 Cochabmba 4 Oruro 7 Potosí 7 Tarija 7 Santa Cruz 8 Beni 9 Pando (PASE A P38) 3 En otro país ¿Cuál?","Todas las personas.",""
2024,"persona","p37h1_provcod","Esta pregunta se refiere a la provincia donde la persona vivía el año 2019, siempre que residía dicho año en Bolivia.","37. ¿Dónde vivía el año 2019? 1 Aquí, en este municipio (PASE A P38) 2 En otro municipio del país ¿Cuál? ¿De qué departamento? 1 Chuquisaca 2 La Paz 3 Cochabmba 4 Oruro 7 Potosí 7 Tarija 7 Santa Cruz 8 Beni 9 Pando (PASE A P38) 3 En otro país ¿Cuál?","Todas las personas.",""
2024,"persona","p37j_deptocod","Esta pregunta se refiere al departamento donde la persona vivía el año 2019, siempre que residía dicho año en Bolivia.","37. ¿Dónde vivía el año 2019? 1 Aquí, en este municipio (PASE A P38) 2 En otro municipio del país ¿Cuál? ¿De qué departamento? 1 Chuquisaca 2 La Paz 3 Cochabmba 4 Oruro 7 Potosí 7 Tarija 7 Santa Cruz 8 Beni 9 Pando (PASE A P38) 3 En otro país ¿Cuál?","Todas las personas.",""
2024,"persona","p38_asiste","Esta pregunta se refiere a la asistencia actual de la persona a un centro o establecimiento educativo.","38. Actualmente, asiste como estudiante a: 1 Curso de alfabetización o post alfabetización 2 Centro de Educación Alternativa (CEA) 3 Centro de Educación Especial 4 Guardería o centro infantil 5 Pre kínder, kínder, escuela o colegio 6 Instituto de Formación Técnica Profesional 7 Universidades, UNIPOL, UNIMIL, Escuela Superior de Formación de Maestros 8 No asiste (PASE A P40)","Todas las personas.",""
2024,"persona","p39_tipoest","Esta pregunta se refiere al tipo de administración del centro o establecimiento educativo (público/convenio o privado) al que asiste actualmente la persona.","39. El centro o establecimiento educativo al que asiste es: 1 Público o de convenio 2 Privado","Todas las personas.",""
2024,"persona","p40_lee","Esta pregunta se refiere a la capacidad que tiene una persona para leer y escribir, en cualquier idioma.","40. ¿Sabe leer y escribir? 1 Sí 2 No","Solo para personas de 5 años o más de edad.",""
2024,"persona","p41a_nivel","Es el grado máximo terminado en el nivel más avanzado al que se haya asistido en el sistema educacional del país en el que se haya recibido la educación.","41. ¿Cuál es el último curso o año que aprobó y en qué nivel educativo? 1 Ninguno 0 2 Curso de alfabetización 0 3 Inicial (Pre kinder, Kinder) 1 - 2 4 Básico 1 - 2 - 3 - 4 - 5 5 Intermedio 1 - 2 - 3 6 Medio 1 - 2 - 3 - 4 7 Primaria 1 - 2 - 3 - 4 - 5 - 6 - 7 - 8 8 Secundaria 1 - 2 - 3 - 4 - 5 - 6 9 Técnico Medio 1 - 2 10 Técnico Superior 1 - 2 - 3 11 Licenciatura 1 - 2 - 3 - 4 - 5 12 Maestria 1 - 2 13 Doctorado 1 - 2 - 3 - 4","Solo para personas de 5 años o más de edad.",""
2024,"persona","p41a_nivel_act","Esta variable derivada se refiere al grado más alto aprobado dentro del nivel educativo más avanzado que alcanzó la persona con equivalencia al sistema actual de educación del país.","","Personas de 5 años o más de edad.","Variable derivada a partir de la pregunta 41 “Nivel y curso aprobado” con equivalencia al sistema actual de educación del país."
2024,"persona","p41b_curso","Es el grado máximo terminado en el nivel más avanzado al que se haya asistido en el sistema educacional del país en el que se haya recibido la educación.","41. ¿Cuál es el último curso o año que aprobó y en que nivel educativo? 1 Ninguno 0 2 Curso de alfabetización 0 3 Inicial (Pre kinder, Kinder) 1 - 2 4 Básico 1 - 2 - 3 - 4 - 5 5 Intermedio 1 - 2 - 3 6 Medio 1 - 2 - 3 - 4 7 Primaria 1 - 2 - 3 - 4 - 5 - 6 - 7 - 8 8 Secundaria 1 - 2 - 3 - 4 - 5 - 6 9 Técnico Medio 1 - 2 10 Técnico Superior 1 - 2 - 3 11 Licenciatura 1 - 2 - 3 - 4 - 5 12 Maestria 1 - 2","Solo para personas de 5 años o más de edad.",""
2024,"persona","p41b_curso_act","Esta variable derivada se refiere al grado más alto aprobado dentro del nivel educativo más avanzado que alcanzó la persona con equivalencia al sistema actual de educación del país.","","Personas de 5 años o más de edad.","Variable derivada a partir de la pregunta 41 “Nivel y curso aprobado” con equivalencia al sistema actual de educación del país."
2024,"persona","p42_discap","Esta variable derivada se refiere a la condición de discapacidad en al menos uno de cuatro dominios (ver, oír, caminar, subir gradas o usar brazos o manos y comunicarse, aprender, concentrarse o razonar), basada en la metodología del ""Grupo de Washington sobre Estadísticas de Discapacidad"" para fines de comparabilidad internacional. Esta clasificación se basa en la declaración de las personas y no es comparable con el tipo de medición utilizada en los Registros Administrativos.","","Personas de 5 años o más de edad. No incluye a la población que reside habitualmente en el exterior y no declararon en la pregunta 42.","Variable derivada de las preguntas 42a, 42b, 42c y 42d, que recodifica con código 1 cuando la persona declaró, en al menos uno de los cuatro dominios, las categorías 3 o 4; y con código 2 (no tiene discapacidad) cuando declaró las categorías 1 o 2 en todos los dominios."
2024,"persona","p42a_ver","Esta pregunta se refiere a la percepción del informante sobre el grado de dificultad permanente que tiene para ver, incluso cuando usa lentes.","42.a ¿Tiene dificultad permanente para ver, incluso cuando usa lentes? 1 Ninguna 2 Algo 3 Mucha 4 Total Dificultad","Solo para personas de 5 años o más de edad.",""
2024,"persona","p42b_oir","Esta pregunta se refiere a la percepción del informante sobre el grado de dificultad permanente que tiene para oir, incluso cuando usa audífonos..","42.b ¿Tiene dificultad permanente para oir, incluso cuando usa audifonos? 1 Ninguna 2 Algo 3 Mucha 4 Total Dificultad","Solo para personas de 5 años o más de edad.",""
2024,"persona","p42c_camina","Esta pregunta se refiere a la percepción del informante sobre el grado de dificultad permanente que tiene para caminar, subir gradas o usar brazos o manos.","42.c ¿Tiene dificultad permanente para caminar, subir gradas o usar sus brazos o manos? 1 Ninguna 2 Algo 3 Mucha 4 Total Dificultad","Solo para personas de 5 años o más de edad.",""
2024,"persona","p42d_comuni","Esta pregunta se refiere a la percepción del informante sobre el grado de dificultad permanente que tiene para comunicarse, aprender, concentrarse o razonar.","42.d ¿Tiene dificultad permanente para comunicarse, aprender, concentrarse o razonar? 1 Ninguna 2 Algo 3 Mucha 4 Total Dificultad","Solo para personas de 5 años o más de edad.",""
2024,"persona","p43_pago","Esta pregunta se realiza para definir la condición de actividad, permite identificar la población que trabaja a cambio de un pago o ingreso (en dinero o en especie) en la semana pasada, ya sea por realizar alguna actividad productiva o de servicios y/o ventas, de acuerdo a la primera percepción del informante sobre trabajo. Pregunta de acuerdo a las definiciones de la décimo novena Conferencia Internacional de Estadísticos del Trabajo (CIET 19°).","43. La semana pasada, ¿trabajó por un pago o ingreso? 1 Sí ( PASE A P49) 2. No","Solo para personas de 7 años o más de edad.",""
2024,"persona","p44_nego","Esta pregunta se realiza para definir la condición de actividad, permite identificar la persona que trabaja pero que contribuye al negocio familiar para la venta o consumo propio del hogar, donde puede o no recibir un pago remunerado directo, de acuerdo a la segunda percepción del informante sobre trabajo. Pregunta de acuerdo a las definiciones de la décimo novena Conferencia Internacional de Estadísticos del Trabajo (CIET 19°).","44. La semana pasada, ¿ayudó o trabajó en un negocio propio o familiar? 1 Sí (PASE A P49) 2 No","Solo para personas de 7 años o más.",""
2024,"persona","p45_agro","Esta pregunta se realiza para identificar a los agricultores, criadores de animales, o aquellas personas que realizan caza, pesca o recolección en la semana de referencia (semana pasada). Pregunta de acuerdo a las definiciones de la décimo novena Conferencia Internacional de Estadísticos del Trabajo (CIET 19°).","45. La semana pasada, ¿atendió cultivos agrícolas o cría de animales? 1 Sí 2 No (PASE A P47)","Solo para personas de 7 años o más de edad.",""
2024,"persona","p46_dest","Esta pregunta se realiza para clasificar a los agricultores, criadores de animales, pesca o recolección en productores para el mercado (venta) o para consumo propio (autoconsumo). Pregunta de acuerdo a las definiciones de la décimo novena Conferencia Internacional de Estadísticos del Trabajo (CIET 19°).","46. Los cultivos agrícolas o cría de animales son destinados: 1 ¿La mayor parte para la venta? ( PASE A P49) 2 ¿La mayor parte para consumo de su familia?","Solo para personas de 7 años o más de edad.",""
2024,"persona","p47_otro","Esta pregunta se realiza para identificar personas que desarrollan actividades ocasionales remuneradas (en dinero o en especie), y ayuda a la identificación de la población ocupada, o bien estuvo ausente del mismo por causas temporales: licencia, vacación, enfermedad o falta de materiales en el periodo de referencia. Pregunta de acuerdo a las definiciones de la décimo novena Conferencia Internacional de Estadísticos del Trabajo (CIET 19°).","47. La semana pasada: 1 ¿Realizó alguna otra actividad ocasional por un pago o ingreso? (PASE A P49) 2 ¿Tenía algún trabajo, pero no trabajó por licencia, vacación, enfermedad o falta de materiales? (PASE A P49) 3 No trabajó. (PASE A P48)","Solo para personas de 7 años o más de edad.",""
2024,"persona","p48_nocu","Esta pregunta completa la estructura de clasificación de la condición de actividad, y permite la identificación de la población desocupada (aspirante y cesante) que busca un trabajo o una vinculación con el mercado laboral, y de la población fuera de la fuerza de trabajo (inactiva) que ni busca ni trabaja y que se encuentran fuera del mercado laboral temporal o permanentemente. Pregunta de acuerdo a las definiciones de la décimo novena Conferencia Internacional de Estadísticos del Trabajo (CIET 19°).","48. Las últimas 4 semanas: 1 ¿Buscó trabajo por primera vez? (pase a la P53) 2 ¿Buscó trabajo habiendo trabajado antes? (pase a la P53) 3 ¿Estuvo como pasante o aprendiz sin recibir pago? (pase a la P53) 4 ¿Estuvo estudiando? (pase a la P53) 5 ¿Es jubilada(o), pensionista o rentista? (pase a la P53) 6 ¿Realizó labores de su casa o cuidado de los miembros de su hogar? (pase a la P53) 7 Otro (especifique). (pase a la P53)","Solo para personas de 7 años o más de edad.",""
2024,"persona","p49_ocu_1d","La pregunta se realiza para relevar información sobre ocupaciones, y clasifica a la población por sus oficios y ocupaciones. La ocupación se refiere al tipo de trabajo realizado en un puesto de trabajo por la persona ocupada, independientemente de la actividad económica o la categoría ocupacional. Se realiza la clasificación en grandes grupos ocupacionales y se utiliza la Clasificación de Ocupaciones de Bolivia COB 2023, que es el clasificador homologado en el país que utiliza los criterios de codificación de la CIUO-08, basada en la naturaleza del trabajo y sus competencias. Pregunta de acuerdo a las definiciones de la décimo novena Conferencia Internacional de Estadísticos del Trabajo (CIET 19°).","49. ¿Cuál es (era) su trabajo, ocupación u oficio principal?","Solo para personas de 7 años o más de edad.",""
2024,"persona","p50_catocu_13","Esta variable derivada se refiere a la categorización (categoría ocupacional) de las personas ocupadas según la relación laboral con la unidad económica para la que trabajan. La variable está de acuerdo a las definiciones de la décimo tercera Conferencia Internacional de Estadísticos del Trabajo (13° CIET).","","Personas de 7 años o más de edad. No incluye a la población que reside habitualmente en el exterior y no declararon en las preguntas de condición de actividad.","Variable derivada de la pregunta P50 (categoría ocupacional). Para fines comparativos con censos anteriores, la población ocupada incluye aquellas personas que respondieron autoconsumo en la pregunta P46 y a pasantes o aprendices sin recibir pago en la pregunta P48. La variable está conforme a las definiciones de ocupación establecida, en la décimo tercera Conferencia de Estadísticos del Trabajo (13°CIET)."
2024,"persona","p50_semp","Esta pregunta se realiza para clasificar a la población ocupada, según la relación laboral con la unidad económica para la que trabajan. La clasificación es de acuerdo a la Clasificación Internacional de la Situación en el Empleo CISE 93. Sigue la secuencia de preguntas de acuerdo a las definiciones de la décimo novena Conferencia Internacional de Estadísticos del Trabajo (CIET 19°).","50. En ese trabajo es (era): 1 Trabajadora(or) por cuenta propia 2 Empleada(o) u obrera(o) 3 Empleadora(or) o socia(o) 4 Trabajadora(or) familiar sin remuneración 5 Trabajadora(or) del hogar 6 Cooperativista de producción","Solo para personas de 7 años o más de edad.",""
2024,"persona","p51_actec_2d","Se refiere al tipo de producción o actividad del establecimiento o unidad donde la persona tiene su trabajo. Se utiliza la Clasificación de Actividades Económicas de Bolivia (CAEB 2022) que toma las recomendaciones de la Clasificación internacional Industrial Uniforme (CIIU), información a dos dígitos. Pregunta de acuerdo a las definiciones de la décimo novena Conferencia Internacional de Estadísticos del Trabajo (CIET 19°).","51. Principalmente, ¿qué produce, vende o a qué actividad se dedica el lugar o establecimiento donde trabaja?","Solo para personas de 7 años o más de edad.",""
2024,"persona","p52_dep_mov_cod","Se refiere al Departamento donde habitualmente desempeña su actividad económica o trabajo, este puede o no coincidir con el lugar de residencia o con el lugar donde fue censado.","52. Principalmente, el lugar donde trabaja está ubicado: Departamento","Solo para personas de 7 años o más de edad.",""
2024,"persona","p52_mov","Hace referencia al desplazamiento habitual que realiza la persona entre su vivienda y el lugar donde trabaja.","52. Principalmente, el lugar donde trabaja está ubicado: 1 Dentro o junto a esta vivienda 2 Fuera de la vivienda, pero en el mismo municipio 3 En otro municipio ¿Cuál? 4 En otro país ¿Cuál?","Solo para personas de 7 años o más de edad.",""
2024,"persona","p52_mun_mov_cod","Se refiere al Municipio donde habitualmente desempeña su actividad económica o trabajo, este puede o no coincidir con el lugar de residencia o con el lugar donde fue censado.","52. Principalmente, el lugar donde trabaja está ubicado: 3 En otro municipio ¿Cuál?","Solo para personas de 7 años o más de edad.",""
2024,"persona","p52_pais_mov_cod","Se refiere al País donde habitualmente desempeña su actividad económica o trabajo, este puede o no coincidir con el lugar de residencia o con el lugar donde fue censado.","52. Principalmente, el lugar donde trabaja está ubicado: 4 En otro país ¿Cuál?","Solo para personas de 7 años o más de edad.",""
2024,"persona","p53_ecivil","Se refiere al estado civil o conyugal de personas donde este es la situación jurídica de una persona en relación con la ley o costumbres del país, ya sea el matrimonio y la convivencia, la cual determina derechos, deberes y otros efectos legales para el individuo.","53. ¿Cuál es su estado civil o conyugal? 1 Casada(o) 2 Conviviente o concubina(o) 3 Separada(o) 4 Divorciada(o) 5 Viuda(o) 6 Soltera(o)","Persibas de 12 años o más de edad.",""
2024,"persona","p54_hvtot","Esta pregunta se refiere al número total de hijas e hijos que una mujer de 12 años o más dio a luz a lo largo de su ciclo reproductivo hasta la fecha del censo, cabe remarcar que se excluyen las muertes fetales. Nacido vivo: Es toda niña o niño que al nacer manifiesta cual signo de vida como respirar, llorar o moverse. Si luego de unos minutos llegara a fallecer, debe considerarse también como nacido vivo.","54. En total, ¿cuántas hijas e hijos nacidos vivos ha tenido?, incluyendo a los que no vivan con usted o hayan fallecido después de nacer ¿Cuántos en total? ¿Cuántas mujeres? ¿Cuántos hombres?","Todas las mujeres de 12 años o más.",""
2024,"persona","p54a_hvtot_muj","Esta pregunta se refiere al número total de hijas que una mujer de 12 años o más dio a luz a lo largo de su ciclo reproductivo hasta la fecha del censo, cabe remarcar que se excluyen las muertes fetales. Nacido vivo: Es toda niña o niño que al nacer manifiesta cual signo de vida como respirar, llorar o moverse. Si luego de unos minutos llegara a fallecer, debe considerarse también como nacido vivo.","54. En total, ¿cuántas hijas e hijos nacidos vivos ha tenido?, incluyendo a los que no vivan con usted o hayan fallecido después de nacer ¿Cuántos en total? ¿Cuántas mujeres? ¿Cuántos hombres?","Todas las mujeres de 12 años o más.",""
2024,"persona","p54b_hvtot_hom","Esta pregunta se refiere al número total de hijos que una mujer de 12 años o más dio a luz a lo largo de su ciclo reproductivo hasta la fecha del censo, cabe remarcar que se excluyen las muertes fetales. Nacido vivo: Es toda niña o niño que al nacer manifiesta cual signo de vida como respirar, llorar o moverse. Si luego de unos minutos llegara a fallecer, debe considerarse también como nacido vivo.","54. En total, ¿cuántas hijas e hijos nacidos vivos ha tenido?, incluyendo a los que no vivan con usted o hayan fallecido después de nacer ¿Cuántos en total? ¿Cuántas mujeres? ¿Cuántos hombres?","Todas las mujeres de 12 años o más.",""
2024,"persona","p55_hstot","Esta pregunta se refiere al número total de hijas e hijos que permanecen vivos hasta la fecha del censo, teniendo como referencia el total de hijas o hijos nacidos vivos que ha tenido una mujer de 12 años o más, esta pregunta excluye a aquellas hijas e hijos que una vez nacidos vivos hayan fallecido posteriormente.","55. De las hijas e hijos que ha tenido, ¿cuántos viven actualmente? ¿Cuántos en total? ¿Cuántas mujeres? ¿Cuántos hombres?","Todas las mujeres de 12 años o más.",""
2024,"persona","p55a_hstot_muj","Esta pregunta se refiere al número total de hijas que permanecen vivos hasta la fecha del censo, teniendo como referencia el total de hijas o hijos nacidos vivos que ha tenido una mujer de 12 años o más, esta pregunta excluye a aquellas hijas e hijos que una vez nacidos vivos hayan fallecido posteriormente.","55. De las hijas e hijos que ha tenido, ¿cuántos viven actualmente? ¿Cuántos en total? ¿Cuántas mujeres? ¿Cuántos hombres?","Todas las mujeres de 12 años o más.",""
2024,"persona","p55b_hstot_hom","Esta pregunta se refiere al número total de hijos que permanecen vivos hasta la fecha del censo, teniendo como referencia el total de hijas o hijos nacidos vivos que ha tenido una mujer de 12 años o más, esta pregunta excluye a aquellas hijas e hijos que una vez nacidos vivos hayan fallecido posteriormente.","55. De las hijas e hijos que ha tenido, ¿cuántos viven actualmente? ¿Cuántos en total? ¿Cuántas mujeres? ¿Cuántos hombres?","Todas las mujeres de 12 años o más.",""
2024,"persona","p56_edadmad","Esta pregunta se refiere a la edad que tenía la madre en el momento del nacimiento de primer hija/o nacida/o viva/o, este dato preliminar permite realizar estudios sobre fecundidad temprana o la edad media de su inicio.","56. ¿A qué edad tuvo su primera hija o hijo nacido vivo?","Todas las mujeres de 12 años o más.",""
2024,"persona","p57a_uhnacmes","Esta pregunta se refiere al mes en que nació la última hija o hijo nacido vivo de la mujer entrevistada.","57. ¿En qué mes y año nació su última hija e hijo nacido vivo? Enero Febrero Marzo Abril Mayo Junio Julio Agosto Septiembre Noviembre Diciembre","Todas las mujeres de 12 años o más.",""
2024,"persona","p57b_uhnacan","Esta pregunta se refiere al año en que nació la última hija o hijo nacido vivo de la mujer entrevistada.","57. ¿En qué mes y año nació su última hija e hijo nacido vivo? Año","Todas las mujeres de 12 años o más.",""
2024,"persona","p58_uhsobre","Esta pregunta se refiere a si la última/o hija/o nacida/o viva/o de la mujer entrevistada vive actualmente.","58. Su última hija o hijo, ¿vive actualmente?","Todas las mujeres de 12 años o más.",""
2024,"persona","p59_atparto","Esta pregunta se refiere al tipo de persona que atendió el último parto.","59. ¿Quién atendió su último parto? 1 Médica(o) 2 Enfermera(o) 3 Auxliar de enfermería 4 Partera(a) 5 Atención conjunta (con medicina tradicional) 6 Cónyugue o familiar 7 Otra persona 8 Usted misma","Todas las mujeres de 12 años o más.",""
2024,"persona","p59_mef","Esta variable derivada indica el tipo de persona que atendió el último parto en los últimos cinco años en Mujeres en Edad Fértil (MEF)","","Mujeres de 15 a 49 años de edad.","Variable derivida de la pregunta 59, que aplica las categorías de la pregunta a las mujeres en edad fertil (15 a 49 años)."
2024,"persona","p59_partocalif","Esta variable derivada se refiere a la atención brindada (calificada/no calificada) en el último parto, durante los últimos cinco años en Mujeres en Edad Fértil (MEF).","","Mujeres de 15 a 49 años de edad. No incluye a la población de mujeres que residen habitualmente en el exterior y/o las que no declararon hijas(os) ni declararon la pregunta.","Variable derivada de la pregunta 59, que recodifica con código 1 (Si: fue atendido por personal de saud calificado) a las categorías 1 al 3 y código 2 (No: no atendido por personal de salud calificado) a las categorías 4 al 8."
2024,"persona","pea_13","Esta variable derivada se refiere al conjunto de personas de 7 años o más de edad que, en la semana de referencia, estaban ocupadas o desocupadas, es decir, no estaban ocupadas, buscaban trabajo activamente (cesantes o aspirantes). Incluye también, como ocupados, a quienes durante la semana de referencia estuvieron temporalmente ausentes de su empleo por razones circunstanciales. La variable está conforme a las definiciones de la décimo tercera Conferencia de Estadísticos del Trabajo (13°CIET).","","Personas de 7 años o más de edad. No incluye a la población que reside habitualmente en el exterior y no declararon en las preguntas de condición de actividad.","Variable derivada de las preguntas (P43 a P48) que corresponde al conjunto de personas de 7 años o más de edad que, en la semana de referencia, estaban ocupadas o desocupadas, es decir, no estaban ocupadas, buscaban trabajo (cesantes o aspirantes). Incluye también, como ocupados, a quienes durante la semana de referencia estuvieron temporalmente ausentes de su empleo por razones circunstanciales. La variable está conforme a las definiciones de la décimo tercera Conferencia de Estadísticos del Trabajo (13°CIET)."
2024,"persona","pei_13","Esta variable derivada se refiere al conjunto de personas de 7 años o más de edad que en la semana de referencia no participaron en el mercado laboral o, en otros términos, no tenían ocupación ni buscaban activamente una ocupación, por ejemplo: jubilados, estudiantes, amas de casa. La variable está conforme a las definiciones de la décimo tercera Conferencia de Estadísticos del Trabajo (13°CIET).","","Personas de 7 años o más de edad. No incluye a la población que reside habitualmente en el exterior y no declararon en las preguntas de condición de actividad.","Variable derivada de la pregunta P48 (condición de inactividad), que corresponde al conjunto de personas de 7 años o más de edad que en la semana de referencia no participaron en el mercado laboral o, en otros términos, no tenían ocupación ni buscaban una activamente. La variable está conforme a las definiciones de la décimo tercera Conferencia de Estadísticos del Trabajo (13°CIET)."
2024,"persona","pet_13","Variable de acuerdo con las definiciones de la 13° Conferencia Internacional de Estadísticos del Trabajo (13° CIET). Es importante mencionar que de acuerdo con la Ley Nº 548 “Código Niño, Niña y Adolescente”, Art. 129, la edad mínima para trabajar es 14 años, sin embargo, para efectos comparativos con censos anteriores y realizar estudios sobre trabajo infantil, las preguntas de características económicas están destinadas a las personas de 7 años o más edad.","","Personas de 7 años o más de edad. No incluye a la población que reside habitualmente en el exterior y no declararon en las preguntas de condición de actividad.","Variable derivada de la pregunta P26(edad), P36(residencia habitual) y las preguntas P43 a P48 (sobre condición de actividad) con base a definiciones de la décimo tercera Conferencia Internacional de Estadísticos del Trabajo (13° CIET). Para fines comparativos y de análisis contiene información de población de 7 o más años de edad conforme al flujo del cuestionario censal."
2024,"persona","pet_19","Esta variable derivada se refiere a la población en edad de trabajar. Es la clasificación de la población considerada con la capacidad de realizar actividades productivas. De acuerdo con la Ley Nº 548 “Código Niño, Niña y Adolescente”, Art. 129, la edad mínima para trabajar es 14 años. Para fines comparativos y de análisis contiene información de población de 7 o más años de edad conforme al flujo del cuestionario censal. La variable está de acuerdo a las definiciones de la décimo novena Conferencia Internacional de Estadísticos del Trabajo (19° CIET).","","Personas de 7 años o más de edad. No incluye a la población que reside habitualmente en el exterior y no declararon en las preguntas de condición de actividad.","Variable derivada de la pregunta P26(edad), P36(residencia habitual) y las preguntas P43 a P48 (sobre condición de actividad) con base a definiciones de la 19° Conferencia Internacional de Estadísticos del Trabajo (19° CIET)."
2024,"persona","prov_lab_cod","Se refiere a la provincia (entidades subnacionales intermedias del país en las que se subdivide el territorio del Estado Plurinacional de Bolivia) derivada de la declaración de la persona en la pregunta 52, opción 3 (municipio donde trabaja)","","Personas de 7 años o más de edad.","Variable derivada, codificación de provincia donde trabaja."
2024,"persona","prov_nac_cod","Esta variable derivada se refiere a la provincia (entidades subnacionales intermedias del país en las que se subdivide el territorio del Estado Plurinacional de Boliva) de nacimiento de una persona. Cabe aclarar que el lugar de nacimiento no es sinónimo de lugar de residencia.","","Todas las personas.","Variable derivada de la pregunta P35_LUGNAC. Esta variable construye el código de provincia a cuatro dígitos a partir del código de departamento (IDEP) y de provincia (IPROV) de la boleta para las personas que declararon en la opción de respuesta 1 y a partir del código de departamento (P35J_DEPTOCOD) y código de provincia (P35H1_PROVCOD) para las personas que declararon en la opción de respuesta 2."
2024,"persona","prov_res_cod","Esta variable derivada se refiere a la provincia (entidades subnacionales intermedias del país en las que se subdivide el territorio del Estado Plurinacional de Boliva) de residencia habitual de una persona. Cabe aclarar que el lugar de residencia habitual no es sinónimo de lugar de residencia.","","Todas las personas.","Variable derivada de la pregunta P36_LUGRES. Esta variable construye el código de provincia a cuatro dígitos a partir del código de departamento (IDEP) y de provincia (IPROV) de la boleta para las personas que declararon en la opción de respuesta 1 y a partir del código de departamento (P36J_DEPTOCOD) y código de provincia (P36H1_PROVCOD) para las personas que declararon en la opción de respuesta 2."
2024,"persona","prov_res5_cod","Esta variable derivada se refiere a la provincia (entidades subnacionales intermedias del país en las que se subdivide el territorio del Estado Plurinacional de Boliva) de residencia de una persona el año 2019. Cabe aclarar que el lugar de residencia habitual no es sinónimo de lugar de residencia.","","Personas de 5 años o más de edad.","Variable derivada de la pregunta P37_LUGRES5. Esta variable construye el código de provincia a cuatro dígitos a partir del código de departamento (IDEP) y de provincia (IPROV) de la boleta para las personas que declararon en la opción de respuesta 1 y a partir del código de departamento (P37J_DEPTOCOD) y código de provincia (P37H1_PROVCOD) para las personas que declararon en la opción de respuesta 2."
2024,"vivienda","i00","Es el número que corresponde a una determinada vivienda donde se realizó el empadronamiento.","Nro. de vivienda","",""
2024,"vivienda","idep","Corresponde al código que identifica al departamento de Bolivia donde se llenó el cuestionario censal. Un departamento es un espacio geográfico y es la unidad territorial de mayor jerarquía y la base de la organización territorial del Estado Plurinacional de Bolivia. Cada uno de los nueve (9) departamentos del país constituye una entidad autónoma con un gobierno propio, y está conformado por provincias, municipios y/o Territorios Indígena Originario Campesinos (TIOCs).","","",""
2024,"vivienda","imun","Corresponde al código que identfica al municipio o territorio indígena originario campesino donde se llenó el cuestionario censal. EL municipio/TIOC es un espacio geográfico y son unidades territoriales básicas del Estado boliviano. Bolivia cuenta con trescientos cuarenta y tres (343) municipios/TIOCs: - El municipio es la unidad administrativa y política básica del país, conformada por una o varias comunidades y/o centros poblados. Bolivia cuenta con trecientos treinta y cinco (335) municipios en el país. - El TIOC es un espacio geográfico, donde una o varias naciones o pueblos indígenas ejercen su autogobierno y su derecho a la libre determinación. Bolivia cuenta con ocho (8) TIOCs. Código al cual corresponde el municipio o territorio indígena originario campesino de residencia de la persona informante, dentro de cada provincia.","","",""
2024,"vivienda","iprov","Corresponde al código que identifica la provincia de Bolivia donde se llenó el cuestionario censal. La provincia es un espacio geográfico y es la unidad territorial que se encuentra dentro de un departamento. A diferencia del departamento y del municipio, la provincia no posee autonomía y su función principal es servir como un nivel intermedio de organización. Bolivia cuenta con un total de ciento doce provincias (112).","","",""
2024,"vivienda","tip_hog","Esta variable derivada se refiere a la clasificación de los hogares según su composición y características, como número de integrantes, relaciones de parentesco y estructura (por ejemplo, unipersonal, nuclear, extendido o compuesto).","","Todas las viviendas particulares con personas presentes.","Esta variable derivada de tipo de hogar definido según la presencia de determinados miembros del hogar, de acuerdo a la variable relación de parentesco entre los miembros que lo integran y su relación con la persona identificada como jefa o jefe de hogar. 1. Hogar unipersonal: compuesto por una persona, que por definición es la jefa o jefe de hogar. 2. Hogar de pareja nuclear: compuesto por la jefa o jefe de hogar y su cónyuge sin hijos/as (puede incluir trabajador/a del hogar y sus familiares). 3. Hogar monoparental: compuesto por la jefa o jefe de hogar sin cónyuge, con hijos/as (puede incluir trabajador/a del hogar y sus familiares). 4. Hogar nuclear completo: conformado por la jefa o jefe de hogar, su cónyuge e hijos/as (puede incluir trabajador/a del hogar y sus familiares). 5. Hogar extendido: conformado por hogar unipersonal o nuclear (pareja nuclear o nuclear completo o monoparental) y otros familiares (tíos, primos u otros parientes, puede incluir trabajador/a del hogar y sus familiares). 6. Hogar compuesto: integrado por hogar unipersonal, nuclear o extendido y otros no familiares (otros no parientes, puede incluir trabajador/a del hogar y sus familiares). 7. Otro tipo de hogar: conformado por la jefa o jefe de hogar y trabajador/a del hogar y sus familiares. 8. Hogar de menores sin jefe de hogar: compuesto por niños menores de 12 años."
2024,"vivienda","tot_pers","Eata variable derivada se refiere al número de total de personas en la vivienda, sea esta particular o colectiva.","","Todas las viviendas particulares con personas presentes.",""
2024,"vivienda","urbrur","Corresponde al área donde se encuentra la vivienda, a parir de la división del territorio en área urbana y área rural. El INE adopta los criterios para el área urbana a toda ciudad o centro poblado que cuenta con 2.000 habitantes o más, en las capitales de departamento, provincia o municipio, independientemente de su tamaño/extensión (INE, 2015). Por otro lado, se considera rural aquellos centros poblados con menos de 2.000 habitantes y a espacios geográficos dispersos.","Es el espacio geográfico en el que se haya situada una determinada vivienda donde se realizó el empadronamiento, ya sea esta en un área Urbana o Rural.","Todas las viviendas de Bolivia.",""
2024,"vivienda","v01_tipoviv","Esta pregunta se refiere a toda edificación que ha sido construida o adaptada para ser habitada permanente o temporalmente por una o más personas. Debe tener techo y acceso directo e independiente desde el exterior de la construcción o a través de espacios de uso común, como ser pasillos, patios o gradas, donde las personas pueden entrar y salir sin pasar por el interior de los cuartos de otra persona. Las viviendas pueden ser particulares o colectivas. A. Vivienda particular (opciones 1 al 6). . Edificación construida para ser habitada por personas con relación de parentesco o sin él, pero que viven bajo un mismo techo. Puede ser vivienda ocupada o desocupada. B. Vivienda colectiva (opciones 7 a la 14). Es aquella edificación habitada por un conjunto de personas que comparten o se someten a normas administrativas de convivencia y comportamiento por motivos de salud, educación o disciplina, generalmente, sin relación de parentesco. Por ejemplo, alojamientos, hospitales, cuarteles, centros penitenciarios (cárceles). Corresponden a viviendas colectivas con personas presentes en el día del Censo. En la categoría “Hospital o clínica con internación” se incluye también a los centros de salud, postas e Institutos especializados con personas presentes en el día del censo. C. Sin vivienda (opciones 15 y 16). Se refiere a personas que viven en la calle o que se encuentran en tránsito.","1. La vivienda es: (tipo de vivienda) A. Vivienda Particular (PASE A 2) 1 Casa 2 Choza, pahuichi 3 Departamento 4 Cuarto(s) o habitación(es) suelta(s) 5 Vivienda improvisada o vivienda movíl 6 Establecimiento no destinado para vivienda B. Vivienda Colectiva (PASE PAG.4) 7 Hotel, hostal, residebcial o alojamiento 8 Hospital o clinica con internación 9 Cuartel o establecimiento militar o policial 10 Residencia u otoro de adultos mayores 11 Albergue de niñas(os) y adolescentes 12 recinto penitenciario o de reintegración 13 Campamento de trabajo 14 Otras (institución de rehabilitación,convento) C. Sin Vivienda (PASE PAG.4) 15 Persona que vive en la calle. 16 En transito: termina, aeropuerto, puerto u otro.","Todas las viviendas de Bolivia.",""
2024,"vivienda","v02_condocup","Esta pregunta se refiere a la condición respecto a la ocupación de la vivienda, pueden ser ocupadas o desocupadas. A. Ocupada Es toda vivienda que en el día del censo está ocupada por una o más personas presentes (sean o no parientes entre sí) o por personas que están ausentes temporalmente por razones de trabajo, enfermedad u otra; siendo evidencia de su ocupación la presencia de muebles y/o enseres. Vivienda ocupada con personas presentes ? Son viviendas particulares que están habitadas, es decir que, en el momento de la realización del censo, se encuentra al menos una persona presente. . Vivienda ocupada con personas temporalmente ausentes ? Son viviendas particulares en las cuales, en el momento de la realización del censo, sus ocupantes se encuentran ausentes por motivo de vacaciones, trabajo, salud, época de cosecha, siembra, etc. B. Desocupada Es toda vivienda que en el día del censo no presenta muebles ni enseres. Puede ser para alquilar y/o vender, terminándose de construir o reparar o abandonada. . Vivienda para alquiler y/o vender Es una construcción finalizada ofrecida para alquilar o vender. . Vivienda terminándose de construir o reparar Es toda vivienda que en el día del censo está desocupada por estar en construcción y/o reparación, pero que ya cuenta con techo, paredes y aberturas para puertas y ventanas. . Vivienda abandonada Es toda vivienda que en el día del censo no está ocupada, está deteriorada y/o nadie se hace cargo de ella.","2.- La vivienda esta: (Condición de Ocupación de la Vivienda) A Ocupada: 1 Con personas presentes.(PASE A 3) 2 Con personas temporalmente ausentes (CONFIRME CON LOS VECINOS) B Desocupada: (CONFIRME CON LOS VECINOS) 3 Para alquilar y/o vender 4 Terminándose de construir o reparar 5 abandonada","Todas las viviendas particulares de Bolivia.",""
2024,"vivienda","v03_pared","Esta pregunta se refiere al material de construcción más utilizado en las paredes de la vivienda que ocupa el hogar.","3.- ¿Cuál es el material de construcción más utilizado en las paredes de esta vivienda? 1 Ladrillo, bloque de cemento, hormigón 2 Adobe, tapial 3 Tabique, quinche 4 Piedra 5 Madera 6 Caña, palma, tronco 7 Otro","Todas las viviendas particulares con personas presentes.",""
2024,"vivienda","v04_revoq","Esta pregunta se refiere a las paredes interiores de la vivienda, si tienen revoque o algun tipo de revestimiento.","4.- Las paredes interiores de esta vivienda, ¿tienen revoque? 1 Sí 2 No","Todas las viviendas particulares con personas presentes.",""
2024,"vivienda","v05_techo","Esta pregunta se refiere a los materiales de construcción más utilizados en los techos de la vivienda, donde habita el hogar.","5. ¿Cuál es el material de construcción más utilizado en los techos de esta vivienda? 1 Calamina o plancha 2 Teja (de cemento, arcilla o fibrocemento) 3 Losa de hormigón armado 4 Paja, palma, caña, barro, jatata, motacu, chuchio 5 Otro","Todas las viviendas particulares con personas presentes.",""
2024,"vivienda","v06_piso","Esta pregunta se refiere a los materiales más utilizados en los pisos de la vivienda que ocupara el hogar.","6. ¿Cuál es el material más utilizado en los pisos de esta vivienda? 1 Tierra 2 Tablón de madera 3 Machihembre, Parquet 4 Cerámica, porcelanato 5 Cemento 6 Mosaico, baldosa 7 Ladrillo 8 Piso flotante 9 Otro","Todas las viviendas particulares con personas presentes.",""
2024,"vivienda","v07_aguapro","Esta pregunta se refiere a la procedencia del agua que usan en la vivienda por: 1. Cañería de red Es el servicio que proviene de una empresa o cooperativa, con distribución por medio de cañerías hasta la vivienda (baño, cocina y/o patio) 2. Pileta pública Se refiere a la distribución de agua por medio de cañerías fuera del terreno donde se encuentra la vivienda. Puede provenir de una empresa o cooperativa pública encargada de su tratamiento y es de acceso público 3. Cosecha de agua de lluvia Es la recolección y almacenamiento de agua de lluvia. 4. Pozo excavado o perforado, con bomba Es cuando el agua proviene de un pozo excavado o perforado, con paredes revestidas de hormigón que impide la infiltración de contaminación externa y que cuenta con una tapa 5. Pozo no protegido o sin bomba Es cuando el agua proviene de un pozo que no cuenta con revestimiento en sus paredes, la extracción es manual con la ayuda de recipientes 6. Manantial o vertiente protegida Agua que proviene de fuentes naturales captada en una caja construida con ladrillo, mampostería u hormigón. El agua fluye directamente desde la caja sin exponerse a la contaminación externa 7. Río, acequia o vertiente no protegida Es el abastecimiento de agua proveniente de los ríos, vertiente no protegida, acequia (zanja o canal que transporta el agua de un río, u otra fuente, hacia un cultivo) o de agua no quieta, puede ser obtenida por acarreo (baldes, bidones, etc.) o por medio de un sistema de tubería informal. Carro repartidor (aguatero) Es cuando las personas que viven en la vivienda se abastecen de agua a través de un vehículo distribuidor conocido como carro repartidor, aguatero o cisterna. 9. Otro Se considera lago, laguna, curiche, agua estancada o cualquier otra forma de obtener agua que no esté en las demás opciones.","7. Principalmente, el agua que usan en la vivienda proviene de: 1 Cañería de red 2 Pileta pública 3 Cosecha de agua de lluvia 4 Pozo excavado o perforado con bomba 5 Pozo no protegido o sin bomba 6 Manantial o vertiente protegida 7 Rio, acequia o vertiente no protegida 8 Carro repartidor (aguatero) 9 Otro","Todas las viviendas particulares con personas presentes.",""
2024,"vivienda","v08_aguadist","Esta pregunta hace referencia a la forma en que se distribuye el agua que se utilizan en la vivienda, independientemente de la procedencia de la misma.","8. El agua que usan en la vivienda se distribuye: 1 Por cañería dentro de la vivienda 2 Por cañería fuera de la vivienda pero dentro del lote o terreno 3 No se distribuye por cañería","Todas las viviendas particulares con personas presentes.",""
2024,"vivienda","v09_energia","Esta pregunta se refiere al origen de la energía eléctrica que utiliza la vivienda.","9. ¿De dónde proviene la energía eléctrica que usan en la vivienda? 1 Servicio público de enérgia eléctrica 2 Motor propio (generador) 3 Panel solar 4 Otro 5 No tiene","Todas las viviendas particulares con personas presentes.",""
2024,"vivienda","v10_combus","Esta pregunta se refiere a el principal combustible o energía utilizada para cocinar.","10. ¿Cuál es el principal combustible o energía que utilizan para cocinar?. 1 Gas en garrafa 2 Gas por cañería (a domicilio) 3 Leña 4 Guano, bosta o taquia 5 Eléctricidad 6 Energía solar (cocina solar) 7 Otro. 8 No cocina.","Todas las viviendas particulares con personas presentes.",""
2024,"vivienda","v11_basura","Esta pregunta se refiere a la eliminación de los desechos sólidos de la basura que se genera en la vivienda.","11. Habitualmente, ¿Qué hacen con la basura que generan?. 1 La depositan en el contenedor o basurero público 2 La entregan al carro basurero (servicio público) 3 La botan en un terreno baldio o la calle 4 La botan al rio 5 La queman 6 La entierran 7 Otra forma","Todas las viviendas particulares con personas presentes.",""
2024,"vivienda","v12_cocina","Esta pregunta se refiere a la disponibilidad de un espacio delimitado por paredes, techos, que es independiente y destinado exclusivamente para la preparación de alimentos y limpieza de los utensilios de cocina, al interior posee cocina, fogón, aparato para preparar alimentos o calentar. Incluye las cocinas de tipo americana.","12. ¿Tienen un cuarto solo para cocinar?. 1 Sí 2 No","Todas las viviendas particulares con personas presentes.",""
2024,"vivienda","v13_habitac","Esta pregunta se refiere al número de cuartos o habitaciones que ocupan en la vivienda sin contar baño y cocina.","13. ¿Cuántos cuartos o habitaciones ocupan, sin contar baño y cocina? 1 Uno 2 Dos 3 Tres 4 Cuatro 5 Cinco 6 Seis 7 Siete 8 Ocho o más","Todas las viviendas particulares con personas presentes.",""
2024,"vivienda","v14_dormit","Esta pregunta se refiere a los cuarto o habitación para dormir, que son entendidos como es el espacio con techo y paredes fijas, con suficiente tamaño para instalar una cama o catre para persona adulta.","14. De estos cuartos o habitaciones, ¿Cuántos se utilizan solo para dormir? 0 Cero 1 Uno 2 Dos 3 Tres 4 Cuatro 5 Cinco 6 Seis 7 Siete 8 Ocho o más","Todas las viviendas particulares con personas presentes.",""
2024,"vivienda","v15_servsan","Esta pregunta se refiere a la disponibilidad de baño o letrina que pudiese poseer el hogar. Al servicio higiénico se lo conoce con distintos nombres como los que se señalan en la pregunta, por lo tanto, es importante que se lean los tres nombres y si en la región lo conocen con otro nombre menciónalo también. La alternativa ""No"" considera que las personas del hogar hacen uso de servicios higiénicos públicos, corrales o al aire libre.","15. ¿Tienen, baño o letrina?. 1 Sí, usado solo por su hogar 2 Sí, compartido con otros hogares 3 No tiene. (PASE A 17)","Todas las viviendas particulares con personas presentes.",""
2024,"vivienda","v16_desague","Esta pregunta se refiere a la forma de eliminación de aguas servidas está relacionada con la disponibilidad de servicio sanitario, baño o letrina toma en cuenta: 1.A la red de alcantarillado que es un sistemas de tubería para recolectar las excretas humanas (heces y orina) y aguas servidas y alejarlas del entorno del hogar, 2.Cámara séptica Es un tanque de sedimentación donde el retrete (baño) descarga los excrementos a un depósito hermético, normalmente ubicado bajo el suelo, lejos de la vivienda y diseñado para separar los líquidos de los sólidos, que luego se dejan sedimentar y descomponer. 3.A un pozo ciego Es un hoyo excavado en el suelo, donde no se realiza ningún tipo de tratamiento para recolectar las excretas humanas y que se tapa cuando está lleno. 4.A un pozo de absorción Es un sistema que arrastra las heces y orina a un hoyo o pozo bajo tierra. Las paredes del pozo son construidas y protegidas para filtrar las aguas residuales. 5.A la superficie (calle, quebrada o río) Cuando las heces y orina se descargan a la calle, patio o terreno, cloaca abierta, zanja, río, quebrada u otro lugar. 6.Es baño ecológico Se refiere a una letrina seca en la que los excrementos se cubren con algún material con un alto contenido en carbono (desechos vegetales, paja, hierba, aserrín o cenizas) y se mantienen en unas condiciones especiales para producir un abono inocuo. Una letrina de compostaje puede tener un dispositivo de separación de orina o carecer de él. Tambien conocidos como letrina de compostaje.","16. El baño o letrina tiene desague: 1 A la red de alcantarillado 2 A una camara séptica 3 A un pozo ciego 4 A un pozo de absorción 5 A la superficie (calle, quebrada o rio) 6 Es baño ecológico","Todas las viviendas particulares con personas presentes.",""
2024,"vivienda","v17_tenencia","Esta pregunta se refiere a la forma en que un hogar posee, utiliza o habita una vivienda. Esto implica la modalidad bajo la cual tienen acceso al inmueble, ya sea de manera legal, física o contractual, las personas, señalando si son propietarios, arrendatarios, usufructuarios, si la ocupan en calidad de préstamo o si la habitan irregularmente sin un título formal. 1.Propia y totalmente pagada: Se refiere a la vivienda habitada por el hogar, adquirida mediante compra o herencia que está totalmente pagada y les pertenece. 2.Propia y la están pagando: Es aquella ocupada por los miembros del hogar y fue adquirida mediante compra al crédito a mediano o largo plazo o deuda hipotecaria y se efectúan pagos a una entidad financiera por concepto de amortización e interés. 3.Prestada por parientes o amigos: Se refiere al caso, cuando los residentes manifiestan que la vivienda no es de su propiedad y hacen uso de ella en calidad de préstamo por parte de un familiar o amigo, sin pagar una renta o alquiler por ella 4.Alquilada: Cuando la vivienda es ocupada por los miembros del hogar por decisión del propietario, a cambio del pago de una cantidad fija de dinero en forma periódica, normalmente cada mes. 5.En contrato anticrético: Es un convenio que se realiza entre dos partes, una parte entrega una suma de dinero al dueño de una vivienda por el derecho a ocuparla por un período de tiempo, generalmente un año, y la otra parte se compromete a devolver el dinero al ocupante del inmueble, previa entrega de la vivienda, al cabo del periodo acordado 6.En contrato mixto (alquiler y anticrético) Se refiere a aquellos hogares que pagan alquileres y a su vez dieron un monto de dinero como anticrético por el uso de la vivienda. 7.Cedida por servicios: Se refiere a aquellas viviendas que se entregan a alguna persona a cambio que ésta realice algún servicio. Por ejemplo: una portera en un colegio como contraprestación de servicios. Otra como por ejemplo las viviendas tomadas.","17. La vivienda que ocupan es: 1 Propia y totalmente pagada 2 Propia y la están pagando 3 Prestada por parientes o amigos 4 Alquilada 5 En contrato anticrético 6 En contrato mixto (anticrético y alquiler) 7 Cedida por servicios 8 Otra","Todas las viviendas particulares con personas presentes.",""
2024,"vivienda","v18a_bici","Esta pregunta se refiere a los medios de transporte como la tenencia de bicicleta en los hogares.","18.1. Su hogar tiene: ¿Bicicleta? 1 Sí 2 No","Todas las viviendas particulares con personas presentes.",""
2024,"vivienda","v18b_moto","Esta pregunta se refiere a los medios de transporte como la tenencia de motocicleta o cuadratrack en los hogares.","18.2. Su hogar tiene: Motocicleta o cuadratrack. 1 Sí 2 No","Todas las viviendas particulares con personas presentes.",""
2024,"vivienda","v18c_auto","Esta pregunta se refiere a los medios de transporte como la tenencia de vehículo automotor en los hogares.","18.3. Su hogar tiene: vehículo automotor. 1 Sí 2 No","Todas las viviendas particulares con personas presentes.",""
2024,"vivienda","v18d_carreta","Esta pregunta se refiere a los medios de transporte como la tenencia de carreta o carretón en los hogares.","18.4. Su hogar tiene: Carreta o carretón. 1 Sí 2 No","Todas las viviendas particulares con personas presentes.",""
2024,"vivienda","v18e_bote","Esta pregunta se refiere a los medios de transporte como la tenencia de deslizador, balsa, canoa o bote en los hogares.","18.5. Su hogar tiene: deslizador, balsa, canoa o bote. 1 Sí 2 No","Todas las viviendas particulares con personas presentes.",""
2024,"vivienda","v18f_refri","Esta pregunta se refiere a la tenencia de refrigerador o congeladora en los hogares.","18.6. Su hogar tiene: Refrigerador o congeladora. 1 Sí 2 No","Todas las viviendas particulares con personas presentes.",""
2024,"vivienda","v18g_micro","Esta pregunta se refiere a la tenencia de horno microondas en los hogares.","18.7. Su hogar tiene: Microondas. 1 Sí 2 No","Todas las viviendas particulares con personas presentes.",""
2024,"vivienda","v18h_calefon","Esta pregunta se refiere a la tenencia de calefón o termotanque en los hogares.","18.8. Su hogar tiene: Calefon o termotanque. 1 Sí 2 No","Todas las viviendas particulares con personas presentes.",""
2024,"vivienda","v18i_aire","Esta pregunta se refiere a la tenencia de aire acondicionado en los hogares.","18.9. Su hogar tiene: Aire acondicionado. 1 Sí 2 No","Todas las viviendas particulares con personas presentes.",""
2024,"vivienda","v18j_lavadora","Esta pregunta se refiere a la tenencia de lavadora de ropa en los hogares.","18.10. Su hogar tiene: Lavadora de Ropa. 1 Sí 2 No","Todas las viviendas particulares con personas presentes.",""
2024,"vivienda","v19a_radio","Esta pregunta se refiere a la tenencia de tecnologías de información y comunicación (TIC) en los hogares. La disponibilidad de una radio o equipo de sonido que pudiese tener el hogar.","19.1. Su hogar tiene: Radio o Equipo de Sonido. 1 Sí 2 No","Todas las viviendas particulares con personas presentes.",""
2024,"vivienda","v19b_tv","Esta pregunta se refiere a la tenencia de tecnologías de información y comunicación (TIC) en los hogares. La disponibilidad de un televisor que pudiese tener el hogar.","19.2. Su hogar tiene: Televisor. 1 Sí 2 No","Todas las viviendas particulares con personas presentes.",""
2024,"vivienda","v19c_compu","Esta pregunta se refiere a la tenencia de tecnologías de información y comunicación (TIC) en los hogares. La disponibilidad de una computadora, laptop o tablet que pudiese tener el hogar.","19.3. Su hogar tiene: Computadora, laptop o tablet. 1 Sí 2 No","Todas las viviendas particulares con personas presentes.",""
2024,"vivienda","v19d_celular","Esta pregunta se refiere a la tenencia de tecnologías de información y comunicación (TIC) en los hogares. La disponibilidad de un telefono celular que pudiese tener el hogar.","19.4. Su hogar tiene: Teléfono celular. 1 Sí 2 No","Todas las viviendas particulares con personas presentes.",""
2024,"vivienda","v19e_f","Internet fijo: Servicio de conexión a internet instalado en el domicilio mediante redes cableadas o inalámbricas fijas. Internet móvil: Servicio de conexión a internet que se accede a través de redes celulares mediante teléfonos móviles, módems o dispositivos portátiles.","","Todas las viviendas particulares con personas presentes.","La pregunta recoge datos sobre la tenencia de tecnologías de información y comunicación (TIC) en los hogares. La disponibilidad de internet fijo en la vivienda o internet móvil que pudiese tener el hogar."
2024,"vivienda","v19e_inetfijo","Esta pregunta se refiere a la tenencia de tecnologías de información y comunicación (TIC) en los hogares. La disponibilidad de internet fijo que pudiese tener el hogar.","19.5. Su hogar tiene: Interner fijo en la vivienda. 1 Sí 2 No","Todas las viviendas particulares con personas presentes.",""
2024,"vivienda","v19f_inetmovil","Esta pregunta se refiere la tenencia de tecnologías de información y comunicación (TIC) en los hogares. La disponibilidad de internet móvil (megas o datos) que pudiese tener el hogar.","19.6. Su hogar tiene: Interner móvil (mega o datos). 1 Sí 2 No","Todas las viviendas particulares con personas presentes.",""
2024,"vivienda","v19g_tvcable","Esta pregunta se refiere a la tenencia de tecnologías de información y comunicación (TIC) en los hogares. La disponibilidad de un servicio de TV cable o satelital que pudiese tener el hogar.","19.7. Su hogar tiene: Servicio de TV cable o satelital. 1 Sí 2 No","Todas las viviendas particulares con personas presentes.",""
2024,"vivienda","v19h_d","Esta variable derivada se refiere al acceso a comunicación telefónica ya sea mediante una línea fija instalada en la vivienda o a través de un dispositivo móvil que funciona con redes inalámbricas.","","Todas las viviendas particulares con personas presentes.","La variable derivada recoge datos sobre la tenencia de tecnologías de información y comunicación (TIC) en los hogares. La disponibilidad de servicio de telefonía fija o teléfono celular que pudiese tener el hogar."
2024,"vivienda","v19h_telfijo","Esta pregunta se refiere a la tenencia de tecnologías de información y comunicación (TIC) en los hogares. La disponibilidad de servicio de telefonia fija que pudiese tener el hogar.","19.8. Su hogar tiene: Servicio de Telefonía fija. 1 Sí 2 No","Todas las viviendas particulares con personas presentes.",""
2024,"vivienda","v20a_emi","Esta pregunta se refiere a a las personas que vivían en el hogar, pero que actualmente viven en otro país de forma temporal o permanente.","20. Alguna persona que vivía con usted(es) en este hogar, ¿actualmente vive en otro país? Sí, ¿Cuántas personas? - 1 ¿Cuál era su nombre? - 2 ¿En qué país vive actualmente? - 3 ¿La persona es ? - 4 ¿En qué año salió del país? - 5 A qué edad se fue? 2 No.( PASE A. 21)","Todas las viviendas particulares con personas presentes.",""
2024,"vivienda","v20b_totemi","Esta pregunta se refiere a a las personas que vivían en el hogar, pero que actualmente viven en otro país de forma temporal o permanente. No se registran a las personas que se fueron a otro lugar del país.","20.Alguna persona que vivía con usted(es) en este hogar, ¿actualmente vive en otro país?. Sí, ¿Cuántas personas?","Todas las viviendas particulares con personas presentes.",""
2024,"vivienda","v21a_fal","Esta pregunta se refiere a la cantidad de personas de la vivienda que murieron desde el 2019.","21. Desde 2019 a la fecha, ¿murió alguna persona que vivía con usted(es) en este hogar? 1 Sí. ¿cuántas personas? 2 No. pase a la pregunta 22","Todas las viviendas particulares con personas presentes.",""
2024,"vivienda","v21b_totfal","Esta pregunta se refiere a la cantidad de personas de la vivienda que murieron desde el 2019.","21. Desde 2019 a la fecha, ¿murió alguna persona que vivía con usted(es) en este hogar?. 1 Sí. ¿cuántas personas?","Todas las viviendas particulares con personas presentes.",""
