{
"type": "FeatureCollection",
"name": "geo_departamentos",
"features": [
{ "type": "Feature", "properties": { "idep": "01", "nombre_dep": "Chuquisaca" }, "geometry": { "type": "Polygon", "coordinates": [ [ [ -65.392913, -19.172648 ], [ -65.389647, -19.176652 ], [ -65.3886, -19.191413 ], [ -65.39296, -19.204389 ], [ -65.383703, -19.22007 ], [ -65.383053, -19.226092 ], [ -65.375322, -19.236238 ], [ -65.36914, -19.256682 ], [ -65.361132, -19.262751 ], [ -65.331169, -19.270843 ], [ -65.324021, -19.281459 ], [ -65.31725, -19.300188 ], [ -65.309238, -19.306556 ], [ -65.288645, -19.30781 ], [ -65.260477, -19.315858 ], [ -65.232012, -19.31998 ], [ -65.223124, -19.327631 ], [ -65.221119, -19.337572 ], [ -65.215135, -19.343884 ], [ -65.185073, -19.357076 ], [ -65.175035, -19.355712 ], [ -65.169804, -19.360424 ], [ -65.164349, -19.369291 ], [ -65.152603, -19.375968 ], [ -65.141649, -19.377972 ], [ -65.131771, -19.374546 ], [ -65.114594, -19.375079 ], [ -65.10221, -19.373112 ], [ -65.089706, -19.366905 ], [ -65.082027, -19.375628 ], [ -65.056052, -19.385831 ], [ -65.04403, -19.381261 ], [ -65.036801, -19.369569 ], [ -65.025635, -19.367788 ], [ -65.01772, -19.358551 ], [ -65.007819, -19.352898 ], [ -64.986001, -19.352138 ], [ -64.970371, -19.346794 ], [ -64.958755, -19.35624 ], [ -64.939674, -19.357572 ], [ -64.929257, -19.362746 ], [ -64.921122, -19.361727 ], [ -64.91413, -19.35434 ], [ -64.908236, -19.371531 ], [ -64.900158, -19.374131 ], [ -64.893343, -19.380852 ], [ -64.897579, -19.392113 ], [ -64.890266, -19.402275 ], [ -64.879328, -19.397279 ], [ -64.865693, -19.40633 ], [ -64.852588, -19.410229 ], [ -64.85523, -19.419398 ], [ -64.849867, -19.423531 ], [ -64.845391, -19.448843 ], [ -64.840322, -19.455133 ], [ -64.836859, -19.469455 ], [ -64.823139, -19.483486 ], [ -64.818439, -19.501326 ], [ -64.822464, -19.50528 ], [ -64.823417, -19.516739 ], [ -64.829518, -19.534699 ], [ -64.834206, -19.565819 ], [ -64.839962, -19.575369 ], [ -64.842874, -19.587481 ], [ -64.830084, -19.602669 ], [ -64.830106, -19.609074 ], [ -64.816861, -19.611073 ], [ -64.810578, -19.625484 ], [ -64.7903, -19.631368 ], [ -64.787865, -19.652951 ], [ -64.777462, -19.664858 ], [ -64.767064, -19.684086 ], [ -64.760643, -19.687686 ], [ -64.751226, -19.703458 ], [ -64.741775, -19.70704 ], [ -64.741721, -19.716027 ], [ -64.736627, -19.721096 ], [ -64.734884, -19.737318 ], [ -64.726805, -19.746623 ], [ -64.729927, -19.755197 ], [ -64.725021, -19.773219 ], [ -64.714387, -19.779567 ], [ -64.726494, -19.788315 ], [ -64.739287, -19.78984 ], [ -64.748358, -19.804236 ], [ -64.760743, -19.818981 ], [ -64.775955, -19.84015 ], [ -64.78452, -19.85539 ], [ -64.789087, -19.86925 ], [ -64.787519, -19.875791 ], [ -64.792957, -19.889861 ], [ -64.794973, -19.902795 ], [ -64.80626, -19.913221 ], [ -64.806712, -19.919646 ], [ -64.816148, -19.929509 ], [ -64.829193, -19.933133 ], [ -64.837386, -19.948066 ], [ -64.838261, -19.955611 ], [ -64.850825, -19.981087 ], [ -64.858936, -19.974499 ], [ -64.871816, -19.981048 ], [ -64.874166, -19.975027 ], [ -64.888016, -19.966467 ], [ -64.896516, -19.945894 ], [ -64.897028, -19.933855 ], [ -64.893091, -19.924672 ], [ -64.895707, -19.910962 ], [ -64.904689, -19.899227 ], [ -64.907315, -19.889555 ], [ -64.915913, -19.87424 ], [ -64.91929, -19.860881 ], [ -64.91548, -19.854753 ], [ -64.914334, -19.842167 ], [ -64.927957, -19.843827 ], [ -64.930539, -19.860058 ], [ -64.939107, -19.865881 ], [ -64.941623, -19.876512 ], [ -64.959863, -19.868996 ], [ -64.979664, -19.85331 ], [ -64.99122, -19.852904 ], [ -64.989214, -19.845726 ], [ -64.999009, -19.828006 ], [ -65.004791, -19.826924 ], [ -65.008061, -19.814726 ], [ -65.029878, -19.794889 ], [ -65.039806, -19.796834 ], [ -65.056704, -19.79366 ], [ -65.052522, -19.806172 ], [ -65.052678, -19.820379 ], [ -65.060734, -19.84752 ], [ -65.061788, -19.86281 ], [ -65.06868, -19.873492 ], [ -65.071883, -19.891241 ], [ -65.075922, -19.899339 ], [ -65.077543, -19.918293 ], [ -65.08313, -19.931908 ], [ -65.071659, -19.938754 ], [ -65.062745, -19.949494 ], [ -65.062012, -19.956981 ], [ -65.071353, -19.967088 ], [ -65.077102, -19.979701 ], [ -65.07467, -19.989891 ], [ -65.086302, -19.995363 ], [ -65.090499, -20.009313 ], [ -65.107398, -20.015426 ], [ -65.128082, -20.015188 ], [ -65.144511, -20.011196 ], [ -65.152172, -20.012404 ], [ -65.170908, -19.995593 ], [ -65.191165, -19.961223 ], [ -65.203259, -19.937953 ], [ -65.213974, -19.939264 ], [ -65.222284, -19.935909 ], [ -65.222751, -19.940826 ], [ -65.244184, -19.97018 ], [ -65.266196, -19.987819 ], [ -65.272437, -19.996481 ], [ -65.27029, -20.003861 ], [ -65.277359, -20.009039 ], [ -65.2827, -20.004003 ], [ -65.304999, -20.009334 ], [ -65.305121, -20.026065 ], [ -65.289257, -20.053165 ], [ -65.283032, -20.059697 ], [ -65.271755, -20.080686 ], [ -65.268528, -20.09243 ], [ -65.256019, -20.102438 ], [ -65.249542, -20.103438 ], [ -65.238954, -20.116291 ], [ -65.233657, -20.13055 ], [ -65.235047, -20.146376 ], [ -65.257143, -20.158595 ], [ -65.271343, -20.151363 ], [ -65.279953, -20.165016 ], [ -65.301626, -20.177791 ], [ -65.316077, -20.197581 ], [ -65.313042, -20.208034 ], [ -65.315662, -20.225084 ], [ -65.3137, -20.230533 ], [ -65.292083, -20.229687 ], [ -65.282402, -20.232958 ], [ -65.270167, -20.25286 ], [ -65.245149, -20.276133 ], [ -65.221773, -20.313821 ], [ -65.221754, -20.321183 ], [ -65.230533, -20.331105 ], [ -65.2332, -20.343351 ], [ -65.229095, -20.352589 ], [ -65.238299, -20.358557 ], [ -65.244293, -20.367542 ], [ -65.252637, -20.386756 ], [ -65.247582, -20.396542 ], [ -65.247966, -20.405634 ], [ -65.243585, -20.415183 ], [ -65.263372, -20.430107 ], [ -65.256312, -20.442668 ], [ -65.258318, -20.449594 ], [ -65.271258, -20.457013 ], [ -65.272807, -20.471641 ], [ -65.268041, -20.480961 ], [ -65.268594, -20.504707 ], [ -65.327597, -20.511866 ], [ -65.350053, -20.548392 ], [ -65.379899, -20.558883 ], [ -65.387766, -20.557552 ], [ -65.381921, -20.576573 ], [ -65.382342, -20.57812 ], [ -65.382689, -20.579348 ], [ -65.382771, -20.580412 ], [ -65.382572, -20.581083 ], [ -65.382527, -20.581436 ], [ -65.382073, -20.581868 ], [ -65.376668, -20.588532 ], [ -65.375591, -20.589645 ], [ -65.368295, -20.597368 ], [ -65.365817, -20.598219 ], [ -65.364962, -20.598279 ], [ -65.364773, -20.598377 ], [ -65.36452, -20.598669 ], [ -65.364311, -20.598922 ], [ -65.3635, -20.598796 ], [ -65.361223, -20.598725 ], [ -65.361039, -20.598512 ], [ -65.360059, -20.597668 ], [ -65.359179, -20.59829 ], [ -65.357811, -20.59961 ], [ -65.357675, -20.600051 ], [ -65.356404, -20.601814 ], [ -65.355384, -20.602075 ], [ -65.35461, -20.602271 ], [ -65.354491, -20.602445 ], [ -65.354491, -20.602953 ], [ -65.354782, -20.604093 ], [ -65.355615, -20.605642 ], [ -65.353865, -20.607654 ], [ -65.353704, -20.608436 ], [ -65.353849, -20.609085 ], [ -65.354043, -20.609322 ], [ -65.354038, -20.609824 ], [ -65.352493, -20.610671 ], [ -65.352134, -20.611178 ], [ -65.351602, -20.611723 ], [ -65.34971, -20.614453 ], [ -65.349661, -20.615868 ], [ -65.349622, -20.616301 ], [ -65.349317, -20.616521 ], [ -65.34908, -20.616787 ], [ -65.348707, -20.617883 ], [ -65.348365, -20.619099 ], [ -65.348137, -20.619363 ], [ -65.34816, -20.620458 ], [ -65.347982, -20.621609 ], [ -65.347343, -20.622155 ], [ -65.347173, -20.622637 ], [ -65.347411, -20.623321 ], [ -65.347841, -20.623613 ], [ -65.34798, -20.623999 ], [ -65.349537, -20.627493 ], [ -65.350021, -20.629578 ], [ -65.351968, -20.632199 ], [ -65.352638, -20.632925 ], [ -65.353164, -20.634362 ], [ -65.353671, -20.635643 ], [ -65.355297, -20.638229 ], [ -65.355507, -20.639072 ], [ -65.355735, -20.639337 ], [ -65.356023, -20.64026 ], [ -65.3564, -20.643421 ], [ -65.356426, -20.645098 ], [ -65.357984, -20.646603 ], [ -65.357861, -20.647602 ], [ -65.357171, -20.648931 ], [ -65.35688, -20.649155 ], [ -65.356489, -20.649494 ], [ -65.356232, -20.651381 ], [ -65.35628, -20.651867 ], [ -65.356157, -20.652949 ], [ -65.355574, -20.654489 ], [ -65.355798, -20.655012 ], [ -65.356365, -20.65561 ], [ -65.356459, -20.655937 ], [ -65.356398, -20.656487 ], [ -65.356852, -20.657512 ], [ -65.357524, -20.657945 ], [ -65.357569, -20.659142 ], [ -65.357779, -20.6604 ], [ -65.35792, -20.66133 ], [ -65.357892, -20.661749 ], [ -65.358178, -20.662025 ], [ -65.358293, -20.662561 ], [ -65.358134, -20.663136 ], [ -65.358589, -20.664643 ], [ -65.35839, -20.667355 ], [ -65.359168, -20.667938 ], [ -65.36002, -20.668165 ], [ -65.361419, -20.669246 ], [ -65.362146, -20.670794 ], [ -65.363177, -20.671991 ], [ -65.3633, -20.67257 ], [ -65.36447, -20.677082 ], [ -65.364443, -20.677635 ], [ -65.364168, -20.678083 ], [ -65.364102, -20.678371 ], [ -65.364243, -20.679194 ], [ -65.364022, -20.680015 ], [ -65.364145, -20.680977 ], [ -65.364035, -20.681704 ], [ -65.3638, -20.683245 ], [ -65.364127, -20.684692 ], [ -65.364393, -20.685764 ], [ -65.364427, -20.688096 ], [ -65.363711, -20.690199 ], [ -65.362978, -20.69112 ], [ -65.362939, -20.692518 ], [ -65.362244, -20.694474 ], [ -65.362124, -20.694887 ], [ -65.362604, -20.695185 ], [ -65.362432, -20.695556 ], [ -65.362244, -20.696177 ], [ -65.362227, -20.696557 ], [ -65.362093, -20.696745 ], [ -65.361798, -20.697358 ], [ -65.361894, -20.698174 ], [ -65.362844, -20.698495 ], [ -65.363104, -20.698629 ], [ -65.363075, -20.699517 ], [ -65.363113, -20.700127 ], [ -65.363175, -20.70038 ], [ -65.363529, -20.700754 ], [ -65.363701, -20.700923 ], [ -65.36375, -20.701396 ], [ -65.36362, -20.701632 ], [ -65.363566, -20.702299 ], [ -65.36369, -20.7029 ], [ -65.363747, -20.703324 ], [ -65.363743, -20.703437 ], [ -65.363664, -20.703719 ], [ -65.363695, -20.704029 ], [ -65.363687, -20.70439 ], [ -65.363577, -20.704625 ], [ -65.363432, -20.704716 ], [ -65.363227, -20.704976 ], [ -65.363126, -20.705201 ], [ -65.363006, -20.705996 ], [ -65.363254, -20.707425 ], [ -65.363487, -20.707599 ], [ -65.363619, -20.70794 ], [ -65.363628, -20.708131 ], [ -65.363539, -20.708514 ], [ -65.36219, -20.710304 ], [ -65.361978, -20.710441 ], [ -65.361819, -20.710769 ], [ -65.361745, -20.710935 ], [ -65.361667, -20.711283 ], [ -65.361304, -20.711633 ], [ -65.361194, -20.711894 ], [ -65.360979, -20.712348 ], [ -65.360679, -20.712729 ], [ -65.360048, -20.713292 ], [ -65.359762, -20.713363 ], [ -65.359097, -20.713614 ], [ -65.358974, -20.713714 ], [ -65.358871, -20.713967 ], [ -65.358837, -20.714133 ], [ -65.358458, -20.714375 ], [ -65.358007, -20.714637 ], [ -65.357953, -20.714842 ], [ -65.357999, -20.71535 ], [ -65.35805, -20.715468 ], [ -65.358344, -20.715763 ], [ -65.358401, -20.716444 ], [ -65.357973, -20.717651 ], [ -65.357819, -20.717829 ], [ -65.357613, -20.71793 ], [ -65.35721, -20.718116 ], [ -65.357403, -20.71877 ], [ -65.357254, -20.719308 ], [ -65.35698, -20.719759 ], [ -65.356963, -20.719897 ], [ -65.35707, -20.720259 ], [ -65.35705, -20.720588 ], [ -65.357216, -20.727107 ], [ -65.357373, -20.727367 ], [ -65.357445, -20.727928 ], [ -65.357741, -20.728169 ], [ -65.357787, -20.728449 ], [ -65.357801, -20.728678 ], [ -65.35807, -20.728999 ], [ -65.35866, -20.729392 ], [ -65.358903, -20.729466 ], [ -65.359165, -20.729588 ], [ -65.359229, -20.729623 ], [ -65.360109, -20.729667 ], [ -65.360598, -20.729869 ], [ -65.360665, -20.729925 ], [ -65.360703, -20.731134 ], [ -65.360747, -20.731284 ], [ -65.360732, -20.731556 ], [ -65.361173, -20.732514 ], [ -65.361372, -20.732833 ], [ -65.361659, -20.732908 ], [ -65.36178, -20.732972 ], [ -65.362112, -20.733143 ], [ -65.362692, -20.733729 ], [ -65.363866, -20.734172 ], [ -65.364176, -20.734258 ], [ -65.364413, -20.734478 ], [ -65.364554, -20.734721 ], [ -65.364753, -20.734864 ], [ -65.365029, -20.734949 ], [ -65.365385, -20.735195 ], [ -65.366035, -20.735971 ], [ -65.366363, -20.736172 ], [ -65.367476, -20.736216 ], [ -65.368586, -20.736344 ], [ -65.369007, -20.736863 ], [ -65.369504, -20.739526 ], [ -65.370072, -20.740082 ], [ -65.370369, -20.740292 ], [ -65.371291, -20.741436 ], [ -65.371907, -20.741716 ], [ -65.372671, -20.742798 ], [ -65.372961, -20.743445 ], [ -65.372853, -20.744321 ], [ -65.373009, -20.744843 ], [ -65.373269, -20.74503 ], [ -65.374616, -20.745743 ], [ -65.375308, -20.747138 ], [ -65.374768, -20.749776 ], [ -65.375348, -20.750025 ], [ -65.376141, -20.750806 ], [ -65.376239, -20.750998 ], [ -65.376288, -20.751166 ], [ -65.375983, -20.751738 ], [ -65.374772, -20.752596 ], [ -65.374546, -20.752762 ], [ -65.374237, -20.753124 ], [ -65.373891, -20.75334 ], [ -65.373278, -20.753628 ], [ -65.372363, -20.754092 ], [ -65.371763, -20.755254 ], [ -65.371574, -20.755735 ], [ -65.371851, -20.756798 ], [ -65.372286, -20.757351 ], [ -65.372336, -20.757623 ], [ -65.37226, -20.758627 ], [ -65.371831, -20.759422 ], [ -65.371499, -20.75967 ], [ -65.371181, -20.759804 ], [ -65.370838, -20.760267 ], [ -65.370859, -20.760639 ], [ -65.37117, -20.761156 ], [ -65.371263, -20.761337 ], [ -65.370796, -20.762447 ], [ -65.370039, -20.762758 ], [ -65.36983, -20.766001 ], [ -65.37054, -20.76751 ], [ -65.370487, -20.76807 ], [ -65.370464, -20.768515 ], [ -65.370966, -20.770429 ], [ -65.371345, -20.771226 ], [ -65.371451, -20.772214 ], [ -65.371292, -20.772761 ], [ -65.370742, -20.773629 ], [ -65.369501, -20.775151 ], [ -65.369004, -20.776534 ], [ -65.368524, -20.777057 ], [ -65.36783, -20.777496 ], [ -65.367515, -20.777831 ], [ -65.367266, -20.778479 ], [ -65.366967, -20.778827 ], [ -65.366683, -20.779218 ], [ -65.366185, -20.780515 ], [ -65.36662, -20.781011 ], [ -65.366795, -20.781496 ], [ -65.366406, -20.78196 ], [ -65.366287, -20.782162 ], [ -65.366521, -20.782503 ], [ -65.366701, -20.783289 ], [ -65.365993, -20.785793 ], [ -65.364647, -20.78746 ], [ -65.364422, -20.788668 ], [ -65.364168, -20.789976 ], [ -65.364226, -20.790749 ], [ -65.364432, -20.791262 ], [ -65.363976, -20.792315 ], [ -65.36351, -20.792737 ], [ -65.36336, -20.792911 ], [ -65.363291, -20.793017 ], [ -65.363345, -20.793373 ], [ -65.36334, -20.793571 ], [ -65.362191, -20.795178 ], [ -65.361728, -20.795815 ], [ -65.361491, -20.79622 ], [ -65.361041, -20.796685 ], [ -65.360694, -20.796919 ], [ -65.360675, -20.797693 ], [ -65.359664, -20.798323 ], [ -65.359371, -20.798112 ], [ -65.35854, -20.798626 ], [ -65.35853, -20.798941 ], [ -65.358472, -20.799259 ], [ -65.358389, -20.79942 ], [ -65.357996, -20.79988 ], [ -65.357239, -20.802227 ], [ -65.357367, -20.802613 ], [ -65.35817, -20.803261 ], [ -65.358539, -20.803471 ], [ -65.358775, -20.803941 ], [ -65.358464, -20.804504 ], [ -65.358487, -20.80502 ], [ -65.358221, -20.805568 ], [ -65.357799, -20.805832 ], [ -65.357747, -20.806421 ], [ -65.357629, -20.806666 ], [ -65.357389, -20.806913 ], [ -65.356841, -20.806992 ], [ -65.35622, -20.807287 ], [ -65.355516, -20.808086 ], [ -65.354815, -20.809084 ], [ -65.35409, -20.809524 ], [ -65.353833, -20.809628 ], [ -65.353442, -20.809992 ], [ -65.353324, -20.810237 ], [ -65.353259, -20.810941 ], [ -65.352832, -20.810975 ], [ -65.352571, -20.810864 ], [ -65.352423, -20.811124 ], [ -65.352448, -20.811754 ], [ -65.35241, -20.812271 ], [ -65.352292, -20.812516 ], [ -65.352543, -20.812986 ], [ -65.35255, -20.813445 ], [ -65.352143, -20.813737 ], [ -65.351921, -20.81417 ], [ -65.351729, -20.81456 ], [ -65.351457, -20.814693 ], [ -65.351662, -20.81512 ], [ -65.351558, -20.815308 ], [ -65.351168, -20.815757 ], [ -65.351079, -20.815873 ], [ -65.351178, -20.816359 ], [ -65.351134, -20.817478 ], [ -65.350597, -20.818259 ], [ -65.350401, -20.818391 ], [ -65.350434, -20.818577 ], [ -65.350462, -20.819351 ], [ -65.350206, -20.819598 ], [ -65.349916, -20.820505 ], [ -65.349527, -20.820998 ], [ -65.349151, -20.821347 ], [ -65.349154, -20.822082 ], [ -65.349123, -20.822406 ], [ -65.348812, -20.823036 ], [ -65.348811, -20.823262 ], [ -65.348838, -20.823941 ], [ -65.348973, -20.825012 ], [ -65.348572, -20.825162 ], [ -65.3486, -20.825475 ], [ -65.348794, -20.825729 ], [ -65.348779, -20.826243 ], [ -65.349069, -20.826792 ], [ -65.348944, -20.826879 ], [ -65.348848, -20.826881 ], [ -65.347995, -20.827796 ], [ -65.347623, -20.82836 ], [ -65.347562, -20.82978 ], [ -65.347284, -20.830275 ], [ -65.347169, -20.830489 ], [ -65.347174, -20.831099 ], [ -65.34701, -20.831465 ], [ -65.34701, -20.831699 ], [ -65.346906, -20.832191 ], [ -65.346833, -20.832477 ], [ -65.347013, -20.832524 ], [ -65.34745, -20.832805 ], [ -65.347493, -20.833151 ], [ -65.347622, -20.833257 ], [ -65.347868, -20.833528 ], [ -65.348182, -20.834121 ], [ -65.348423, -20.834082 ], [ -65.348823, -20.834506 ], [ -65.348751, -20.834806 ], [ -65.348592, -20.835179 ], [ -65.348696, -20.835344 ], [ -65.348825, -20.836274 ], [ -65.348831, -20.836633 ], [ -65.348616, -20.837567 ], [ -65.348557, -20.837831 ], [ -65.348641, -20.838344 ], [ -65.348504, -20.838501 ], [ -65.348506, -20.838644 ], [ -65.34874, -20.838999 ], [ -65.348743, -20.839178 ], [ -65.348826, -20.839583 ], [ -65.348792, -20.839871 ], [ -65.348819, -20.840002 ], [ -65.348976, -20.840238 ], [ -65.34903, -20.840453 ], [ -65.349134, -20.840595 ], [ -65.349152, -20.840965 ], [ -65.349156, -20.841216 ], [ -65.349233, -20.84125 ], [ -65.34939, -20.841547 ], [ -65.349468, -20.841653 ], [ -65.349561, -20.841927 ], [ -65.349716, -20.842092 ], [ -65.349921, -20.842232 ], [ -65.350051, -20.842422 ], [ -65.350053, -20.842529 ], [ -65.350183, -20.842695 ], [ -65.350235, -20.842778 ], [ -65.350599, -20.843334 ], [ -65.350785, -20.843833 ], [ -65.350587, -20.844147 ], [ -65.350438, -20.844376 ], [ -65.3503, -20.845333 ], [ -65.350381, -20.845643 ], [ -65.350453, -20.846167 ], [ -65.350496, -20.846465 ], [ -65.350345, -20.846611 ], [ -65.349954, -20.846795 ], [ -65.349812, -20.847107 ], [ -65.349665, -20.847453 ], [ -65.349805, -20.847623 ], [ -65.349869, -20.847794 ], [ -65.349918, -20.847994 ], [ -65.349998, -20.848237 ], [ -65.35013, -20.8484 ], [ -65.350115, -20.848895 ], [ -65.35018, -20.84918 ], [ -65.350325, -20.849652 ], [ -65.350221, -20.849868 ], [ -65.350147, -20.849984 ], [ -65.350077, -20.850429 ], [ -65.350248, -20.850627 ], [ -65.350391, -20.850955 ], [ -65.350424, -20.851155 ], [ -65.350507, -20.851556 ], [ -65.350514, -20.852043 ], [ -65.349668, -20.853307 ], [ -65.347656, -20.854648 ], [ -65.347587, -20.855209 ], [ -65.347752, -20.855643 ], [ -65.348227, -20.856175 ], [ -65.348121, -20.856693 ], [ -65.34814, -20.856954 ], [ -65.348324, -20.857185 ], [ -65.348098, -20.857656 ], [ -65.347964, -20.857923 ], [ -65.347893, -20.858236 ], [ -65.347859, -20.858475 ], [ -65.347847, -20.858638 ], [ -65.347701, -20.858818 ], [ -65.347649, -20.858914 ], [ -65.34761, -20.859001 ], [ -65.347561, -20.859154 ], [ -65.347294, -20.860214 ], [ -65.346802, -20.861728 ], [ -65.346604, -20.861819 ], [ -65.346506, -20.86189 ], [ -65.346342, -20.862133 ], [ -65.3463, -20.862341 ], [ -65.34617, -20.86285 ], [ -65.346373, -20.863562 ], [ -65.347086, -20.863874 ], [ -65.347506, -20.8642 ], [ -65.347609, -20.864268 ], [ -65.347896, -20.864332 ], [ -65.348178, -20.864461 ], [ -65.348371, -20.864827 ], [ -65.349106, -20.865254 ], [ -65.349262, -20.865258 ], [ -65.349683, -20.865159 ], [ -65.349993, -20.865295 ], [ -65.35025, -20.865777 ], [ -65.350459, -20.866147 ], [ -65.350587, -20.866203 ], [ -65.351076, -20.866206 ], [ -65.351574, -20.866351 ], [ -65.351573, -20.866483 ], [ -65.351624, -20.866666 ], [ -65.351756, -20.866813 ], [ -65.352117, -20.866925 ], [ -65.352231, -20.866911 ], [ -65.352139, -20.867319 ], [ -65.352075, -20.867578 ], [ -65.352064, -20.867865 ], [ -65.352013, -20.869008 ], [ -65.352027, -20.869395 ], [ -65.352129, -20.86991 ], [ -65.352147, -20.870103 ], [ -65.3523, -20.870624 ], [ -65.352423, -20.870774 ], [ -65.352599, -20.870829 ], [ -65.353123, -20.871159 ], [ -65.353352, -20.87156 ], [ -65.353376, -20.871688 ], [ -65.35347, -20.871992 ], [ -65.353579, -20.872577 ], [ -65.353752, -20.872924 ], [ -65.354134, -20.873301 ], [ -65.354391, -20.873163 ], [ -65.354929, -20.873185 ], [ -65.355293, -20.873385 ], [ -65.356658, -20.873371 ], [ -65.357911, -20.872883 ], [ -65.359069, -20.872159 ], [ -65.359362, -20.871164 ], [ -65.359685, -20.871007 ], [ -65.359948, -20.870965 ], [ -65.360719, -20.871489 ], [ -65.360873, -20.871602 ], [ -65.361262, -20.87173 ], [ -65.362456, -20.871731 ], [ -65.363325, -20.871109 ], [ -65.363726, -20.870896 ], [ -65.364514, -20.870562 ], [ -65.365114, -20.870447 ], [ -65.36561, -20.870418 ], [ -65.366328, -20.870014 ], [ -65.368253, -20.867892 ], [ -65.369718, -20.867964 ], [ -65.370137, -20.868848 ], [ -65.370503, -20.869038 ], [ -65.370593, -20.868955 ], [ -65.37068, -20.868658 ], [ -65.370756, -20.868332 ], [ -65.37111, -20.868236 ], [ -65.371241, -20.868285 ], [ -65.371433, -20.868321 ], [ -65.37241, -20.868038 ], [ -65.373074, -20.867832 ], [ -65.373456, -20.867881 ], [ -65.376432, -20.869533 ], [ -65.376797, -20.870086 ], [ -65.376773, -20.870503 ], [ -65.37709, -20.871244 ], [ -65.377679, -20.871813 ], [ -65.377605, -20.872438 ], [ -65.377782, -20.873995 ], [ -65.378722, -20.874758 ], [ -65.379437, -20.874951 ], [ -65.380249, -20.876381 ], [ -65.380508, -20.880479 ], [ -65.381974, -20.881903 ], [ -65.382264, -20.882156 ], [ -65.383031, -20.882283 ], [ -65.383547, -20.882612 ], [ -65.383992, -20.88324 ], [ -65.384734, -20.884692 ], [ -65.385148, -20.885281 ], [ -65.385539, -20.885433 ], [ -65.385737, -20.88538 ], [ -65.386008, -20.885154 ], [ -65.386583, -20.884981 ], [ -65.386851, -20.885031 ], [ -65.386915, -20.885448 ], [ -65.386967, -20.885555 ], [ -65.387156, -20.885833 ], [ -65.387904, -20.886195 ], [ -65.388794, -20.887177 ], [ -65.389459, -20.887416 ], [ -65.390197, -20.887666 ], [ -65.390639, -20.88862 ], [ -65.391298, -20.889757 ], [ -65.391993, -20.890321 ], [ -65.39294, -20.890477 ], [ -65.393746, -20.890831 ], [ -65.394365, -20.891346 ], [ -65.394705, -20.892137 ], [ -65.394751, -20.893174 ], [ -65.39071, -20.897561 ], [ -65.390735, -20.897605 ], [ -65.401051, -20.947097 ], [ -65.39831, -20.970079 ], [ -65.399907, -21.00692 ], [ -65.4086, -21.026592 ], [ -65.420608, -21.061266 ], [ -65.418592, -21.095827 ], [ -65.408513, -21.122166 ], [ -65.402458, -21.160264 ], [ -65.409272, -21.17129 ], [ -65.418264, -21.170719 ], [ -65.438503, -21.18241 ], [ -65.441657, -21.181074 ], [ -65.44112, -21.211401 ], [ -65.433704, -21.259713 ], [ -65.435998, -21.281121 ], [ -65.433259, -21.28905 ], [ -65.430394, -21.321693 ], [ -65.437213, -21.348148 ], [ -65.429431, -21.361526 ], [ -65.43289, -21.368225 ], [ -65.435913, -21.394234 ], [ -65.434069, -21.403645 ], [ -65.437089, -21.426541 ], [ -65.414978, -21.42983 ], [ -65.409184, -21.43548 ], [ -65.404679, -21.451433 ], [ -65.39846, -21.454912 ], [ -65.401151, -21.466209 ], [ -65.398436, -21.480294 ], [ -65.401432, -21.490382 ], [ -65.399904, -21.505832 ], [ -65.387706, -21.516353 ], [ -65.353417, -21.500766 ], [ -65.327934, -21.509626 ], [ -65.320114, -21.517323 ], [ -65.311672, -21.485804 ], [ -65.30636, -21.48331 ], [ -65.284798, -21.493877 ], [ -65.264975, -21.489017 ], [ -65.255204, -21.480563 ], [ -65.249813, -21.482379 ], [ -65.246505, -21.475873 ], [ -65.24848, -21.46689 ], [ -65.241926, -21.461871 ], [ -65.242801, -21.431475 ], [ -65.234836, -21.425806 ], [ -65.236895, -21.414411 ], [ -65.231666, -21.368231 ], [ -65.223205, -21.350556 ], [ -65.228307, -21.346432 ], [ -65.227964, -21.336432 ], [ -65.219726, -21.333793 ], [ -65.223505, -21.323369 ], [ -65.217401, -21.320194 ], [ -65.21871, -21.301248 ], [ -65.2118, -21.29097 ], [ -65.217181, -21.286419 ], [ -65.213855, -21.279211 ], [ -65.219778, -21.27046 ], [ -65.223325, -21.258431 ], [ -65.207234, -21.241195 ], [ -65.210289, -21.228893 ], [ -65.200563, -21.213817 ], [ -65.205675, -21.210633 ], [ -65.201558, -21.201003 ], [ -65.211228, -21.190827 ], [ -65.204671, -21.18421 ], [ -65.204579, -21.175416 ], [ -65.189081, -21.163475 ], [ -65.194407, -21.146375 ], [ -65.200041, -21.139851 ], [ -65.200337, -21.121074 ], [ -65.196623, -21.102277 ], [ -65.201932, -21.097119 ], [ -65.201972, -21.071378 ], [ -65.200068, -21.067902 ], [ -65.195634, -21.049092 ], [ -65.19831, -21.040695 ], [ -65.197241, -21.028559 ], [ -65.188374, -21.013835 ], [ -65.191693, -21.005919 ], [ -65.19233, -20.984162 ], [ -65.187304, -20.97974 ], [ -65.185712, -20.962551 ], [ -65.176632, -20.950314 ], [ -65.158924, -20.945581 ], [ -65.157295, -20.957385 ], [ -65.146871, -20.953466 ], [ -65.140997, -20.964679 ], [ -65.124177, -20.964401 ], [ -65.115507, -20.970484 ], [ -65.104781, -20.971909 ], [ -65.096828, -20.968783 ], [ -65.085756, -20.971105 ], [ -65.083371, -20.960424 ], [ -65.070286, -20.966211 ], [ -65.061539, -20.974489 ], [ -65.062769, -20.980711 ], [ -65.054485, -20.991622 ], [ -65.05136, -21.005373 ], [ -65.040537, -21.013948 ], [ -65.022261, -21.0118 ], [ -65.020441, -21.024632 ], [ -65.012908, -21.029381 ], [ -64.999689, -21.026347 ], [ -64.998508, -21.020805 ], [ -64.985998, -21.015898 ], [ -64.974483, -21.016412 ], [ -64.96282, -21.030584 ], [ -64.953805, -21.033756 ], [ -64.934167, -21.02674 ], [ -64.926242, -21.032794 ], [ -64.925276, -21.05262 ], [ -64.918632, -21.059234 ], [ -64.900014, -21.054525 ], [ -64.88958, -21.056828 ], [ -64.88476, -21.065269 ], [ -64.89544, -21.073252 ], [ -64.881219, -21.079453 ], [ -64.867328, -21.079076 ], [ -64.850289, -21.092239 ], [ -64.85607, -21.105582 ], [ -64.835846, -21.104782 ], [ -64.839102, -21.094366 ], [ -64.817217, -21.093351 ], [ -64.805402, -21.096717 ], [ -64.7982, -21.095143 ], [ -64.796813, -21.086197 ], [ -64.790834, -21.077818 ], [ -64.788596, -21.062517 ], [ -64.778208, -21.060572 ], [ -64.774183, -21.054058 ], [ -64.781767, -21.042509 ], [ -64.77931, -21.03016 ], [ -64.770851, -21.027373 ], [ -64.771171, -21.016043 ], [ -64.757215, -20.994177 ], [ -64.760963, -20.980242 ], [ -64.739891, -20.973017 ], [ -64.733956, -20.967348 ], [ -64.732694, -20.949555 ], [ -64.727622, -20.941412 ], [ -64.718539, -20.936145 ], [ -64.701438, -20.93102 ], [ -64.690668, -20.938935 ], [ -64.678063, -20.942795 ], [ -64.666823, -20.940506 ], [ -64.659523, -20.94427 ], [ -64.652169, -20.955167 ], [ -64.645577, -20.957575 ], [ -64.642556, -20.967173 ], [ -64.620012, -20.981503 ], [ -64.606032, -20.981142 ], [ -64.598946, -21.002416 ], [ -64.584494, -21.008739 ], [ -64.584694, -21.016416 ], [ -64.576752, -21.033452 ], [ -64.567391, -21.035555 ], [ -64.568096, -21.042615 ], [ -64.555062, -21.062608 ], [ -64.548524, -21.068127 ], [ -64.546425, -21.081239 ], [ -64.535951, -21.084741 ], [ -64.527233, -21.097563 ], [ -64.511669, -21.099536 ], [ -64.505441, -21.095376 ], [ -64.480466, -21.091312 ], [ -64.457146, -21.083056 ], [ -64.444351, -21.088019 ], [ -64.429907, -21.103251 ], [ -64.418731, -21.098895 ], [ -64.413295, -21.108311 ], [ -64.399833, -21.114206 ], [ -64.391016, -21.123982 ], [ -64.382476, -21.127908 ], [ -64.380896, -21.135592 ], [ -64.364323, -21.142751 ], [ -64.341323, -21.145667 ], [ -64.323322, -21.136069 ], [ -64.305583, -21.133746 ], [ -64.276184, -21.134586 ], [ -64.246781, -21.145139 ], [ -64.244573, -21.149312 ], [ -64.229052, -21.152021 ], [ -64.220259, -21.144699 ], [ -64.203189, -21.134945 ], [ -64.189015, -21.090236 ], [ -64.199699, -21.066159 ], [ -64.195478, -21.057205 ], [ -64.194878, -21.044253 ], [ -64.199284, -21.0336 ], [ -64.187432, -21.032966 ], [ -64.179635, -21.026664 ], [ -64.1871, -21.011712 ], [ -64.183476, -20.994096 ], [ -64.192849, -20.984883 ], [ -64.191316, -20.969353 ], [ -64.180822, -20.962141 ], [ -64.183832, -20.956337 ], [ -64.193248, -20.95559 ], [ -64.182829, -20.942122 ], [ -64.187029, -20.929842 ], [ -64.181058, -20.918588 ], [ -64.181442, -20.908484 ], [ -64.174871, -20.898368 ], [ -64.180798, -20.891561 ], [ -64.171467, -20.885813 ], [ -64.160374, -20.887363 ], [ -64.155566, -20.905826 ], [ -64.146673, -20.921953 ], [ -64.139993, -20.918973 ], [ -64.124158, -20.926031 ], [ -64.11412, -20.911653 ], [ -64.099716, -20.919179 ], [ -64.090411, -20.917409 ], [ -64.077577, -20.923433 ], [ -64.073489, -20.93204 ], [ -64.06558, -20.9341 ], [ -64.062975, -20.951604 ], [ -64.058501, -20.954908 ], [ -64.025562, -20.962463 ], [ -64.01269, -20.949594 ], [ -64.00639, -20.94674 ], [ -64.010046, -20.971115 ], [ -64.00335, -20.979739 ], [ -64.009844, -20.993184 ], [ -64.00304, -21.00538 ], [ -63.987424, -21.003661 ], [ -63.867671, -21.003698 ], [ -63.723993, -21.003671 ], [ -63.595361, -21.003698 ], [ -63.532552, -21.003675 ], [ -63.251505, -21.003658 ], [ -63.001493, -21.00366 ], [ -62.261347, -20.992515 ], [ -62.26284, -20.837158 ], [ -62.265064, -20.651405 ], [ -62.266646, -20.562743 ], [ -62.205649, -20.479221 ], [ -62.191836, -20.462523 ], [ -62.179371, -20.442616 ], [ -62.692511, -20.442218 ], [ -63.021878, -20.444249 ], [ -63.045366, -20.445206 ], [ -63.249094, -20.460627 ], [ -63.357629, -20.460053 ], [ -63.357222, -20.433053 ], [ -63.35172, -20.417811 ], [ -63.357051, -20.392521 ], [ -63.390861, -20.399634 ], [ -63.399724, -20.398568 ], [ -63.406735, -20.424997 ], [ -63.412415, -20.428312 ], [ -63.415153, -20.438167 ], [ -63.421391, -20.440393 ], [ -63.438743, -20.436483 ], [ -63.443683, -20.442216 ], [ -63.458293, -20.447781 ], [ -63.464052, -20.45354 ], [ -63.473409, -20.45341 ], [ -63.48283, -20.457515 ], [ -63.509722, -20.456503 ], [ -63.514916, -20.462576 ], [ -63.547542, -20.451113 ], [ -63.579115, -20.447158 ], [ -63.587114, -20.442701 ], [ -63.598598, -20.453163 ], [ -63.613778, -20.46221 ], [ -63.622081, -20.46457 ], [ -63.636273, -20.463538 ], [ -63.648463, -20.466345 ], [ -63.6553, -20.472625 ], [ -63.667203, -20.473214 ], [ -63.684168, -20.465142 ], [ -63.692304, -20.435867 ], [ -63.69108, -20.42678 ], [ -63.694238, -20.415848 ], [ -63.692366, -20.345388 ], [ -63.697364, -20.324411 ], [ -63.698713, -20.295739 ], [ -63.700767, -20.282382 ], [ -63.694232, -20.277888 ], [ -63.701884, -20.268063 ], [ -63.702981, -20.256864 ], [ -63.707569, -20.25429 ], [ -63.693848, -20.237944 ], [ -63.692118, -20.229456 ], [ -63.683533, -20.216136 ], [ -63.680982, -20.207658 ], [ -63.687451, -20.189143 ], [ -63.697909, -20.188097 ], [ -63.696948, -20.162281 ], [ -63.692305, -20.148731 ], [ -63.705762, -20.126432 ], [ -63.715656, -20.124824 ], [ -63.725144, -20.116526 ], [ -63.725243, -20.094837 ], [ -63.728163, -20.071072 ], [ -63.728022, -20.047102 ], [ -63.732261, -20.028128 ], [ -63.728712, -20.021588 ], [ -63.73035, -20.012118 ], [ -63.726909, -20.000048 ], [ -63.728097, -19.989892 ], [ -63.716357, -19.951992 ], [ -63.714999, -19.937643 ], [ -63.719815, -19.908017 ], [ -63.717427, -19.88722 ], [ -63.708993, -19.859869 ], [ -63.71199, -19.833931 ], [ -63.720388, -19.81043 ], [ -63.71816, -19.787385 ], [ -63.721617, -19.753696 ], [ -63.718189, -19.742567 ], [ -63.718548, -19.714741 ], [ -63.716853, -19.699542 ], [ -63.710922, -19.671879 ], [ -63.700883, -19.654649 ], [ -63.701396, -19.645069 ], [ -63.707123, -19.636528 ], [ -63.704506, -19.625481 ], [ -63.705497, -19.61355 ], [ -63.693864, -19.602153 ], [ -63.693131, -19.592887 ], [ -63.702228, -19.586696 ], [ -63.704427, -19.576946 ], [ -63.710152, -19.572933 ], [ -63.713552, -19.549824 ], [ -63.708346, -19.544705 ], [ -63.710463, -19.53699 ], [ -63.707246, -19.52811 ], [ -63.70977, -19.512908 ], [ -63.704515, -19.502926 ], [ -63.703203, -19.484206 ], [ -63.706075, -19.469315 ], [ -63.71813, -19.436994 ], [ -63.715405, -19.423417 ], [ -63.720832, -19.418713 ], [ -63.716549, -19.40439 ], [ -63.724344, -19.393834 ], [ -63.712973, -19.376472 ], [ -63.720071, -19.365502 ], [ -63.725437, -19.363529 ], [ -63.72895, -19.34917 ], [ -63.720643, -19.334915 ], [ -63.718916, -19.279394 ], [ -63.714482, -19.272116 ], [ -63.722641, -19.252477 ], [ -63.722783, -19.24333 ], [ -63.727971, -19.227064 ], [ -63.737657, -19.216019 ], [ -63.735574, -19.203447 ], [ -63.74451, -19.185157 ], [ -63.743832, -19.159156 ], [ -63.735198, -19.143207 ], [ -63.731224, -19.12609 ], [ -63.71857, -19.113015 ], [ -63.72038, -19.100292 ], [ -63.716614, -19.095551 ], [ -63.711496, -19.073474 ], [ -63.707891, -19.045212 ], [ -63.705167, -19.043076 ], [ -63.723115, -19.046182 ], [ -63.722439, -19.036654 ], [ -63.730618, -19.030025 ], [ -63.74309, -19.042178 ], [ -63.75463, -19.036215 ], [ -63.769874, -19.031858 ], [ -63.780499, -19.036688 ], [ -63.778607, -19.049075 ], [ -63.793224, -19.043302 ], [ -63.810203, -19.054364 ], [ -63.814072, -19.04603 ], [ -63.832716, -19.051188 ], [ -63.838901, -19.049588 ], [ -63.847725, -19.03662 ], [ -63.861978, -19.035499 ], [ -63.871632, -19.037377 ], [ -63.884408, -19.029449 ], [ -63.89525, -19.03553 ], [ -63.897202, -19.043391 ], [ -63.908584, -19.050297 ], [ -63.911119, -19.063716 ], [ -63.909859, -19.102799 ], [ -63.9049, -19.111183 ], [ -63.913733, -19.12913 ], [ -63.908654, -19.133221 ], [ -63.913194, -19.152786 ], [ -63.907839, -19.161755 ], [ -63.920783, -19.170744 ], [ -63.930299, -19.181913 ], [ -63.934265, -19.177461 ], [ -63.946705, -19.181932 ], [ -63.949849, -19.175611 ], [ -63.960514, -19.173387 ], [ -63.971895, -19.180784 ], [ -63.978219, -19.178719 ], [ -63.99477, -19.18213 ], [ -64.009873, -19.179782 ], [ -64.02402, -19.164478 ], [ -64.022512, -19.156659 ], [ -64.029832, -19.148711 ], [ -64.031887, -19.132793 ], [ -64.042211, -19.128344 ], [ -64.041226, -19.120931 ], [ -64.03256, -19.111578 ], [ -64.040726, -19.10654 ], [ -64.036877, -19.099159 ], [ -64.045449, -19.096584 ], [ -64.04221, -19.077344 ], [ -64.049464, -19.064457 ], [ -64.046381, -19.057228 ], [ -64.055463, -19.045605 ], [ -64.053356, -19.036857 ], [ -64.065503, -19.026588 ], [ -64.063148, -19.016763 ], [ -64.068472, -19.005271 ], [ -64.078457, -19.001376 ], [ -64.08968, -19.000997 ], [ -64.097246, -18.990968 ], [ -64.103267, -18.973385 ], [ -64.11006, -18.971146 ], [ -64.117359, -18.972566 ], [ -64.131261, -18.964444 ], [ -64.139456, -18.968736 ], [ -64.163995, -18.969406 ], [ -64.172673, -18.965526 ], [ -64.175945, -18.957933 ], [ -64.185355, -18.960418 ], [ -64.187587, -18.952046 ], [ -64.195923, -18.948168 ], [ -64.195501, -18.938525 ], [ -64.201662, -18.935784 ], [ -64.196501, -18.927191 ], [ -64.202284, -18.916627 ], [ -64.20067, -18.906129 ], [ -64.212385, -18.896012 ], [ -64.214274, -18.881095 ], [ -64.223372, -18.878361 ], [ -64.224182, -18.868504 ], [ -64.233119, -18.8589 ], [ -64.238771, -18.859974 ], [ -64.247638, -18.845558 ], [ -64.258268, -18.837379 ], [ -64.277285, -18.836619 ], [ -64.290709, -18.821646 ], [ -64.282676, -18.809366 ], [ -64.286774, -18.785674 ], [ -64.297833, -18.766456 ], [ -64.315954, -18.76058 ], [ -64.31754, -18.755289 ], [ -64.309366, -18.749839 ], [ -64.317521, -18.738686 ], [ -64.319814, -18.726705 ], [ -64.312298, -18.715263 ], [ -64.309045, -18.696886 ], [ -64.312035, -18.668904 ], [ -64.322237, -18.669646 ], [ -64.3292, -18.665467 ], [ -64.340666, -18.667612 ], [ -64.34559, -18.662774 ], [ -64.35777, -18.64016 ], [ -64.360688, -18.621142 ], [ -64.384885, -18.624516 ], [ -64.397895, -18.621615 ], [ -64.416911, -18.628842 ], [ -64.428899, -18.629269 ], [ -64.433891, -18.633027 ], [ -64.443086, -18.65189 ], [ -64.458348, -18.65538 ], [ -64.469724, -18.668461 ], [ -64.490789, -18.671567 ], [ -64.503334, -18.670352 ], [ -64.513141, -18.668033 ], [ -64.518105, -18.675725 ], [ -64.544564, -18.673788 ], [ -64.557944, -18.674501 ], [ -64.563625, -18.662337 ], [ -64.574089, -18.65364 ], [ -64.584465, -18.653324 ], [ -64.593004, -18.644956 ], [ -64.606735, -18.643838 ], [ -64.621608, -18.632845 ], [ -64.622999, -18.624584 ], [ -64.633727, -18.617395 ], [ -64.635874, -18.604943 ], [ -64.647482, -18.601851 ], [ -64.643622, -18.5869 ], [ -64.652475, -18.572377 ], [ -64.670645, -18.566486 ], [ -64.685504, -18.538927 ], [ -64.710332, -18.53561 ], [ -64.733079, -18.537654 ], [ -64.74847, -18.535176 ], [ -64.765811, -18.528351 ], [ -64.77949, -18.526995 ], [ -64.797177, -18.502373 ], [ -64.798815, -18.493976 ], [ -64.80601, -18.488659 ], [ -64.815914, -18.489256 ], [ -64.827234, -18.490128 ], [ -64.837302, -18.484333 ], [ -64.861765, -18.493117 ], [ -64.876414, -18.489235 ], [ -64.886661, -18.496847 ], [ -64.908433, -18.504332 ], [ -64.913327, -18.510143 ], [ -64.932934, -18.518819 ], [ -64.936308, -18.529994 ], [ -64.949732, -18.536016 ], [ -64.959645, -18.543721 ], [ -64.956813, -18.55152 ], [ -64.974418, -18.558533 ], [ -64.990188, -18.561225 ], [ -64.99534, -18.557405 ], [ -65.004589, -18.572542 ], [ -65.013561, -18.576853 ], [ -65.021202, -18.585389 ], [ -65.021595, -18.598936 ], [ -65.033814, -18.598265 ], [ -65.03908, -18.609425 ], [ -65.046184, -18.611656 ], [ -65.045693, -18.625362 ], [ -65.051336, -18.629435 ], [ -65.045418, -18.651117 ], [ -65.038917, -18.649063 ], [ -65.032621, -18.671177 ], [ -65.041241, -18.681062 ], [ -65.050789, -18.674289 ], [ -65.056925, -18.675981 ], [ -65.076818, -18.659016 ], [ -65.084115, -18.661532 ], [ -65.095788, -18.657228 ], [ -65.100832, -18.641915 ], [ -65.114363, -18.632888 ], [ -65.123043, -18.632771 ], [ -65.146115, -18.615691 ], [ -65.161643, -18.610175 ], [ -65.175202, -18.6183 ], [ -65.182813, -18.617324 ], [ -65.199734, -18.623442 ], [ -65.20556, -18.623022 ], [ -65.215283, -18.61097 ], [ -65.22925, -18.612985 ], [ -65.240974, -18.612051 ], [ -65.247798, -18.602926 ], [ -65.245185, -18.597786 ], [ -65.245798, -18.581619 ], [ -65.238737, -18.563014 ], [ -65.239175, -18.546866 ], [ -65.244689, -18.535026 ], [ -65.246697, -18.519809 ], [ -65.245818, -18.505992 ], [ -65.253299, -18.503656 ], [ -65.273826, -18.509355 ], [ -65.279952, -18.508285 ], [ -65.293218, -18.48591 ], [ -65.289264, -18.474007 ], [ -65.297403, -18.455664 ], [ -65.309773, -18.442969 ], [ -65.318286, -18.447336 ], [ -65.325504, -18.458609 ], [ -65.330781, -18.458526 ], [ -65.335757, -18.44818 ], [ -65.334379, -18.434874 ], [ -65.33042, -18.426069 ], [ -65.345672, -18.417878 ], [ -65.350247, -18.430615 ], [ -65.357182, -18.436565 ], [ -65.366575, -18.435417 ], [ -65.387491, -18.422492 ], [ -65.3993, -18.425593 ], [ -65.404553, -18.419815 ], [ -65.419725, -18.415383 ], [ -65.425058, -18.410067 ], [ -65.433979, -18.408949 ], [ -65.441914, -18.403566 ], [ -65.45282, -18.410093 ], [ -65.462971, -18.39956 ], [ -65.489322, -18.399957 ], [ -65.506353, -18.386777 ], [ -65.513729, -18.387994 ], [ -65.523753, -18.394832 ], [ -65.534772, -18.392136 ], [ -65.537331, -18.399905 ], [ -65.545406, -18.404371 ], [ -65.553675, -18.401559 ], [ -65.562847, -18.39302 ], [ -65.578247, -18.385051 ], [ -65.583075, -18.378743 ], [ -65.593576, -18.374148 ], [ -65.61812, -18.375866 ], [ -65.634307, -18.373923 ], [ -65.639215, -18.369315 ], [ -65.658229, -18.366049 ], [ -65.66478, -18.362445 ], [ -65.674005, -18.347362 ], [ -65.693863, -18.351932 ], [ -65.695133, -18.367174 ], [ -65.687678, -18.376598 ], [ -65.68352, -18.387154 ], [ -65.684296, -18.416722 ], [ -65.677334, -18.429264 ], [ -65.655476, -18.446163 ], [ -65.644732, -18.445389 ], [ -65.623311, -18.463745 ], [ -65.619092, -18.483098 ], [ -65.623809, -18.501123 ], [ -65.607881, -18.496702 ], [ -65.58471, -18.498219 ], [ -65.575705, -18.50182 ], [ -65.563916, -18.511818 ], [ -65.555845, -18.514044 ], [ -65.534349, -18.525755 ], [ -65.52556, -18.528642 ], [ -65.516047, -18.539288 ], [ -65.514279, -18.547481 ], [ -65.499507, -18.540044 ], [ -65.496764, -18.545194 ], [ -65.501303, -18.563982 ], [ -65.494445, -18.569313 ], [ -65.495102, -18.575797 ], [ -65.486025, -18.590754 ], [ -65.468243, -18.597026 ], [ -65.462053, -18.60599 ], [ -65.447687, -18.606346 ], [ -65.437715, -18.613701 ], [ -65.434766, -18.606962 ], [ -65.422693, -18.604812 ], [ -65.412441, -18.613004 ], [ -65.402111, -18.617586 ], [ -65.392106, -18.62824 ], [ -65.390183, -18.635459 ], [ -65.383386, -18.638214 ], [ -65.389361, -18.653119 ], [ -65.393487, -18.656222 ], [ -65.410779, -18.651731 ], [ -65.419134, -18.663161 ], [ -65.414534, -18.68115 ], [ -65.414531, -18.689606 ], [ -65.400619, -18.701991 ], [ -65.410825, -18.713553 ], [ -65.429177, -18.748016 ], [ -65.423856, -18.75962 ], [ -65.406631, -18.773352 ], [ -65.395579, -18.77768 ], [ -65.382853, -18.77183 ], [ -65.364109, -18.774631 ], [ -65.35687, -18.785841 ], [ -65.366438, -18.790212 ], [ -65.367631, -18.781001 ], [ -65.383538, -18.784964 ], [ -65.391105, -18.794885 ], [ -65.402332, -18.7779 ], [ -65.407572, -18.774945 ], [ -65.416533, -18.779417 ], [ -65.427779, -18.795695 ], [ -65.432254, -18.810076 ], [ -65.438435, -18.814302 ], [ -65.434299, -18.821611 ], [ -65.441514, -18.834252 ], [ -65.428557, -18.837623 ], [ -65.417263, -18.862561 ], [ -65.420793, -18.879412 ], [ -65.411955, -18.885989 ], [ -65.407209, -18.899022 ], [ -65.401659, -18.903757 ], [ -65.397549, -18.918374 ], [ -65.404728, -18.925728 ], [ -65.403984, -18.934116 ], [ -65.41377, -18.945416 ], [ -65.420796, -18.93158 ], [ -65.428563, -18.929338 ], [ -65.436596, -18.919966 ], [ -65.445777, -18.918967 ], [ -65.453094, -18.927455 ], [ -65.462824, -18.929638 ], [ -65.46693, -18.923577 ], [ -65.480861, -18.925933 ], [ -65.499999, -18.938235 ], [ -65.502491, -18.943554 ], [ -65.519168, -18.951334 ], [ -65.5236, -18.95582 ], [ -65.532415, -18.976513 ], [ -65.587338, -18.997756 ], [ -65.584711, -19.003946 ], [ -65.567485, -19.024067 ], [ -65.566894, -19.032691 ], [ -65.55799, -19.051304 ], [ -65.554132, -19.065095 ], [ -65.540874, -19.085359 ], [ -65.528038, -19.086245 ], [ -65.517708, -19.096443 ], [ -65.514326, -19.092736 ], [ -65.495957, -19.089578 ], [ -65.487608, -19.09578 ], [ -65.469902, -19.122627 ], [ -65.45495, -19.124949 ], [ -65.445081, -19.134573 ], [ -65.406248, -19.143825 ], [ -65.401389, -19.159901 ], [ -65.392913, -19.172648 ] ] ] } },
{ "type": "Feature", "properties": { "idep": "02", "nombre_dep": "La Paz" }, "geometry": { "type": "MultiPolygon", "coordinates": [ [ [ [ -68.771641, -16.308157 ], [ -68.764294, -16.316413 ], [ -68.751777, -16.298812 ], [ -68.768144, -16.293904 ], [ -68.779676, -16.294779 ], [ -68.777462, -16.307923 ], [ -68.771641, -16.308157 ] ] ], [ [ [ -68.823102, -16.296069 ], [ -68.816765, -16.302157 ], [ -68.804047, -16.296064 ], [ -68.804565, -16.285254 ], [ -68.822828, -16.277019 ], [ -68.825562, -16.28425 ], [ -68.823102, -16.296069 ] ] ], [ [ [ -68.603215, -16.225021 ], [ -68.596721, -16.245825 ], [ -68.589619, -16.24019 ], [ -68.592815, -16.229851 ], [ -68.603215, -16.225021 ] ] ], [ [ [ -69.005217, -16.205677 ], [ -68.985018, -16.191416 ], [ -68.975918, -16.192536 ], [ -68.959245, -16.196491 ], [ -68.942337, -16.193936 ], [ -68.933534, -16.197735 ], [ -68.916638, -16.205756 ], [ -68.918799, -16.214592 ], [ -68.909335, -16.218677 ], [ -68.898954, -16.228586 ], [ -68.889054, -16.233917 ], [ -68.897731, -16.246143 ], [ -68.895002, -16.256973 ], [ -68.883787, -16.264976 ], [ -68.866108, -16.263292 ], [ -68.853597, -16.267598 ], [ -68.835629, -16.262375 ], [ -68.837576, -16.251743 ], [ -68.830342, -16.246629 ], [ -68.830645, -16.237024 ], [ -68.852053, -16.222543 ], [ -68.871833, -16.211442 ], [ -68.881829, -16.201206 ], [ -68.891986, -16.200107 ], [ -68.906807, -16.1893 ], [ -68.924884, -16.186423 ], [ -68.941085, -16.179848 ], [ -68.946748, -16.180687 ], [ -68.96121, -16.168295 ], [ -68.968745, -16.154938 ], [ -68.974523, -16.149317 ], [ -68.976345, -16.140519 ], [ -68.991446, -16.128239 ], [ -69.006553, -16.120243 ], [ -69.012199, -16.112744 ], [ -69.034674, -16.102656 ], [ -69.045415, -16.100704 ], [ -69.050295, -16.095414 ], [ -69.076998, -16.089205 ], [ -69.09328, -16.073917 ], [ -69.116076, -16.060166 ], [ -69.131961, -16.058571 ], [ -69.127882, -16.066911 ], [ -69.111843, -16.090259 ], [ -69.115123, -16.09721 ], [ -69.100939, -16.103295 ], [ -69.084881, -16.117388 ], [ -69.082593, -16.124842 ], [ -69.08978, -16.131344 ], [ -69.075112, -16.149503 ], [ -69.083895, -16.159127 ], [ -69.09311, -16.160019 ], [ -69.090898, -16.169342 ], [ -69.102009, -16.179684 ], [ -69.119685, -16.181564 ], [ -69.123825, -16.187013 ], [ -69.121627, -16.195178 ], [ -69.107331, -16.198356 ], [ -69.10483, -16.207693 ], [ -69.094315, -16.214496 ], [ -69.095862, -16.225615 ], [ -69.078278, -16.220857 ], [ -69.062194, -16.207399 ], [ -69.055452, -16.19819 ], [ -69.027576, -16.209793 ], [ -69.020692, -16.214885 ], [ -69.017115, -16.223082 ], [ -69.008567, -16.219577 ], [ -69.005217, -16.205677 ] ] ], [ [ [ -69.180978, -16.001356 ], [ -69.172487, -15.997628 ], [ -69.175658, -15.989343 ], [ -69.186261, -15.988628 ], [ -69.192606, -15.981571 ], [ -69.198682, -15.995293 ], [ -69.189356, -16.008067 ], [ -69.201801, -16.008463 ], [ -69.186718, -16.032751 ], [ -69.175074, -16.039193 ], [ -69.169158, -16.030466 ], [ -69.147861, -16.046155 ], [ -69.141893, -16.044092 ], [ -69.145692, -16.022033 ], [ -69.155684, -16.020101 ], [ -69.160392, -16.005421 ], [ -69.168722, -16.012859 ], [ -69.180978, -16.001356 ] ] ], [ [ [ -68.816102, -16.207918 ], [ -68.812989, -16.191059 ], [ -68.815073, -16.184515 ], [ -68.806761, -16.180909 ], [ -68.780789, -16.181927 ], [ -68.75601, -16.191998 ], [ -68.748752, -16.199418 ], [ -68.734542, -16.202925 ], [ -68.72239, -16.203136 ], [ -68.704258, -16.21433 ], [ -68.694185, -16.21245 ], [ -68.665555, -16.217563 ], [ -68.658513, -16.220135 ], [ -68.644906, -16.218563 ], [ -68.629914, -16.204775 ], [ -68.626528, -16.197502 ], [ -68.618191, -16.202367 ], [ -68.605887, -16.201349 ], [ -68.591166, -16.220253 ], [ -68.588116, -16.229815 ], [ -68.57678, -16.24026 ], [ -68.572065, -16.249408 ], [ -68.573656, -16.256158 ], [ -68.567128, -16.267658 ], [ -68.573692, -16.268856 ], [ -68.583679, -16.276569 ], [ -68.601898, -16.283328 ], [ -68.601868, -16.296637 ], [ -68.586076, -16.315041 ], [ -68.594545, -16.327777 ], [ -68.607062, -16.335794 ], [ -68.614752, -16.336597 ], [ -68.629126, -16.327197 ], [ -68.633883, -16.335855 ], [ -68.645563, -16.324222 ], [ -68.655532, -16.317561 ], [ -68.667935, -16.318499 ], [ -68.682139, -16.308001 ], [ -68.694784, -16.306137 ], [ -68.691025, -16.315029 ], [ -68.691148, -16.325109 ], [ -68.705242, -16.320167 ], [ -68.715006, -16.320679 ], [ -68.719799, -16.331523 ], [ -68.73163, -16.329313 ], [ -68.721513, -16.346246 ], [ -68.712191, -16.350655 ], [ -68.707974, -16.347093 ], [ -68.713928, -16.336288 ], [ -68.695017, -16.331163 ], [ -68.686579, -16.339664 ], [ -68.677956, -16.341287 ], [ -68.676374, -16.354224 ], [ -68.685864, -16.36176 ], [ -68.687692, -16.372349 ], [ -68.698161, -16.384559 ], [ -68.707868, -16.387149 ], [ -68.72128, -16.398458 ], [ -68.713914, -16.402136 ], [ -68.728403, -16.421853 ], [ -68.744892, -16.419456 ], [ -68.769061, -16.427901 ], [ -68.780238, -16.425028 ], [ -68.788782, -16.42628 ], [ -68.799226, -16.427866 ], [ -68.802078, -16.419446 ], [ -68.815464, -16.425067 ], [ -68.825018, -16.424174 ], [ -68.846472, -16.428419 ], [ -68.851616, -16.426469 ], [ -68.880602, -16.425444 ], [ -68.899808, -16.428529 ], [ -68.912135, -16.434133 ], [ -68.922621, -16.434421 ], [ -68.932614, -16.430751 ], [ -68.946642, -16.437393 ], [ -68.948501, -16.45239 ], [ -68.957004, -16.471646 ], [ -68.928409, -16.47462 ], [ -68.920728, -16.472004 ], [ -68.901972, -16.472322 ], [ -68.88832, -16.467457 ], [ -68.880415, -16.468472 ], [ -68.863998, -16.477127 ], [ -68.844632, -16.481759 ], [ -68.841906, -16.487174 ], [ -68.825974, -16.488133 ], [ -68.839975, -16.515097 ], [ -68.833415, -16.526174 ], [ -68.822735, -16.529428 ], [ -68.835312, -16.527596 ], [ -68.846691, -16.533112 ], [ -68.834579, -16.545247 ], [ -68.829332, -16.558447 ], [ -68.836758, -16.568996 ], [ -68.844484, -16.569785 ], [ -68.845512, -16.58583 ], [ -68.855616, -16.58886 ], [ -68.873889, -16.59894 ], [ -68.892347, -16.595181 ], [ -68.922739, -16.595714 ], [ -68.933808, -16.588352 ], [ -68.940882, -16.590284 ], [ -68.958745, -16.579369 ], [ -68.967801, -16.579472 ], [ -69.007546, -16.560527 ], [ -69.027311, -16.553253 ], [ -69.035961, -16.562866 ], [ -69.040229, -16.572557 ], [ -69.035887, -16.580117 ], [ -69.032762, -16.607905 ], [ -69.022425, -16.61595 ], [ -69.010233, -16.633276 ], [ -68.99846, -16.639546 ], [ -68.998916, -16.651496 ], [ -69.009571, -16.667079 ], [ -69.025081, -16.673109 ], [ -69.04381, -16.688458 ], [ -69.05331, -16.686617 ], [ -69.057596, -16.691608 ], [ -69.087832, -16.702436 ], [ -69.100688, -16.711137 ], [ -69.119958, -16.716207 ], [ -69.133291, -16.709789 ], [ -69.142252, -16.715705 ], [ -69.169796, -16.727333 ], [ -69.181801, -16.757064 ], [ -69.187726, -16.796614 ], [ -69.199162, -16.797653 ], [ -69.212082, -16.820608 ], [ -69.219107, -16.836755 ], [ -69.253329, -16.860525 ], [ -69.286132, -16.895593 ], [ -69.304446, -16.916613 ], [ -69.324452, -16.95202 ], [ -69.320305, -16.960878 ], [ -69.326382, -16.9598 ], [ -69.334561, -16.98089 ], [ -69.340032, -16.987532 ], [ -69.36863, -16.988916 ], [ -69.372496, -16.996086 ], [ -69.394582, -17.022155 ], [ -69.384374, -17.031409 ], [ -69.381117, -17.040266 ], [ -69.372623, -17.050809 ], [ -69.37397, -17.072397 ], [ -69.393615, -17.090685 ], [ -69.407147, -17.099981 ], [ -69.432533, -17.110328 ], [ -69.451147, -17.094036 ], [ -69.479122, -17.115247 ], [ -69.515508, -17.149711 ], [ -69.547023, -17.163099 ], [ -69.557958, -17.165589 ], [ -69.562589, -17.175503 ], [ -69.572075, -17.186244 ], [ -69.569175, -17.194458 ], [ -69.583904, -17.209205 ], [ -69.592358, -17.20898 ], [ -69.603419, -17.2193 ], [ -69.616803, -17.261656 ], [ -69.628414, -17.273897 ], [ -69.636261, -17.270825 ], [ -69.644231, -17.280044 ], [ -69.641725, -17.286869 ], [ -69.575861, -17.291408 ], [ -69.513261, -17.342408 ], [ -69.469175, -17.373544 ], [ -69.4679, -17.415253 ], [ -69.468839, -17.433375 ], [ -69.4687, -17.49196 ], [ -69.467872, -17.604875 ], [ -69.337895, -17.72921 ], [ -69.334997, -17.734151 ], [ -69.337499, -17.744608 ], [ -69.332083, -17.766709 ], [ -69.312889, -17.789144 ], [ -69.308057, -17.804089 ], [ -69.310264, -17.816618 ], [ -69.305491, -17.835806 ], [ -69.306136, -17.844349 ], [ -69.300817, -17.849357 ], [ -69.299919, -17.860254 ], [ -69.308749, -17.868665 ], [ -69.305077, -17.883793 ], [ -69.312933, -17.908922 ], [ -69.309752, -17.920663 ], [ -69.303812, -17.927565 ], [ -69.29462, -17.949516 ], [ -69.281252, -17.969174 ], [ -69.275968, -17.969334 ], [ -69.256538, -17.953961 ], [ -69.253729, -17.961979 ], [ -69.256198, -17.974851 ], [ -69.247229, -17.982137 ], [ -69.230468, -17.983561 ], [ -69.222124, -17.979664 ], [ -69.12628, -18.032004 ], [ -69.110445, -18.036635 ], [ -69.087987, -18.041901 ], [ -69.079489, -18.046856 ], [ -69.072487, -18.038173 ], [ -69.057224, -18.034304 ], [ -69.046223, -18.029046 ], [ -69.034222, -18.017091 ], [ -69.014128, -18.007105 ], [ -69.005727, -17.997723 ], [ -68.991976, -17.994874 ], [ -68.932691, -17.966711 ], [ -68.91039, -17.949595 ], [ -68.870174, -17.94345 ], [ -68.850352, -17.93832 ], [ -68.841064, -17.941979 ], [ -68.829941, -17.934732 ], [ -68.806519, -17.92708 ], [ -68.786782, -17.930596 ], [ -68.778009, -17.923546 ], [ -68.759728, -17.914197 ], [ -68.758325, -17.902941 ], [ -68.741866, -17.891367 ], [ -68.740014, -17.886945 ], [ -68.727782, -17.884632 ], [ -68.720161, -17.890189 ], [ -68.710574, -17.887363 ], [ -68.695813, -17.889119 ], [ -68.690848, -17.880012 ], [ -68.666458, -17.876173 ], [ -68.661983, -17.869269 ], [ -68.639401, -17.863303 ], [ -68.633164, -17.853587 ], [ -68.622412, -17.848712 ], [ -68.615068, -17.836869 ], [ -68.602673, -17.832546 ], [ -68.583149, -17.818227 ], [ -68.568287, -17.815684 ], [ -68.560787, -17.819673 ], [ -68.53647, -17.809692 ], [ -68.537487, -17.800282 ], [ -68.543717, -17.796768 ], [ -68.541207, -17.784433 ], [ -68.543569, -17.759509 ], [ -68.538488, -17.731957 ], [ -68.53987, -17.717299 ], [ -68.531283, -17.702038 ], [ -68.519363, -17.702174 ], [ -68.513375, -17.706027 ], [ -68.503744, -17.705389 ], [ -68.498129, -17.700359 ], [ -68.497488, -17.69058 ], [ -68.481131, -17.684013 ], [ -68.471018, -17.686312 ], [ -68.464023, -17.672076 ], [ -68.452642, -17.662585 ], [ -68.436022, -17.667569 ], [ -68.435566, -17.660111 ], [ -68.417895, -17.640072 ], [ -68.411981, -17.623658 ], [ -68.40692, -17.624592 ], [ -68.394464, -17.618162 ], [ -68.384719, -17.615353 ], [ -68.385452, -17.601365 ], [ -68.378427, -17.595532 ], [ -68.360615, -17.590752 ], [ -68.348075, -17.593461 ], [ -68.33273, -17.608397 ], [ -68.321787, -17.596856 ], [ -68.311694, -17.594497 ], [ -68.299956, -17.60217 ], [ -68.289396, -17.615182 ], [ -68.276428, -17.628645 ], [ -68.270471, -17.642734 ], [ -68.253101, -17.638137 ], [ -68.237795, -17.647603 ], [ -68.224145, -17.651075 ], [ -68.208822, -17.669206 ], [ -68.19066, -17.663522 ], [ -68.190494, -17.654593 ], [ -68.143524, -17.668746 ], [ -68.137273, -17.676063 ], [ -68.100123, -17.69913 ], [ -68.085344, -17.715206 ], [ -68.07399, -17.718659 ], [ -68.054816, -17.717917 ], [ -68.000268, -17.741135 ], [ -67.994121, -17.738122 ], [ -67.983633, -17.741588 ], [ -67.968981, -17.732698 ], [ -67.965164, -17.737719 ], [ -67.966316, -17.748057 ], [ -67.95757, -17.764423 ], [ -67.93942, -17.773986 ], [ -67.926277, -17.782945 ], [ -67.902388, -17.7911 ], [ -67.883502, -17.805244 ], [ -67.860502, -17.814314 ], [ -67.861314, -17.821925 ], [ -67.852566, -17.824745 ], [ -67.826303, -17.856818 ], [ -67.807665, -17.873225 ], [ -67.790532, -17.880641 ], [ -67.772051, -17.87782 ], [ -67.75258, -17.871496 ], [ -67.731506, -17.859263 ], [ -67.707642, -17.848037 ], [ -67.701609, -17.802171 ], [ -67.679844, -17.778062 ], [ -67.676975, -17.763886 ], [ -67.644492, -17.758046 ], [ -67.632462, -17.764921 ], [ -67.585845, -17.768205 ], [ -67.586287, -17.711911 ], [ -67.558163, -17.703483 ], [ -67.531252, -17.673826 ], [ -67.516091, -17.67172 ], [ -67.507676, -17.647284 ], [ -67.530718, -17.61035 ], [ -67.529082, -17.596757 ], [ -67.548869, -17.586352 ], [ -67.546261, -17.575412 ], [ -67.531985, -17.561012 ], [ -67.521386, -17.553811 ], [ -67.522905, -17.547191 ], [ -67.516254, -17.540273 ], [ -67.503445, -17.517312 ], [ -67.498219, -17.520608 ], [ -67.483687, -17.521768 ], [ -67.475051, -17.516422 ], [ -67.472287, -17.507861 ], [ -67.448952, -17.524124 ], [ -67.447897, -17.53745 ], [ -67.429669, -17.560529 ], [ -67.418975, -17.563504 ], [ -67.412726, -17.571296 ], [ -67.403227, -17.574375 ], [ -67.393755, -17.560552 ], [ -67.390823, -17.548827 ], [ -67.381317, -17.539302 ], [ -67.380318, -17.525676 ], [ -67.387612, -17.516578 ], [ -67.381224, -17.50636 ], [ -67.382129, -17.500941 ], [ -67.375848, -17.490645 ], [ -67.377065, -17.477044 ], [ -67.374514, -17.461768 ], [ -67.366643, -17.452951 ], [ -67.341695, -17.450414 ], [ -67.338397, -17.433357 ], [ -67.33515, -17.4283 ], [ -67.321604, -17.425247 ], [ -67.313588, -17.412728 ], [ -67.318202, -17.401517 ], [ -67.309788, -17.380704 ], [ -67.297557, -17.384043 ], [ -67.293685, -17.375545 ], [ -67.285821, -17.368337 ], [ -67.284648, -17.356114 ], [ -67.277529, -17.344838 ], [ -67.257879, -17.333508 ], [ -67.253204, -17.324537 ], [ -67.228517, -17.336665 ], [ -67.203281, -17.336348 ], [ -67.198228, -17.346398 ], [ -67.196477, -17.35098 ], [ -67.199499, -17.365958 ], [ -67.187596, -17.378315 ], [ -67.186944, -17.40737 ], [ -67.19028, -17.41671 ], [ -67.171246, -17.43273 ], [ -67.156582, -17.441274 ], [ -67.150947, -17.449353 ], [ -67.13593, -17.454273 ], [ -67.12452, -17.465369 ], [ -67.087705, -17.466012 ], [ -67.077386, -17.469985 ], [ -67.067371, -17.470103 ], [ -67.058985, -17.475988 ], [ -67.049828, -17.49573 ], [ -67.035978, -17.50024 ], [ -67.026115, -17.511938 ], [ -67.019819, -17.528137 ], [ -67.021302, -17.538994 ], [ -67.050971, -17.587689 ], [ -67.041434, -17.602255 ], [ -67.03579, -17.606875 ], [ -67.014002, -17.618155 ], [ -67.006845, -17.63193 ], [ -66.970866, -17.619882 ], [ -66.936486, -17.610943 ], [ -66.899889, -17.590502 ], [ -66.891605, -17.585534 ], [ -66.884949, -17.574946 ], [ -66.885625, -17.568655 ], [ -66.873401, -17.555587 ], [ -66.877706, -17.54155 ], [ -66.861311, -17.539949 ], [ -66.847736, -17.533947 ], [ -66.840337, -17.533565 ], [ -66.834599, -17.526933 ], [ -66.82493, -17.525628 ], [ -66.817463, -17.516581 ], [ -66.816276, -17.504441 ], [ -66.834726, -17.476728 ], [ -66.837245, -17.463418 ], [ -66.835681, -17.451095 ], [ -66.842098, -17.442795 ], [ -66.862896, -17.436066 ], [ -66.876992, -17.416101 ], [ -66.866935, -17.402568 ], [ -66.865244, -17.389553 ], [ -66.846358, -17.384301 ], [ -66.850896, -17.380225 ], [ -66.846453, -17.367416 ], [ -66.845402, -17.354038 ], [ -66.858569, -17.346708 ], [ -66.855861, -17.337754 ], [ -66.849163, -17.338064 ], [ -66.842582, -17.317475 ], [ -66.856887, -17.310863 ], [ -66.877992, -17.29794 ], [ -66.887792, -17.28896 ], [ -66.888647, -17.266075 ], [ -66.878735, -17.24844 ], [ -66.877137, -17.234249 ], [ -66.887644, -17.215629 ], [ -66.890048, -17.206051 ], [ -66.889798, -17.189792 ], [ -66.885493, -17.185955 ], [ -66.883916, -17.156551 ], [ -66.890444, -17.139829 ], [ -66.904693, -17.122949 ], [ -66.914599, -17.114023 ], [ -66.930636, -17.107052 ], [ -66.940754, -17.093275 ], [ -66.944361, -17.084463 ], [ -66.956524, -17.071767 ], [ -66.9573, -17.065608 ], [ -66.979741, -17.048184 ], [ -66.990387, -17.015465 ], [ -67.002033, -16.988515 ], [ -67.000976, -16.961604 ], [ -67.005561, -16.952061 ], [ -66.99462, -16.943847 ], [ -66.992468, -16.934771 ], [ -66.971704, -16.925637 ], [ -66.970227, -16.920997 ], [ -66.976231, -16.906362 ], [ -66.973628, -16.892065 ], [ -66.965243, -16.887328 ], [ -66.946277, -16.867913 ], [ -66.941634, -16.856076 ], [ -66.935456, -16.852356 ], [ -66.922071, -16.835175 ], [ -66.907313, -16.836416 ], [ -66.887514, -16.83399 ], [ -66.885845, -16.83677 ], [ -66.868884, -16.834813 ], [ -66.848819, -16.836026 ], [ -66.833037, -16.839654 ], [ -66.815851, -16.829722 ], [ -66.797839, -16.812512 ], [ -66.780827, -16.801111 ], [ -66.784912, -16.794365 ], [ -66.775903, -16.784141 ], [ -66.762314, -16.782089 ], [ -66.759318, -16.770427 ], [ -66.751561, -16.768736 ], [ -66.741179, -16.755186 ], [ -66.74536, -16.742264 ], [ -66.743057, -16.723007 ], [ -66.758034, -16.702195 ], [ -66.754163, -16.676247 ], [ -66.740977, -16.656677 ], [ -66.745775, -16.630641 ], [ -66.738143, -16.623894 ], [ -66.734009, -16.613595 ], [ -66.73787, -16.599578 ], [ -66.732113, -16.590101 ], [ -66.742105, -16.57128 ], [ -66.748385, -16.564018 ], [ -66.75966, -16.544378 ], [ -66.764954, -16.543001 ], [ -66.777209, -16.518098 ], [ -66.770231, -16.514044 ], [ -66.769072, -16.504924 ], [ -66.779918, -16.495694 ], [ -66.788761, -16.484517 ], [ -66.788709, -16.475122 ], [ -66.782532, -16.467886 ], [ -66.788198, -16.44337 ], [ -66.782999, -16.419812 ], [ -66.794648, -16.39831 ], [ -66.798817, -16.351462 ], [ -66.794938, -16.344328 ], [ -66.799073, -16.328613 ], [ -66.798684, -16.320864 ], [ -66.804024, -16.303474 ], [ -66.801039, -16.294318 ], [ -66.809018, -16.283078 ], [ -66.816304, -16.281171 ], [ -66.819521, -16.269472 ], [ -66.827682, -16.268635 ], [ -66.834102, -16.260649 ], [ -66.847465, -16.254612 ], [ -66.853294, -16.245133 ], [ -66.846637, -16.228876 ], [ -66.851596, -16.216695 ], [ -66.845743, -16.209197 ], [ -66.843825, -16.196371 ], [ -66.850764, -16.182282 ], [ -66.862919, -16.164623 ], [ -66.87088, -16.158847 ], [ -66.868021, -16.15155 ], [ -66.875373, -16.145369 ], [ -66.884566, -16.126575 ], [ -66.901394, -16.105098 ], [ -66.910098, -16.104723 ], [ -66.913334, -16.096486 ], [ -66.920484, -16.091438 ], [ -66.916332, -16.068324 ], [ -66.909492, -16.053188 ], [ -66.91343, -16.016261 ], [ -66.920498, -15.997634 ], [ -66.909776, -15.990178 ], [ -66.913769, -15.980782 ], [ -66.898267, -15.955051 ], [ -66.888784, -15.950425 ], [ -66.883338, -15.941365 ], [ -66.877783, -15.94275 ], [ -66.868805, -15.935432 ], [ -66.878278, -15.925754 ], [ -66.874677, -15.91901 ], [ -66.890328, -15.896586 ], [ -66.883051, -15.889944 ], [ -66.882066, -15.880661 ], [ -66.889278, -15.872313 ], [ -66.901401, -15.867985 ], [ -66.901067, -15.849426 ], [ -66.908156, -15.847213 ], [ -66.900348, -15.83515 ], [ -66.895443, -15.82056 ], [ -66.873731, -15.796395 ], [ -66.855832, -15.784239 ], [ -66.836804, -15.796662 ], [ -66.826174, -15.788643 ], [ -66.804055, -15.783877 ], [ -66.795423, -15.785103 ], [ -66.853531, -15.716342 ], [ -66.873495, -15.69398 ], [ -66.889683, -15.662543 ], [ -66.906909, -15.640225 ], [ -66.904368, -15.627076 ], [ -66.906673, -15.621206 ], [ -66.899206, -15.61518 ], [ -66.899613, -15.604056 ], [ -66.90672, -15.598376 ], [ -66.923489, -15.56881 ], [ -66.934296, -15.565952 ], [ -66.936589, -15.559063 ], [ -66.931757, -15.551527 ], [ -66.946184, -15.534293 ], [ -66.950837, -15.524852 ], [ -66.95914, -15.519098 ], [ -66.962766, -15.511059 ], [ -66.974632, -15.499456 ], [ -66.996382, -15.486139 ], [ -67.002778, -15.485116 ], [ -67.002942, -15.476531 ], [ -67.015886, -15.47278 ], [ -67.045355, -15.447039 ], [ -67.063191, -15.443058 ], [ -67.07019, -15.428019 ], [ -67.080853, -15.427635 ], [ -67.08632, -15.414715 ], [ -67.105858, -15.403945 ], [ -67.109773, -15.393878 ], [ -67.116764, -15.388031 ], [ -67.105336, -15.366105 ], [ -67.093629, -15.360168 ], [ -67.083384, -15.337875 ], [ -67.084282, -15.326779 ], [ -67.080531, -15.320643 ], [ -67.082295, -15.312248 ], [ -67.091046, -15.300457 ], [ -67.101527, -15.300929 ], [ -67.113662, -15.280245 ], [ -67.126215, -15.276535 ], [ -67.132016, -15.263069 ], [ -67.127224, -15.248919 ], [ -67.13501, -15.232519 ], [ -67.138137, -15.218861 ], [ -67.152444, -15.196597 ], [ -67.158956, -15.183394 ], [ -67.16669, -15.18481 ], [ -67.17094, -15.164318 ], [ -67.176061, -15.163374 ], [ -67.186472, -15.15055 ], [ -67.194809, -15.149507 ], [ -67.192108, -15.137154 ], [ -67.203233, -15.1299 ], [ -67.213151, -15.112608 ], [ -67.228483, -15.117277 ], [ -67.233243, -15.108296 ], [ -67.243437, -15.098801 ], [ -67.235563, -15.076657 ], [ -67.237961, -15.062414 ], [ -67.246232, -15.054016 ], [ -67.256176, -15.056952 ], [ -67.263343, -15.047096 ], [ -67.280992, -15.04079 ], [ -67.278817, -15.029224 ], [ -67.288314, -15.029942 ], [ -67.297878, -15.028542 ], [ -67.303799, -15.044079 ], [ -67.315326, -15.037044 ], [ -67.321625, -15.045515 ], [ -67.328582, -15.03787 ], [ -67.34936, -15.038141 ], [ -67.373448, -15.027141 ], [ -67.386362, -15.012766 ], [ -67.396111, -15.009333 ], [ -67.40329, -14.994038 ], [ -67.413625, -14.992883 ], [ -67.416604, -14.987337 ], [ -67.410979, -14.981166 ], [ -67.409048, -14.968367 ], [ -67.420719, -14.965421 ], [ -67.413956, -14.949175 ], [ -67.422424, -14.94567 ], [ -67.41756, -14.931038 ], [ -67.42851, -14.922203 ], [ -67.422498, -14.905186 ], [ -67.431495, -14.894023 ], [ -67.414019, -14.868578 ], [ -67.40109, -14.86309 ], [ -67.406658, -14.858178 ], [ -67.403456, -14.850534 ], [ -67.410534, -14.845011 ], [ -67.406784, -14.826679 ], [ -67.395774, -14.826225 ], [ -67.399005, -14.81725 ], [ -67.396754, -14.804094 ], [ -67.392575, -14.79588 ], [ -67.404134, -14.794915 ], [ -67.406507, -14.780463 ], [ -67.414026, -14.781531 ], [ -67.424352, -14.759792 ], [ -67.424878, -14.7396 ], [ -67.433895, -14.73718 ], [ -67.442002, -14.726252 ], [ -67.455792, -14.71788 ], [ -67.468978, -14.701301 ], [ -67.479465, -14.69764 ], [ -67.475036, -14.688303 ], [ -67.49721, -14.686313 ], [ -67.489669, -14.67954 ], [ -67.503179, -14.671037 ], [ -67.513957, -14.657793 ], [ -67.509338, -14.648166 ], [ -67.519343, -14.645672 ], [ -67.529054, -14.637753 ], [ -67.525715, -14.62775 ], [ -67.526055, -14.615035 ], [ -67.536753, -14.602212 ], [ -67.537627, -14.593094 ], [ -67.527563, -14.589697 ], [ -67.520154, -14.579959 ], [ -67.520123, -14.57086 ], [ -67.499402, -14.560933 ], [ -67.496719, -14.522304 ], [ -67.491976, -14.512887 ], [ -67.48157, -14.503554 ], [ -67.485124, -14.494191 ], [ -67.500787, -14.495376 ], [ -67.509166, -14.493023 ], [ -67.516844, -14.473205 ], [ -67.527616, -14.467136 ], [ -67.534485, -14.447741 ], [ -67.531245, -14.430619 ], [ -67.53288, -14.41709 ], [ -67.544389, -14.416138 ], [ -67.557159, -14.4107 ], [ -67.557992, -14.399342 ], [ -67.542645, -14.390454 ], [ -67.543557, -14.381133 ], [ -67.557462, -14.372873 ], [ -67.554647, -14.366844 ], [ -67.537967, -14.36021 ], [ -67.536346, -14.348809 ], [ -67.54033, -14.343298 ], [ -67.561967, -14.345116 ], [ -67.560587, -14.337948 ], [ -67.536672, -14.320686 ], [ -67.525606, -14.302627 ], [ -67.510337, -14.290742 ], [ -67.500692, -14.291641 ], [ -67.482602, -14.298544 ], [ -67.473051, -14.291924 ], [ -67.475139, -14.279956 ], [ -67.489984, -14.269894 ], [ -67.512576, -14.261951 ], [ -67.520316, -14.25083 ], [ -67.510465, -14.235152 ], [ -67.512602, -14.219604 ], [ -67.533865, -14.194413 ], [ -67.536061, -14.175763 ], [ -67.534643, -14.165913 ], [ -67.518516, -14.136821 ], [ -67.506899, -14.124228 ], [ -67.504833, -14.112385 ], [ -67.515213, -14.103244 ], [ -67.523589, -14.104088 ], [ -67.539694, -14.110083 ], [ -67.550426, -14.096597 ], [ -67.549722, -14.09067 ], [ -67.538415, -14.086589 ], [ -67.522574, -14.09018 ], [ -67.496274, -14.070569 ], [ -67.49836, -14.060092 ], [ -67.507916, -14.056633 ], [ -67.525575, -14.045865 ], [ -67.545877, -14.037581 ], [ -67.548355, -14.03157 ], [ -67.544834, -14.023435 ], [ -67.532463, -14.02248 ], [ -67.526287, -14.012153 ], [ -67.539487, -13.982569 ], [ -67.536094, -13.972622 ], [ -67.532558, -13.959882 ], [ -67.527413, -13.953335 ], [ -67.495258, -13.929273 ], [ -67.48615, -13.919813 ], [ -67.486135, -13.911165 ], [ -67.494329, -13.908628 ], [ -67.511228, -13.914131 ], [ -67.511837, -13.906217 ], [ -67.504316, -13.896216 ], [ -67.479658, -13.883996 ], [ -67.47394, -13.864417 ], [ -67.46053, -13.849571 ], [ -67.464611, -13.839506 ], [ -67.4815, -13.852767 ], [ -67.490144, -13.849924 ], [ -67.491679, -13.84244 ], [ -67.501463, -13.835401 ], [ -67.515914, -13.832709 ], [ -67.506894, -13.816334 ], [ -67.484041, -13.802259 ], [ -67.481758, -13.794546 ], [ -67.489451, -13.789932 ], [ -67.498972, -13.793188 ], [ -67.515168, -13.794381 ], [ -67.525447, -13.78942 ], [ -67.522082, -13.779311 ], [ -67.509013, -13.772246 ], [ -67.49021, -13.769012 ], [ -67.478164, -13.761329 ], [ -67.473514, -13.749484 ], [ -67.456473, -13.743933 ], [ -67.45116, -13.734686 ], [ -67.460986, -13.726332 ], [ -67.462286, -13.718217 ], [ -67.452007, -13.715047 ], [ -67.448697, -13.729286 ], [ -67.43494, -13.735456 ], [ -67.426494, -13.732454 ], [ -67.4313, -13.720451 ], [ -67.4315, -13.710223 ], [ -67.420363, -13.707444 ], [ -67.418988, -13.699456 ], [ -67.435565, -13.683317 ], [ -67.439085, -13.666908 ], [ -67.432203, -13.656094 ], [ -67.418903, -13.653362 ], [ -67.413429, -13.647911 ], [ -67.393436, -13.640708 ], [ -67.367651, -13.641441 ], [ -67.369488, -13.631887 ], [ -67.378573, -13.617627 ], [ -67.38683, -13.610678 ], [ -67.38473, -13.601278 ], [ -67.374115, -13.609331 ], [ -67.363295, -13.608959 ], [ -67.361519, -13.600223 ], [ -67.364566, -13.58764 ], [ -67.353889, -13.576198 ], [ -67.3579, -13.565334 ], [ -67.372622, -13.570065 ], [ -67.379797, -13.566141 ], [ -67.378133, -13.549088 ], [ -67.38597, -13.534519 ], [ -67.402499, -13.533723 ], [ -67.403336, -13.526328 ], [ -67.392188, -13.516869 ], [ -67.380435, -13.51938 ], [ -67.374016, -13.513 ], [ -67.375486, -13.499472 ], [ -67.369232, -13.493535 ], [ -67.358763, -13.490638 ], [ -67.347815, -13.474417 ], [ -67.351207, -13.4674 ], [ -67.360109, -13.469203 ], [ -67.370793, -13.483894 ], [ -67.37989, -13.486059 ], [ -67.389482, -13.473306 ], [ -67.391468, -13.460683 ], [ -67.382132, -13.455087 ], [ -67.364771, -13.4571 ], [ -67.358884, -13.455437 ], [ -67.355286, -13.444824 ], [ -67.376204, -13.443457 ], [ -67.395891, -13.437696 ], [ -67.396217, -13.42658 ], [ -67.379905, -13.42213 ], [ -67.379173, -13.413744 ], [ -67.388899, -13.408634 ], [ -67.390977, -13.401301 ], [ -67.38631, -13.391442 ], [ -67.377896, -13.385904 ], [ -67.333773, -13.369852 ], [ -67.326611, -13.362768 ], [ -67.330266, -13.355654 ], [ -67.356079, -13.353858 ], [ -67.357022, -13.347863 ], [ -67.34851, -13.340462 ], [ -67.326072, -13.326863 ], [ -67.31607, -13.313928 ], [ -67.300136, -13.305131 ], [ -67.29626, -13.295793 ], [ -67.302955, -13.288699 ], [ -67.300774, -13.278441 ], [ -67.294058, -13.272499 ], [ -67.287426, -13.276481 ], [ -67.2877, -13.301314 ], [ -67.278226, -13.303112 ], [ -67.26636, -13.292788 ], [ -67.262788, -13.272023 ], [ -67.267028, -13.261706 ], [ -67.286749, -13.259978 ], [ -67.295356, -13.253208 ], [ -67.294043, -13.247716 ], [ -67.284737, -13.241962 ], [ -67.27573, -13.241694 ], [ -67.265371, -13.257246 ], [ -67.251174, -13.258286 ], [ -67.249531, -13.25186 ], [ -67.258198, -13.234788 ], [ -67.26466, -13.228831 ], [ -67.268465, -13.216235 ], [ -67.266749, -13.209626 ], [ -67.253932, -13.206951 ], [ -67.245783, -13.197273 ], [ -67.237926, -13.193805 ], [ -67.212212, -13.199833 ], [ -67.197947, -13.195283 ], [ -67.201498, -13.186345 ], [ -67.225649, -13.178342 ], [ -67.228065, -13.171116 ], [ -67.220671, -13.166202 ], [ -67.194186, -13.16219 ], [ -67.16623, -13.16737 ], [ -67.160271, -13.166395 ], [ -67.161037, -13.154297 ], [ -67.169357, -13.134764 ], [ -67.18708, -13.127752 ], [ -67.183417, -13.120898 ], [ -67.170395, -13.125578 ], [ -67.165906, -13.123787 ], [ -67.159084, -13.102943 ], [ -67.138889, -13.098251 ], [ -67.135022, -13.088808 ], [ -67.14407, -13.081984 ], [ -67.146488, -13.07476 ], [ -67.148115, -13.052942 ], [ -67.14051, -13.046783 ], [ -67.114848, -13.047941 ], [ -67.11145, -13.050916 ], [ -67.116737, -13.065749 ], [ -67.106364, -13.068466 ], [ -67.101891, -13.064916 ], [ -67.100856, -13.053114 ], [ -67.110855, -13.040359 ], [ -67.111263, -13.031155 ], [ -67.096006, -13.025456 ], [ -67.092027, -13.030909 ], [ -67.09802, -13.04161 ], [ -67.089601, -13.04558 ], [ -67.06543, -13.028743 ], [ -67.058872, -13.032935 ], [ -67.060565, -13.046604 ], [ -67.053087, -13.053272 ], [ -67.046689, -13.051257 ], [ -67.042941, -13.041504 ], [ -67.043391, -13.013128 ], [ -67.065294, -13.003788 ], [ -67.069423, -12.999706 ], [ -67.068037, -12.989652 ], [ -67.056109, -12.980763 ], [ -67.038409, -12.974126 ], [ -67.039442, -12.966864 ], [ -67.046423, -12.959551 ], [ -67.046571, -12.953048 ], [ -67.036594, -12.931929 ], [ -67.031195, -12.929019 ], [ -67.012079, -12.929448 ], [ -66.998705, -12.919016 ], [ -66.998646, -12.914137 ], [ -67.011161, -12.90989 ], [ -67.024019, -12.911518 ], [ -67.035574, -12.905292 ], [ -67.034797, -12.892373 ], [ -67.018873, -12.884027 ], [ -67.000985, -12.889822 ], [ -66.993523, -12.884121 ], [ -66.994082, -12.862891 ], [ -66.990178, -12.851192 ], [ -66.979085, -12.851683 ], [ -66.973394, -12.847156 ], [ -66.969395, -12.836843 ], [ -66.958182, -12.837294 ], [ -66.953579, -12.843009 ], [ -66.946448, -12.838792 ], [ -66.943941, -12.823421 ], [ -66.973855, -12.818596 ], [ -66.983093, -12.809712 ], [ -66.986891, -12.791806 ], [ -66.978415, -12.785285 ], [ -66.970315, -12.792755 ], [ -66.954036, -12.802194 ], [ -66.947797, -12.790309 ], [ -66.956421, -12.778301 ], [ -66.968921, -12.768952 ], [ -66.968677, -12.75379 ], [ -66.980597, -12.740609 ], [ -66.98044, -12.729609 ], [ -66.97083, -12.7281 ], [ -66.96164, -12.735084 ], [ -66.953292, -12.728085 ], [ -66.953839, -12.720628 ], [ -66.960756, -12.708487 ], [ -66.970712, -12.696965 ], [ -66.969317, -12.688705 ], [ -66.953737, -12.68782 ], [ -66.945197, -12.689787 ], [ -66.93939, -12.684959 ], [ -66.947053, -12.67091 ], [ -66.95146, -12.667955 ], [ -66.968772, -12.665219 ], [ -66.975291, -12.656899 ], [ -66.970826, -12.651843 ], [ -66.958922, -12.648285 ], [ -66.955085, -12.640843 ], [ -66.953427, -12.625885 ], [ -66.943686, -12.626049 ], [ -66.94059, -12.632601 ], [ -66.930001, -12.63228 ], [ -66.928961, -12.619288 ], [ -66.93952, -12.610503 ], [ -66.946767, -12.599368 ], [ -66.973089, -12.595838 ], [ -66.976911, -12.592711 ], [ -66.972987, -12.57159 ], [ -66.963981, -12.565209 ], [ -66.950655, -12.561885 ], [ -66.943693, -12.557348 ], [ -66.932935, -12.541238 ], [ -66.919034, -12.538548 ], [ -66.920478, -12.528421 ], [ -66.955465, -12.508453 ], [ -66.960672, -12.50386 ], [ -66.96731, -12.490341 ], [ -67.000256, -12.469943 ], [ -67.996262, -11.849681 ], [ -67.996957, -11.858779 ], [ -67.988133, -11.872845 ], [ -67.977569, -11.899486 ], [ -67.97457, -11.919332 ], [ -67.977586, -11.935866 ], [ -67.987084, -11.948269 ], [ -68.017771, -11.976724 ], [ -68.039297, -11.984833 ], [ -68.061361, -11.998156 ], [ -68.098348, -12.03481 ], [ -68.103576, -12.037252 ], [ -68.117138, -12.034264 ], [ -68.133348, -12.021884 ], [ -68.156446, -12.022106 ], [ -68.184198, -12.011123 ], [ -68.200556, -12.009806 ], [ -68.233353, -12.010807 ], [ -68.23856, -12.02113 ], [ -68.231727, -12.040969 ], [ -68.231068, -12.056339 ], [ -68.226367, -12.084218 ], [ -68.231083, -12.104848 ], [ -68.225319, -12.127055 ], [ -68.225287, -12.138272 ], [ -68.234165, -12.169342 ], [ -68.244283, -12.187409 ], [ -68.271202, -12.204763 ], [ -68.28288, -12.217224 ], [ -68.301499, -12.228126 ], [ -68.317528, -12.227712 ], [ -68.33897, -12.220033 ], [ -68.358228, -12.222504 ], [ -68.3687, -12.226015 ], [ -68.387415, -12.238328 ], [ -68.404103, -12.254216 ], [ -68.411683, -12.264101 ], [ -68.414382, -12.281154 ], [ -68.402909, -12.302709 ], [ -68.400178, -12.332261 ], [ -68.404621, -12.363592 ], [ -68.419347, -12.382031 ], [ -68.438486, -12.397476 ], [ -68.460899, -12.420341 ], [ -68.471993, -12.423234 ], [ -68.492162, -12.416765 ], [ -68.502216, -12.403289 ], [ -68.519562, -12.395186 ], [ -68.571175, -12.389705 ], [ -68.583679, -12.393575 ], [ -68.591057, -12.403613 ], [ -68.5866, -12.412347 ], [ -68.562223, -12.44064 ], [ -68.558113, -12.447785 ], [ -68.562596, -12.459144 ], [ -68.60323, -12.484437 ], [ -68.618333, -12.495374 ], [ -68.637541, -12.49844 ], [ -68.652214, -12.497742 ], [ -68.653449, -12.509826 ], [ -68.660968, -12.519724 ], [ -68.654136, -12.530314 ], [ -68.661403, -12.53608 ], [ -68.664281, -12.524599 ], [ -68.674795, -12.53024 ], [ -68.672734, -12.542353 ], [ -68.677603, -12.555183 ], [ -68.69214, -12.557999 ], [ -68.69195, -12.563813 ], [ -68.699854, -12.572151 ], [ -68.692194, -12.582785 ], [ -68.70976, -12.590123 ], [ -68.714189, -12.605178 ], [ -68.723989, -12.603375 ], [ -68.732576, -12.610568 ], [ -68.734965, -12.626051 ], [ -68.741718, -12.634072 ], [ -68.734247, -12.64345 ], [ -68.731375, -12.652671 ], [ -68.73734, -12.656714 ], [ -68.735716, -12.66578 ], [ -68.7291, -12.672401 ], [ -68.720851, -12.667428 ], [ -68.713154, -12.682384 ], [ -68.72174, -12.688286 ], [ -68.726547, -12.699291 ], [ -68.742385, -12.707149 ], [ -68.729157, -12.714086 ], [ -68.741794, -12.719165 ], [ -68.742275, -12.725506 ], [ -68.753137, -12.731365 ], [ -68.765667, -12.741901 ], [ -68.777516, -12.738071 ], [ -68.784423, -12.741314 ], [ -68.787666, -12.754696 ], [ -68.792999, -12.760515 ], [ -68.800572, -12.75546 ], [ -68.805139, -12.75949 ], [ -68.805642, -12.772547 ], [ -68.818014, -12.788423 ], [ -68.814991, -12.804686 ], [ -68.83409, -12.810151 ], [ -68.832077, -12.831664 ], [ -68.834348, -12.855428 ], [ -68.845125, -12.857947 ], [ -68.849155, -12.866618 ], [ -68.855156, -12.863822 ], [ -68.864628, -12.867375 ], [ -68.866576, -12.880557 ], [ -68.872699, -12.886666 ], [ -68.86494, -12.894701 ], [ -68.86752, -12.904019 ], [ -68.875586, -12.916801 ], [ -68.871279, -12.921958 ], [ -68.862205, -12.923425 ], [ -68.866114, -12.933115 ], [ -68.874801, -12.939316 ], [ -68.877445, -12.957184 ], [ -68.872167, -12.973736 ], [ -68.861955, -12.978683 ], [ -68.870367, -12.987222 ], [ -68.866044, -12.995258 ], [ -68.872853, -13.003888 ], [ -68.867665, -13.010884 ], [ -68.857019, -13.01284 ], [ -68.859451, -13.027974 ], [ -68.850662, -13.034274 ], [ -68.854836, -13.043152 ], [ -68.862338, -13.046386 ], [ -68.862607, -13.05741 ], [ -68.855007, -13.064267 ], [ -68.859669, -13.07357 ], [ -68.869701, -13.082434 ], [ -68.859876, -13.093936 ], [ -68.865188, -13.110189 ], [ -68.875291, -13.114357 ], [ -68.870747, -13.122416 ], [ -68.872718, -13.134604 ], [ -68.866272, -13.137436 ], [ -68.869636, -13.145333 ], [ -68.862664, -13.152819 ], [ -68.86555, -13.164858 ], [ -68.863237, -13.175551 ], [ -68.869608, -13.17887 ], [ -68.867367, -13.191085 ], [ -68.860847, -13.191549 ], [ -68.852227, -13.210677 ], [ -68.862423, -13.212692 ], [ -68.859265, -13.23396 ], [ -68.849959, -13.236072 ], [ -68.845594, -13.244898 ], [ -68.859912, -13.254761 ], [ -68.860198, -13.267601 ], [ -68.849932, -13.268963 ], [ -68.858902, -13.279752 ], [ -68.860729, -13.289503 ], [ -68.86967, -13.300016 ], [ -68.862338, -13.306382 ], [ -68.86175, -13.319224 ], [ -68.869477, -13.317942 ], [ -68.871977, -13.325462 ], [ -68.868309, -13.3318 ], [ -68.881039, -13.342477 ], [ -68.873382, -13.34922 ], [ -68.878723, -13.368027 ], [ -68.888739, -13.373037 ], [ -68.884504, -13.390366 ], [ -68.886744, -13.408014 ], [ -68.897691, -13.411536 ], [ -68.897247, -13.420771 ], [ -68.890813, -13.423247 ], [ -68.891616, -13.431071 ], [ -68.900233, -13.434003 ], [ -68.907339, -13.445619 ], [ -68.899306, -13.452585 ], [ -68.903445, -13.464013 ], [ -68.900803, -13.46839 ], [ -68.914001, -13.486092 ], [ -68.908178, -13.496952 ], [ -68.914483, -13.504217 ], [ -68.91712, -13.51618 ], [ -68.92465, -13.516566 ], [ -68.933915, -13.522215 ], [ -68.939344, -13.520925 ], [ -68.948269, -13.544668 ], [ -68.945987, -13.55471 ], [ -68.94849, -13.571948 ], [ -68.954359, -13.575454 ], [ -68.952951, -13.583289 ], [ -68.958514, -13.590049 ], [ -68.952214, -13.601782 ], [ -68.965323, -13.605517 ], [ -68.969726, -13.601355 ], [ -68.986779, -13.611606 ], [ -68.990778, -13.617599 ], [ -68.999804, -13.618891 ], [ -69.005712, -13.625171 ], [ -68.997353, -13.633346 ], [ -68.993478, -13.651171 ], [ -69.0159, -13.653515 ], [ -69.034248, -13.65313 ], [ -69.036545, -13.639583 ], [ -69.050981, -13.650219 ], [ -69.052988, -13.65486 ], [ -69.063509, -13.658475 ], [ -69.06219, -13.66594 ], [ -69.067028, -13.68787 ], [ -69.055651, -13.692861 ], [ -69.049562, -13.71018 ], [ -69.034881, -13.717264 ], [ -69.03372, -13.724328 ], [ -69.026123, -13.739047 ], [ -69.021094, -13.737253 ], [ -69.006831, -13.740382 ], [ -68.993554, -13.746482 ], [ -68.986517, -13.754915 ], [ -68.978592, -13.757449 ], [ -68.973989, -13.778789 ], [ -68.991898, -13.825802 ], [ -68.995049, -13.844793 ], [ -68.98004, -13.876187 ], [ -68.978031, -13.887096 ], [ -68.983369, -13.895872 ], [ -68.98474, -13.912638 ], [ -68.980624, -13.919767 ], [ -68.98371, -13.928494 ], [ -68.971923, -13.947597 ], [ -68.963716, -13.950867 ], [ -68.969962, -13.953523 ], [ -68.972508, -13.966945 ], [ -68.979464, -13.974804 ], [ -68.969357, -13.983236 ], [ -68.96448, -13.994827 ], [ -68.954679, -14.004634 ], [ -68.94598, -14.006187 ], [ -68.946138, -14.014345 ], [ -68.93664, -14.026484 ], [ -68.903449, -14.039677 ], [ -68.882537, -14.059368 ], [ -68.884331, -14.084441 ], [ -68.875414, -14.087576 ], [ -68.874554, -14.103521 ], [ -68.868922, -14.114559 ], [ -68.844894, -14.140998 ], [ -68.838949, -14.140605 ], [ -68.836526, -14.152039 ], [ -68.84667, -14.152883 ], [ -68.855801, -14.165191 ], [ -68.847572, -14.196717 ], [ -68.832093, -14.205133 ], [ -68.827451, -14.22239 ], [ -68.832812, -14.234616 ], [ -68.84668, -14.237351 ], [ -68.859644, -14.235747 ], [ -68.88943, -14.235781 ], [ -68.915307, -14.237768 ], [ -68.931657, -14.235612 ], [ -68.95023, -14.237685 ], [ -68.985245, -14.237435 ], [ -68.986684, -14.270852 ], [ -68.984127, -14.310371 ], [ -68.984623, -14.335032 ], [ -68.991283, -14.347534 ], [ -68.992966, -14.366361 ], [ -69.001937, -14.384719 ], [ -69.015006, -14.390117 ], [ -69.02228, -14.405221 ], [ -69.035458, -14.418736 ], [ -69.041502, -14.42916 ], [ -69.048559, -14.448083 ], [ -69.061741, -14.461597 ], [ -69.095068, -14.483213 ], [ -69.113479, -14.488105 ], [ -69.115222, -14.497991 ], [ -69.122206, -14.509477 ], [ -69.135815, -14.505165 ], [ -69.14933, -14.512684 ], [ -69.140859, -14.526652 ], [ -69.147922, -14.541089 ], [ -69.147576, -14.564842 ], [ -69.149246, -14.576315 ], [ -69.165335, -14.583531 ], [ -69.17779, -14.583939 ], [ -69.189237, -14.578853 ], [ -69.19847, -14.586461 ], [ -69.221481, -14.581268 ], [ -69.226748, -14.585588 ], [ -69.223962, -14.594995 ], [ -69.230558, -14.59911 ], [ -69.234255, -14.617616 ], [ -69.22645, -14.627604 ], [ -69.230628, -14.634074 ], [ -69.2404, -14.659646 ], [ -69.251014, -14.670529 ], [ -69.258033, -14.685471 ], [ -69.253458, -14.701942 ], [ -69.242936, -14.716464 ], [ -69.236877, -14.716909 ], [ -69.234528, -14.72587 ], [ -69.226151, -14.73658 ], [ -69.230511, -14.748736 ], [ -69.242298, -14.759465 ], [ -69.272031, -14.76819 ], [ -69.279068, -14.76621 ], [ -69.30127, -14.767251 ], [ -69.316274, -14.774786 ], [ -69.339179, -14.794329 ], [ -69.352313, -14.801012 ], [ -69.357466, -14.812756 ], [ -69.354972, -14.831575 ], [ -69.354049, -14.857916 ], [ -69.343497, -14.882754 ], [ -69.352392, -14.924197 ], [ -69.364394, -14.929779 ], [ -69.360395, -14.958934 ], [ -69.35261, -14.97485 ], [ -69.330189, -14.996661 ], [ -69.324896, -15.004723 ], [ -69.323286, -15.017061 ], [ -69.315421, -15.041362 ], [ -69.305384, -15.041599 ], [ -69.30437, -15.054173 ], [ -69.29923, -15.065507 ], [ -69.290461, -15.077219 ], [ -69.2855, -15.096911 ], [ -69.264487, -15.111124 ], [ -69.251803, -15.111668 ], [ -69.233786, -15.123277 ], [ -69.2292, -15.132806 ], [ -69.218072, -15.136136 ], [ -69.211963, -15.144065 ], [ -69.197018, -15.155824 ], [ -69.191316, -15.164905 ], [ -69.176323, -15.179059 ], [ -69.166296, -15.19363 ], [ -69.15071, -15.204061 ], [ -69.148593, -15.214162 ], [ -69.133279, -15.222435 ], [ -69.13311, -15.245542 ], [ -69.127057, -15.246897 ], [ -69.119932, -15.259375 ], [ -69.136306, -15.255041 ], [ -69.156981, -15.26829 ], [ -69.163797, -15.251429 ], [ -69.176015, -15.261549 ], [ -69.180742, -15.277198 ], [ -69.192143, -15.295713 ], [ -69.19595, -15.314112 ], [ -69.206519, -15.324146 ], [ -69.215406, -15.31768 ], [ -69.230739, -15.335894 ], [ -69.240545, -15.352832 ], [ -69.247475, -15.370992 ], [ -69.247627, -15.399731 ], [ -69.250214, -15.426978 ], [ -69.233278, -15.441375 ], [ -69.240583, -15.460619 ], [ -69.253369, -15.469556 ], [ -69.290451, -15.437036 ], [ -69.302536, -15.459872 ], [ -69.315934, -15.469531 ], [ -69.304892, -15.480222 ], [ -69.313593, -15.493492 ], [ -69.308526, -15.503028 ], [ -69.314322, -15.518278 ], [ -69.326927, -15.533458 ], [ -69.325569, -15.543462 ], [ -69.308813, -15.551612 ], [ -69.300043, -15.550592 ], [ -69.283617, -15.560368 ], [ -69.278484, -15.570192 ], [ -69.283742, -15.575052 ], [ -69.294743, -15.577043 ], [ -69.287382, -15.592388 ], [ -69.288577, -15.600861 ], [ -69.29904, -15.600307 ], [ -69.297933, -15.613361 ], [ -69.289314, -15.628042 ], [ -69.283801, -15.632451 ], [ -69.275735, -15.626784 ], [ -69.258396, -15.641426 ], [ -69.264395, -15.653837 ], [ -69.262233, -15.668666 ], [ -69.256785, -15.675247 ], [ -69.242793, -15.680335 ], [ -69.232898, -15.677003 ], [ -69.211286, -15.67726 ], [ -69.198941, -15.667306 ], [ -69.184127, -15.659686 ], [ -69.176014, -15.665061 ], [ -69.174744, -15.673078 ], [ -69.163327, -15.672183 ], [ -69.153808, -15.681126 ], [ -69.157002, -15.686459 ], [ -69.147727, -15.691244 ], [ -69.16615, -15.697209 ], [ -69.173986, -15.694403 ], [ -69.18632, -15.698378 ], [ -69.185892, -15.705384 ], [ -69.175196, -15.713985 ], [ -69.155047, -15.719229 ], [ -69.142045, -15.720742 ], [ -69.129423, -15.722192 ], [ -69.111241, -15.728396 ], [ -69.105587, -15.725227 ], [ -69.1046, -15.716706 ], [ -69.087488, -15.735687 ], [ -69.085856, -15.745345 ], [ -69.074177, -15.753773 ], [ -69.06635, -15.767934 ], [ -69.064785, -15.776384 ], [ -69.053958, -15.795555 ], [ -69.032678, -15.807294 ], [ -69.024392, -15.821589 ], [ -69.015464, -15.844678 ], [ -69.011621, -15.861018 ], [ -69.002761, -15.86634 ], [ -68.989877, -15.867334 ], [ -68.985503, -15.884697 ], [ -68.961995, -15.896398 ], [ -68.939198, -15.898991 ], [ -68.915567, -15.918707 ], [ -68.907948, -15.921563 ], [ -68.901751, -15.933616 ], [ -68.887695, -15.942777 ], [ -68.871664, -15.934075 ], [ -68.845443, -15.92545 ], [ -68.828402, -15.93543 ], [ -68.812826, -15.93925 ], [ -68.804523, -15.949441 ], [ -68.79962, -15.948054 ], [ -68.781945, -15.954816 ], [ -68.771916, -15.947692 ], [ -68.750849, -15.932684 ], [ -68.746629, -15.943385 ], [ -68.723856, -15.947867 ], [ -68.721072, -15.957386 ], [ -68.72874, -15.961305 ], [ -68.72956, -15.972834 ], [ -68.736311, -15.976215 ], [ -68.748069, -15.975539 ], [ -68.752675, -15.979227 ], [ -68.744791, -16.00373 ], [ -68.746904, -16.014716 ], [ -68.757315, -16.020372 ], [ -68.765534, -16.029211 ], [ -68.786832, -16.021136 ], [ -68.795043, -16.013676 ], [ -68.809808, -16.014524 ], [ -68.818994, -16.011071 ], [ -68.823601, -16.022999 ], [ -68.83495, -16.032337 ], [ -68.835163, -16.049863 ], [ -68.843044, -16.062576 ], [ -68.851067, -16.063613 ], [ -68.86429, -16.075108 ], [ -68.881204, -16.063388 ], [ -68.890871, -16.069217 ], [ -68.893407, -16.075959 ], [ -68.904884, -16.07347 ], [ -68.903036, -16.085292 ], [ -68.897089, -16.085189 ], [ -68.888331, -16.096477 ], [ -68.89246, -16.104748 ], [ -68.890341, -16.112243 ], [ -68.882586, -16.116454 ], [ -68.879794, -16.125049 ], [ -68.872426, -16.133694 ], [ -68.864409, -16.143289 ], [ -68.868497, -16.157814 ], [ -68.856297, -16.157858 ], [ -68.847135, -16.16198 ], [ -68.844319, -16.169814 ], [ -68.849976, -16.17625 ], [ -68.842, -16.19238 ], [ -68.852613, -16.204046 ], [ -68.849257, -16.215808 ], [ -68.834867, -16.223263 ], [ -68.826017, -16.222536 ], [ -68.82763, -16.213184 ], [ -68.816102, -16.207918 ] ] ] ] } },
{ "type": "Feature", "properties": { "idep": "03", "nombre_dep": "Cochabamba" }, "geometry": { "type": "Polygon", "coordinates": [ [ [ -64.827234, -18.490128 ], [ -64.815914, -18.489256 ], [ -64.80601, -18.488659 ], [ -64.798815, -18.493976 ], [ -64.797177, -18.502373 ], [ -64.77949, -18.526995 ], [ -64.765811, -18.528351 ], [ -64.74847, -18.535176 ], [ -64.733079, -18.537654 ], [ -64.710332, -18.53561 ], [ -64.685504, -18.538927 ], [ -64.670645, -18.566486 ], [ -64.652475, -18.572377 ], [ -64.643622, -18.5869 ], [ -64.647482, -18.601851 ], [ -64.635874, -18.604943 ], [ -64.633727, -18.617395 ], [ -64.622999, -18.624584 ], [ -64.621608, -18.632845 ], [ -64.606735, -18.643838 ], [ -64.593004, -18.644956 ], [ -64.584465, -18.653324 ], [ -64.574089, -18.65364 ], [ -64.563625, -18.662337 ], [ -64.557944, -18.674501 ], [ -64.544564, -18.673788 ], [ -64.518105, -18.675725 ], [ -64.513141, -18.668033 ], [ -64.503334, -18.670352 ], [ -64.490789, -18.671567 ], [ -64.469724, -18.668461 ], [ -64.458348, -18.65538 ], [ -64.443086, -18.65189 ], [ -64.433891, -18.633027 ], [ -64.428899, -18.629269 ], [ -64.416911, -18.628842 ], [ -64.397895, -18.621615 ], [ -64.384885, -18.624516 ], [ -64.360688, -18.621142 ], [ -64.35777, -18.64016 ], [ -64.34559, -18.662774 ], [ -64.340666, -18.667612 ], [ -64.3292, -18.665467 ], [ -64.319384, -18.654801 ], [ -64.314385, -18.638521 ], [ -64.31305, -18.624625 ], [ -64.304984, -18.622601 ], [ -64.303561, -18.615793 ], [ -64.291375, -18.615925 ], [ -64.288754, -18.610879 ], [ -64.280852, -18.599942 ], [ -64.285798, -18.58952 ], [ -64.288844, -18.569434 ], [ -64.296293, -18.559939 ], [ -64.290677, -18.551431 ], [ -64.284793, -18.553981 ], [ -64.290586, -18.543198 ], [ -64.29168, -18.533723 ], [ -64.300761, -18.531473 ], [ -64.298261, -18.519053 ], [ -64.304489, -18.517396 ], [ -64.306014, -18.505343 ], [ -64.30282, -18.500488 ], [ -64.317726, -18.494819 ], [ -64.325124, -18.497378 ], [ -64.328142, -18.489001 ], [ -64.33462, -18.485835 ], [ -64.335454, -18.476046 ], [ -64.349875, -18.474653 ], [ -64.364964, -18.463628 ], [ -64.38161, -18.456887 ], [ -64.391045, -18.45017 ], [ -64.401818, -18.451023 ], [ -64.410543, -18.44271 ], [ -64.421374, -18.423307 ], [ -64.427568, -18.418118 ], [ -64.427351, -18.409943 ], [ -64.432943, -18.403833 ], [ -64.429316, -18.392205 ], [ -64.431719, -18.37298 ], [ -64.444326, -18.357844 ], [ -64.4337, -18.336267 ], [ -64.439249, -18.329148 ], [ -64.450609, -18.327164 ], [ -64.464955, -18.321406 ], [ -64.470903, -18.313226 ], [ -64.472921, -18.295477 ], [ -64.485713, -18.292838 ], [ -64.480498, -18.279239 ], [ -64.488423, -18.256233 ], [ -64.490365, -18.240377 ], [ -64.494183, -18.234505 ], [ -64.502112, -18.222618 ], [ -64.497315, -18.21255 ], [ -64.512239, -18.196521 ], [ -64.508415, -18.191787 ], [ -64.522619, -18.181275 ], [ -64.522991, -18.169408 ], [ -64.527797, -18.156932 ], [ -64.537418, -18.153018 ], [ -64.537926, -18.146775 ], [ -64.5456, -18.135575 ], [ -64.558426, -18.129963 ], [ -64.559521, -18.125629 ], [ -64.573221, -18.120935 ], [ -64.579705, -18.114649 ], [ -64.602859, -18.10971 ], [ -64.610397, -18.103651 ], [ -64.611229, -18.096221 ], [ -64.633252, -18.095426 ], [ -64.645752, -18.102887 ], [ -64.654579, -18.10048 ], [ -64.666073, -18.104505 ], [ -64.691873, -18.098758 ], [ -64.699821, -18.089746 ], [ -64.706377, -18.084977 ], [ -64.715818, -18.071642 ], [ -64.718875, -18.061804 ], [ -64.715359, -18.049855 ], [ -64.725357, -18.040567 ], [ -64.73652, -18.03948 ], [ -64.747487, -18.026488 ], [ -64.763681, -18.000732 ], [ -64.766323, -17.984904 ], [ -64.774384, -17.977191 ], [ -64.778543, -17.981176 ], [ -64.796411, -17.967662 ], [ -64.798915, -17.959263 ], [ -64.81061, -17.944697 ], [ -64.786593, -17.933309 ], [ -64.795404, -17.915981 ], [ -64.802404, -17.897502 ], [ -64.806381, -17.89307 ], [ -64.791543, -17.844502 ], [ -64.777161, -17.828903 ], [ -64.773691, -17.819494 ], [ -64.777389, -17.811721 ], [ -64.762709, -17.773168 ], [ -64.756535, -17.750914 ], [ -64.746031, -17.735914 ], [ -64.740026, -17.737389 ], [ -64.713251, -17.731576 ], [ -64.698968, -17.715406 ], [ -64.686921, -17.718457 ], [ -64.67072, -17.713999 ], [ -64.66024, -17.716335 ], [ -64.639131, -17.70567 ], [ -64.64153, -17.687331 ], [ -64.635703, -17.669932 ], [ -64.627655, -17.659149 ], [ -64.616517, -17.663952 ], [ -64.614526, -17.65239 ], [ -64.597419, -17.634683 ], [ -64.588433, -17.600612 ], [ -64.598566, -17.590228 ], [ -64.602494, -17.557409 ], [ -64.584582, -17.556444 ], [ -64.562093, -17.563703 ], [ -64.550217, -17.565834 ], [ -64.543738, -17.553522 ], [ -64.53136, -17.547472 ], [ -64.525794, -17.540341 ], [ -64.514854, -17.538088 ], [ -64.512812, -17.544782 ], [ -64.490664, -17.559429 ], [ -64.48321, -17.557318 ], [ -64.464934, -17.56268 ], [ -64.432281, -17.560013 ], [ -64.429793, -17.539663 ], [ -64.423824, -17.536553 ], [ -64.427565, -17.523475 ], [ -64.414845, -17.520756 ], [ -64.4089, -17.515891 ], [ -64.410889, -17.50453 ], [ -64.405882, -17.495179 ], [ -64.40039, -17.492977 ], [ -64.406282, -17.470707 ], [ -64.400057, -17.465495 ], [ -64.406354, -17.454717 ], [ -64.396122, -17.451498 ], [ -64.383915, -17.457118 ], [ -64.37225, -17.452851 ], [ -64.370478, -17.445535 ], [ -64.358038, -17.445156 ], [ -64.348297, -17.423384 ], [ -64.340199, -17.427965 ], [ -64.334322, -17.423385 ], [ -64.323796, -17.422064 ], [ -64.306162, -17.437383 ], [ -64.295558, -17.43675 ], [ -64.281866, -17.425245 ], [ -64.262794, -17.422813 ], [ -64.253905, -17.425459 ], [ -64.249817, -17.409954 ], [ -64.253809, -17.403129 ], [ -64.241828, -17.397711 ], [ -64.234106, -17.37366 ], [ -64.239052, -17.35977 ], [ -64.236607, -17.349874 ], [ -64.245131, -17.331118 ], [ -64.241161, -17.321383 ], [ -64.245852, -17.316155 ], [ -64.245921, -17.303987 ], [ -64.25705, -17.296238 ], [ -64.271707, -17.293925 ], [ -64.284418, -17.281004 ], [ -64.28382, -17.264735 ], [ -64.295532, -17.26335 ], [ -64.305572, -17.257403 ], [ -64.311281, -17.264864 ], [ -64.301622, -17.272193 ], [ -64.31011, -17.275769 ], [ -64.317186, -17.264109 ], [ -64.34019, -17.263786 ], [ -64.338841, -17.246399 ], [ -64.323301, -17.243725 ], [ -64.325289, -17.235757 ], [ -64.336145, -17.231831 ], [ -64.332895, -17.214239 ], [ -64.336207, -17.20802 ], [ -64.351518, -17.212633 ], [ -64.356417, -17.231064 ], [ -64.371189, -17.229903 ], [ -64.366137, -17.21555 ], [ -64.375046, -17.201616 ], [ -64.369349, -17.197192 ], [ -64.360298, -17.198915 ], [ -64.35644, -17.192458 ], [ -64.362267, -17.183877 ], [ -64.377575, -17.187549 ], [ -64.385148, -17.174365 ], [ -64.398395, -17.176481 ], [ -64.39732, -17.167774 ], [ -64.388227, -17.166269 ], [ -64.38769, -17.155857 ], [ -64.396839, -17.155112 ], [ -64.406572, -17.162871 ], [ -64.410341, -17.15895 ], [ -64.404599, -17.150327 ], [ -64.391629, -17.149077 ], [ -64.398533, -17.13874 ], [ -64.406776, -17.148946 ], [ -64.41379, -17.150251 ], [ -64.417747, -17.142707 ], [ -64.424976, -17.143349 ], [ -64.42456, -17.152213 ], [ -64.434567, -17.156924 ], [ -64.435293, -17.147571 ], [ -64.430279, -17.137534 ], [ -64.435424, -17.130017 ], [ -64.442586, -17.132564 ], [ -64.447858, -17.140221 ], [ -64.457377, -17.140531 ], [ -64.461618, -17.13347 ], [ -64.479566, -17.138167 ], [ -64.488396, -17.134166 ], [ -64.488177, -17.126814 ], [ -64.478247, -17.122966 ], [ -64.480747, -17.113957 ], [ -64.497863, -17.102888 ], [ -64.499304, -17.092519 ], [ -64.506409, -17.090005 ], [ -64.516927, -17.098254 ], [ -64.53629, -17.089331 ], [ -64.547794, -17.089584 ], [ -64.54705, -17.079166 ], [ -64.534419, -17.072113 ], [ -64.529819, -17.065332 ], [ -64.519022, -17.064616 ], [ -64.521701, -17.056278 ], [ -64.531195, -17.057537 ], [ -64.544158, -17.054769 ], [ -64.549926, -17.058331 ], [ -64.555417, -17.069426 ], [ -64.565792, -17.05866 ], [ -64.579476, -17.058959 ], [ -64.579059, -17.05141 ], [ -64.565486, -17.042239 ], [ -64.564746, -17.035734 ], [ -64.574828, -17.033091 ], [ -64.584687, -17.044089 ], [ -64.58783, -17.053892 ], [ -64.598754, -17.046667 ], [ -64.608833, -17.044118 ], [ -64.60855, -17.035045 ], [ -64.594212, -17.04151 ], [ -64.587192, -17.036299 ], [ -64.603965, -17.025784 ], [ -64.612877, -17.034948 ], [ -64.620573, -17.028243 ], [ -64.616276, -17.021088 ], [ -64.623149, -17.015605 ], [ -64.628933, -17.022792 ], [ -64.625655, -17.035796 ], [ -64.634307, -17.039132 ], [ -64.641628, -17.031445 ], [ -64.638495, -17.016871 ], [ -64.630226, -17.014116 ], [ -64.628952, -17.004927 ], [ -64.651148, -17.008457 ], [ -64.659229, -17.00214 ], [ -64.665722, -17.004474 ], [ -64.664147, -17.015805 ], [ -64.672832, -17.012888 ], [ -64.684704, -17.019364 ], [ -64.689954, -17.017491 ], [ -64.69139, -17.00036 ], [ -64.685383, -16.995437 ], [ -64.675286, -17.000111 ], [ -64.671856, -16.994306 ], [ -64.682014, -16.985519 ], [ -64.690644, -16.983631 ], [ -64.698066, -16.99122 ], [ -64.695449, -16.998605 ], [ -64.707403, -17.001566 ], [ -64.709875, -16.989208 ], [ -64.692698, -16.97998 ], [ -64.685642, -16.968887 ], [ -64.680449, -16.977154 ], [ -64.674528, -16.9707 ], [ -64.703879, -16.952478 ], [ -64.707419, -16.959429 ], [ -64.704012, -16.9673 ], [ -64.709422, -16.972132 ], [ -64.71723, -16.96738 ], [ -64.717155, -16.959156 ], [ -64.709349, -16.953101 ], [ -64.713253, -16.941937 ], [ -64.729364, -16.954425 ], [ -64.735601, -16.951981 ], [ -64.739376, -16.941047 ], [ -64.73406, -16.935545 ], [ -64.739442, -16.926606 ], [ -64.721706, -16.920922 ], [ -64.73555, -16.913843 ], [ -64.739766, -16.918589 ], [ -64.749987, -16.917354 ], [ -64.744305, -16.904492 ], [ -64.729375, -16.901272 ], [ -64.732235, -16.888146 ], [ -64.738072, -16.885514 ], [ -64.743813, -16.894168 ], [ -64.751496, -16.897928 ], [ -64.758919, -16.894995 ], [ -64.758341, -16.886202 ], [ -64.738497, -16.877726 ], [ -64.737018, -16.86808 ], [ -64.744747, -16.866102 ], [ -64.754757, -16.874527 ], [ -64.765113, -16.877403 ], [ -64.769127, -16.867901 ], [ -64.745738, -16.862555 ], [ -64.742563, -16.8521 ], [ -64.761917, -16.853315 ], [ -64.771221, -16.860694 ], [ -64.790906, -16.84176 ], [ -64.792627, -16.824207 ], [ -64.790191, -16.81849 ], [ -64.780506, -16.81274 ], [ -64.778944, -16.805008 ], [ -64.78859, -16.79603 ], [ -64.801704, -16.796968 ], [ -64.804512, -16.785238 ], [ -64.815442, -16.775866 ], [ -64.808321, -16.768182 ], [ -64.803606, -16.773388 ], [ -64.794605, -16.766294 ], [ -64.80469, -16.761998 ], [ -64.818485, -16.766993 ], [ -64.830604, -16.775732 ], [ -64.835526, -16.771385 ], [ -64.829667, -16.760798 ], [ -64.830735, -16.754035 ], [ -64.842147, -16.743728 ], [ -64.841932, -16.736916 ], [ -64.834315, -16.726513 ], [ -64.827821, -16.724562 ], [ -64.801441, -16.73713 ], [ -64.795076, -16.748877 ], [ -64.783571, -16.74453 ], [ -64.780862, -16.725331 ], [ -64.790075, -16.71564 ], [ -64.800488, -16.714904 ], [ -64.809274, -16.707368 ], [ -64.807075, -16.695123 ], [ -64.792818, -16.690513 ], [ -64.784223, -16.678509 ], [ -64.783393, -16.661231 ], [ -64.777526, -16.654395 ], [ -64.767592, -16.658353 ], [ -64.76698, -16.664599 ], [ -64.773401, -16.683192 ], [ -64.763452, -16.685644 ], [ -64.757958, -16.678877 ], [ -64.755306, -16.657423 ], [ -64.769527, -16.63943 ], [ -64.784633, -16.637149 ], [ -64.79053, -16.631241 ], [ -64.781129, -16.613167 ], [ -64.764998, -16.604876 ], [ -64.750451, -16.593416 ], [ -64.747187, -16.582075 ], [ -64.750172, -16.555786 ], [ -64.760894, -16.549001 ], [ -64.752025, -16.541365 ], [ -64.742642, -16.538455 ], [ -64.740159, -16.531124 ], [ -64.751168, -16.514989 ], [ -64.748449, -16.508915 ], [ -64.739618, -16.505283 ], [ -64.719891, -16.50951 ], [ -64.719084, -16.516319 ], [ -64.726421, -16.526181 ], [ -64.723331, -16.534097 ], [ -64.708028, -16.534402 ], [ -64.701681, -16.518661 ], [ -64.701691, -16.512804 ], [ -64.711453, -16.502562 ], [ -64.710205, -16.494503 ], [ -64.690455, -16.488914 ], [ -64.6918, -16.479757 ], [ -64.704804, -16.486167 ], [ -64.712284, -16.477319 ], [ -64.702605, -16.468456 ], [ -64.692032, -16.470813 ], [ -64.679158, -16.479345 ], [ -64.673208, -16.471801 ], [ -64.677888, -16.461244 ], [ -64.685554, -16.452335 ], [ -64.685326, -16.440323 ], [ -64.678353, -16.436099 ], [ -64.678966, -16.428144 ], [ -64.695165, -16.424965 ], [ -64.697871, -16.415618 ], [ -64.683214, -16.410835 ], [ -64.668729, -16.395354 ], [ -64.656456, -16.378121 ], [ -64.666685, -16.371613 ], [ -64.68553, -16.378808 ], [ -64.696136, -16.373501 ], [ -64.686161, -16.360934 ], [ -64.692005, -16.356296 ], [ -64.700865, -16.356799 ], [ -64.708837, -16.350881 ], [ -64.701514, -16.342563 ], [ -64.681524, -16.351158 ], [ -64.673501, -16.365109 ], [ -64.666321, -16.359542 ], [ -64.666821, -16.341439 ], [ -64.663372, -16.334179 ], [ -64.648113, -16.328824 ], [ -64.644577, -16.318178 ], [ -64.656031, -16.31631 ], [ -64.674941, -16.324883 ], [ -64.678418, -16.314526 ], [ -64.673981, -16.30989 ], [ -64.649535, -16.299983 ], [ -64.649972, -16.291108 ], [ -64.655296, -16.288254 ], [ -64.677797, -16.286298 ], [ -64.68762, -16.295516 ], [ -64.693179, -16.285533 ], [ -64.674682, -16.262279 ], [ -64.665558, -16.258162 ], [ -64.667334, -16.240485 ], [ -64.677135, -16.233406 ], [ -64.672062, -16.223611 ], [ -64.670431, -16.20619 ], [ -64.706577, -16.189812 ], [ -64.708129, -16.183832 ], [ -64.693612, -16.180562 ], [ -64.687662, -16.186176 ], [ -64.681308, -16.179168 ], [ -64.681883, -16.169947 ], [ -64.672561, -16.148846 ], [ -64.67371, -16.137256 ], [ -64.683492, -16.128571 ], [ -64.68272, -16.121519 ], [ -64.671744, -16.11519 ], [ -64.663597, -16.099186 ], [ -64.669672, -16.094605 ], [ -64.680528, -16.100889 ], [ -64.686418, -16.116509 ], [ -64.697792, -16.110898 ], [ -64.698261, -16.103263 ], [ -64.68872, -16.098059 ], [ -64.694751, -16.088382 ], [ -64.710355, -16.087569 ], [ -64.715057, -16.082252 ], [ -64.727007, -16.077737 ], [ -64.71892, -16.069023 ], [ -64.707978, -16.066413 ], [ -64.702547, -16.069842 ], [ -64.701466, -16.082361 ], [ -64.689861, -16.078562 ], [ -64.695209, -16.065378 ], [ -64.692827, -16.057398 ], [ -64.700999, -16.055267 ], [ -64.706886, -16.063598 ], [ -64.714532, -16.055618 ], [ -64.702012, -16.034853 ], [ -64.702494, -16.028709 ], [ -64.725974, -16.019799 ], [ -64.719511, -16.034117 ], [ -64.73164, -16.036946 ], [ -64.732066, -16.024478 ], [ -64.726739, -16.012184 ], [ -64.718757, -16.008518 ], [ -64.705679, -16.012524 ], [ -64.700945, -16.006995 ], [ -64.708678, -16.000943 ], [ -64.727469, -16.005957 ], [ -64.734086, -16.00269 ], [ -64.731631, -15.993184 ], [ -64.713609, -15.980807 ], [ -64.709521, -15.967527 ], [ -64.716594, -15.962191 ], [ -64.72273, -15.965298 ], [ -64.726484, -15.981049 ], [ -64.737411, -15.982395 ], [ -64.726147, -15.955607 ], [ -64.733088, -15.948837 ], [ -64.751323, -15.952736 ], [ -64.755403, -15.942135 ], [ -64.750767, -15.925862 ], [ -64.745585, -15.922091 ], [ -64.730418, -15.920201 ], [ -64.730441, -15.911289 ], [ -64.746557, -15.897074 ], [ -64.737032, -15.894755 ], [ -64.73155, -15.902082 ], [ -64.722989, -15.896784 ], [ -64.728411, -15.882329 ], [ -64.736365, -15.874696 ], [ -64.749004, -15.870895 ], [ -64.75132, -15.863882 ], [ -64.744981, -15.852051 ], [ -64.743178, -15.83798 ], [ -64.733175, -15.825719 ], [ -64.729016, -15.81387 ], [ -64.729661, -15.802011 ], [ -64.808446, -15.800967 ], [ -64.836689, -15.801413 ], [ -64.958349, -15.801046 ], [ -65.002655, -15.821469 ], [ -65.021575, -15.837066 ], [ -65.041207, -15.858003 ], [ -65.071725, -15.90566 ], [ -65.080749, -15.930958 ], [ -65.088948, -16.00581 ], [ -65.116237, -16.188014 ], [ -65.139785, -16.236622 ], [ -65.23995, -16.368762 ], [ -65.353418, -16.400641 ], [ -65.594502, -16.460111 ], [ -65.83535, -16.490444 ], [ -65.86172, -16.491651 ], [ -65.914092, -16.481436 ], [ -65.971225, -16.466976 ], [ -66.008913, -16.449163 ], [ -66.056298, -16.417139 ], [ -66.109805, -16.39663 ], [ -66.169748, -16.362842 ], [ -66.231096, -16.285663 ], [ -66.31043, -16.158979 ], [ -66.339278, -16.117195 ], [ -66.343768, -16.116049 ], [ -66.344306, -16.114966 ], [ -66.346536, -16.115349 ], [ -66.349735, -16.114582 ], [ -66.351504, -16.113241 ], [ -66.352672, -16.112924 ], [ -66.355234, -16.111033 ], [ -66.35559, -16.110132 ], [ -66.357095, -16.107839 ], [ -66.359996, -16.107674 ], [ -66.361521, -16.106575 ], [ -66.363005, -16.106671 ], [ -66.365327, -16.104783 ], [ -66.366433, -16.104467 ], [ -66.367955, -16.10313 ], [ -66.368563, -16.102583 ], [ -66.370883, -16.097292 ], [ -66.375094, -16.094299 ], [ -66.380892, -16.090207 ], [ -66.383169, -16.086111 ], [ -66.401588, -16.074536 ], [ -66.432325, -16.044997 ], [ -66.476901, -16.004386 ], [ -66.506343, -15.985184 ], [ -66.569683, -15.960625 ], [ -66.615559, -15.951684 ], [ -66.635217, -15.933546 ], [ -66.634677, -15.926967 ], [ -66.63882, -15.915957 ], [ -66.646836, -15.916941 ], [ -66.652133, -15.912816 ], [ -66.658703, -15.905418 ], [ -66.668884, -15.906126 ], [ -66.676238, -15.910986 ], [ -66.681703, -15.902917 ], [ -66.707123, -15.893926 ], [ -66.729524, -15.878625 ], [ -66.747634, -15.860289 ], [ -66.766308, -15.846439 ], [ -66.790831, -15.833842 ], [ -66.807466, -15.82804 ], [ -66.808346, -15.822354 ], [ -66.808238, -15.819909 ], [ -66.80786, -15.816156 ], [ -66.8069, -15.814263 ], [ -66.806823, -15.813488 ], [ -66.80654, -15.811523 ], [ -66.805942, -15.809206 ], [ -66.805149, -15.806355 ], [ -66.802772, -15.804534 ], [ -66.802306, -15.802692 ], [ -66.79528, -15.789565 ], [ -66.794384, -15.78779 ], [ -66.794782, -15.785992 ], [ -66.795423, -15.785103 ], [ -66.804055, -15.783877 ], [ -66.826174, -15.788643 ], [ -66.836804, -15.796662 ], [ -66.855832, -15.784239 ], [ -66.873731, -15.796395 ], [ -66.895443, -15.82056 ], [ -66.900348, -15.83515 ], [ -66.908156, -15.847213 ], [ -66.901067, -15.849426 ], [ -66.901401, -15.867985 ], [ -66.889278, -15.872313 ], [ -66.882066, -15.880661 ], [ -66.883051, -15.889944 ], [ -66.890328, -15.896586 ], [ -66.874677, -15.91901 ], [ -66.878278, -15.925754 ], [ -66.868805, -15.935432 ], [ -66.877783, -15.94275 ], [ -66.883338, -15.941365 ], [ -66.888784, -15.950425 ], [ -66.898267, -15.955051 ], [ -66.913769, -15.980782 ], [ -66.909776, -15.990178 ], [ -66.920498, -15.997634 ], [ -66.91343, -16.016261 ], [ -66.909492, -16.053188 ], [ -66.916332, -16.068324 ], [ -66.920484, -16.091438 ], [ -66.913334, -16.096486 ], [ -66.910098, -16.104723 ], [ -66.901394, -16.105098 ], [ -66.884566, -16.126575 ], [ -66.875373, -16.145369 ], [ -66.868021, -16.15155 ], [ -66.87088, -16.158847 ], [ -66.862919, -16.164623 ], [ -66.850764, -16.182282 ], [ -66.843825, -16.196371 ], [ -66.845743, -16.209197 ], [ -66.851596, -16.216695 ], [ -66.846637, -16.228876 ], [ -66.853294, -16.245133 ], [ -66.847465, -16.254612 ], [ -66.834102, -16.260649 ], [ -66.827682, -16.268635 ], [ -66.819521, -16.269472 ], [ -66.816304, -16.281171 ], [ -66.809018, -16.283078 ], [ -66.801039, -16.294318 ], [ -66.804024, -16.303474 ], [ -66.798684, -16.320864 ], [ -66.799073, -16.328613 ], [ -66.794938, -16.344328 ], [ -66.798817, -16.351462 ], [ -66.794648, -16.39831 ], [ -66.782999, -16.419812 ], [ -66.788198, -16.44337 ], [ -66.782532, -16.467886 ], [ -66.788709, -16.475122 ], [ -66.788761, -16.484517 ], [ -66.779918, -16.495694 ], [ -66.769072, -16.504924 ], [ -66.770231, -16.514044 ], [ -66.777209, -16.518098 ], [ -66.764954, -16.543001 ], [ -66.75966, -16.544378 ], [ -66.748385, -16.564018 ], [ -66.742105, -16.57128 ], [ -66.732113, -16.590101 ], [ -66.73787, -16.599578 ], [ -66.734009, -16.613595 ], [ -66.738143, -16.623894 ], [ -66.745775, -16.630641 ], [ -66.740977, -16.656677 ], [ -66.754163, -16.676247 ], [ -66.758034, -16.702195 ], [ -66.743057, -16.723007 ], [ -66.74536, -16.742264 ], [ -66.741179, -16.755186 ], [ -66.751561, -16.768736 ], [ -66.759318, -16.770427 ], [ -66.762314, -16.782089 ], [ -66.775903, -16.784141 ], [ -66.784912, -16.794365 ], [ -66.780827, -16.801111 ], [ -66.797839, -16.812512 ], [ -66.815851, -16.829722 ], [ -66.833037, -16.839654 ], [ -66.848819, -16.836026 ], [ -66.868884, -16.834813 ], [ -66.885845, -16.83677 ], [ -66.887514, -16.83399 ], [ -66.907313, -16.836416 ], [ -66.922071, -16.835175 ], [ -66.935456, -16.852356 ], [ -66.941634, -16.856076 ], [ -66.946277, -16.867913 ], [ -66.965243, -16.887328 ], [ -66.973628, -16.892065 ], [ -66.976231, -16.906362 ], [ -66.970227, -16.920997 ], [ -66.971704, -16.925637 ], [ -66.992468, -16.934771 ], [ -66.99462, -16.943847 ], [ -67.005561, -16.952061 ], [ -67.000976, -16.961604 ], [ -67.002033, -16.988515 ], [ -66.990387, -17.015465 ], [ -66.979741, -17.048184 ], [ -66.9573, -17.065608 ], [ -66.956524, -17.071767 ], [ -66.944361, -17.084463 ], [ -66.940754, -17.093275 ], [ -66.930636, -17.107052 ], [ -66.914599, -17.114023 ], [ -66.904693, -17.122949 ], [ -66.890444, -17.139829 ], [ -66.883916, -17.156551 ], [ -66.885493, -17.185955 ], [ -66.889798, -17.189792 ], [ -66.890048, -17.206051 ], [ -66.887644, -17.215629 ], [ -66.877137, -17.234249 ], [ -66.878735, -17.24844 ], [ -66.888647, -17.266075 ], [ -66.887792, -17.28896 ], [ -66.877992, -17.29794 ], [ -66.856887, -17.310863 ], [ -66.842582, -17.317475 ], [ -66.849163, -17.338064 ], [ -66.855861, -17.337754 ], [ -66.858569, -17.346708 ], [ -66.845402, -17.354038 ], [ -66.846453, -17.367416 ], [ -66.850896, -17.380225 ], [ -66.846358, -17.384301 ], [ -66.865244, -17.389553 ], [ -66.866935, -17.402568 ], [ -66.876992, -17.416101 ], [ -66.862896, -17.436066 ], [ -66.842098, -17.442795 ], [ -66.835681, -17.451095 ], [ -66.837245, -17.463418 ], [ -66.834726, -17.476728 ], [ -66.816276, -17.504441 ], [ -66.817463, -17.516581 ], [ -66.82493, -17.525628 ], [ -66.834599, -17.526933 ], [ -66.840337, -17.533565 ], [ -66.847736, -17.533947 ], [ -66.861311, -17.539949 ], [ -66.877706, -17.54155 ], [ -66.873401, -17.555587 ], [ -66.885625, -17.568655 ], [ -66.884949, -17.574946 ], [ -66.891605, -17.585534 ], [ -66.899889, -17.590502 ], [ -66.885998, -17.599686 ], [ -66.872752, -17.61727 ], [ -66.872366, -17.624761 ], [ -66.887564, -17.639181 ], [ -66.891957, -17.666055 ], [ -66.879032, -17.67887 ], [ -66.877215, -17.689626 ], [ -66.871393, -17.692497 ], [ -66.86968, -17.701744 ], [ -66.86079, -17.712618 ], [ -66.851303, -17.719071 ], [ -66.834516, -17.726398 ], [ -66.821607, -17.737336 ], [ -66.815699, -17.756659 ], [ -66.79673, -17.776714 ], [ -66.795654, -17.781761 ], [ -66.771992, -17.781834 ], [ -66.770797, -17.793329 ], [ -66.762895, -17.805502 ], [ -66.756985, -17.824963 ], [ -66.74707, -17.837699 ], [ -66.730802, -17.840517 ], [ -66.722694, -17.847603 ], [ -66.721643, -17.872518 ], [ -66.713636, -17.88462 ], [ -66.715131, -17.900097 ], [ -66.737937, -17.939663 ], [ -66.742792, -17.945384 ], [ -66.748222, -17.952942 ], [ -66.78142, -17.984636 ], [ -66.788416, -17.988194 ], [ -66.801217, -18.003702 ], [ -66.822498, -18.02588 ], [ -66.826996, -18.036957 ], [ -66.841427, -18.05169 ], [ -66.832284, -18.063301 ], [ -66.832638, -18.080215 ], [ -66.823178, -18.092458 ], [ -66.815717, -18.111317 ], [ -66.785232, -18.135654 ], [ -66.7575, -18.134926 ], [ -66.724707, -18.115884 ], [ -66.712424, -18.116623 ], [ -66.704939, -18.12042 ], [ -66.690245, -18.120215 ], [ -66.676444, -18.109284 ], [ -66.659542, -18.117843 ], [ -66.638898, -18.119285 ], [ -66.63061, -18.116283 ], [ -66.622247, -18.108482 ], [ -66.618504, -18.097108 ], [ -66.608328, -18.086583 ], [ -66.576549, -18.082854 ], [ -66.564594, -18.075991 ], [ -66.540043, -18.082133 ], [ -66.523934, -18.089477 ], [ -66.524298, -18.082128 ], [ -66.533453, -18.058439 ], [ -66.518395, -18.046597 ], [ -66.512068, -18.03635 ], [ -66.471837, -18.003668 ], [ -66.444937, -17.978565 ], [ -66.431415, -17.973436 ], [ -66.419347, -17.975656 ], [ -66.412916, -17.970715 ], [ -66.395336, -17.963317 ], [ -66.387834, -17.964094 ], [ -66.371962, -17.956621 ], [ -66.343525, -17.959688 ], [ -66.337645, -17.953553 ], [ -66.320173, -17.949468 ], [ -66.309249, -17.961763 ], [ -66.285346, -17.963051 ], [ -66.280889, -17.966021 ], [ -66.272329, -17.955852 ], [ -66.259575, -17.938201 ], [ -66.251658, -17.934264 ], [ -66.247236, -17.953168 ], [ -66.236624, -17.948688 ], [ -66.226028, -17.952626 ], [ -66.216058, -17.935201 ], [ -66.196972, -17.926208 ], [ -66.17988, -17.933431 ], [ -66.167202, -17.927125 ], [ -66.163909, -17.906996 ], [ -66.14626, -17.884441 ], [ -66.133902, -17.87807 ], [ -66.116465, -17.858308 ], [ -66.116244, -17.836787 ], [ -66.100481, -17.807111 ], [ -66.096972, -17.807227 ], [ -66.087847, -17.80985 ], [ -66.077588, -17.818713 ], [ -66.065374, -17.824993 ], [ -66.045739, -17.837236 ], [ -66.035583, -17.854493 ], [ -66.025385, -17.86355 ], [ -66.022326, -17.874455 ], [ -66.001762, -17.910689 ], [ -65.991427, -17.923031 ], [ -65.988555, -17.935187 ], [ -65.974512, -17.94233 ], [ -65.967554, -17.951634 ], [ -65.952779, -17.947487 ], [ -65.941486, -17.961849 ], [ -65.943091, -17.977372 ], [ -65.934195, -17.984531 ], [ -65.933958, -17.992085 ], [ -65.922943, -17.994043 ], [ -65.906556, -17.986916 ], [ -65.89499, -17.987269 ], [ -65.887732, -17.979869 ], [ -65.875174, -17.977648 ], [ -65.869091, -17.972004 ], [ -65.857694, -17.975008 ], [ -65.845161, -17.974203 ], [ -65.843271, -17.979646 ], [ -65.830815, -17.987569 ], [ -65.82707, -17.996909 ], [ -65.815893, -18.002192 ], [ -65.812496, -18.008386 ], [ -65.799981, -18.009667 ], [ -65.78252, -18.021014 ], [ -65.783391, -18.031896 ], [ -65.753934, -18.047427 ], [ -65.744079, -18.049718 ], [ -65.741323, -18.05877 ], [ -65.733242, -18.061155 ], [ -65.715051, -18.075505 ], [ -65.70891, -18.078279 ], [ -65.704523, -18.088354 ], [ -65.6882, -18.099227 ], [ -65.684094, -18.112566 ], [ -65.66623, -18.126312 ], [ -65.6644, -18.127046 ], [ -65.663508, -18.128944 ], [ -65.661171, -18.131563 ], [ -65.658752, -18.1328 ], [ -65.657289, -18.133207 ], [ -65.654769, -18.133148 ], [ -65.6539, -18.134018 ], [ -65.653489, -18.134546 ], [ -65.652379, -18.135358 ], [ -65.651795, -18.136953 ], [ -65.651415, -18.138677 ], [ -65.648864, -18.139345 ], [ -65.646881, -18.139153 ], [ -65.644048, -18.138199 ], [ -65.637737, -18.138163 ], [ -65.639303, -18.140668 ], [ -65.63921, -18.142158 ], [ -65.638002, -18.143672 ], [ -65.637316, -18.143645 ], [ -65.635835, -18.144226 ], [ -65.633553, -18.146274 ], [ -65.631481, -18.152705 ], [ -65.628663, -18.153671 ], [ -65.62554, -18.155843 ], [ -65.621296, -18.158389 ], [ -65.620424, -18.159915 ], [ -65.620086, -18.160178 ], [ -65.619277, -18.160911 ], [ -65.618392, -18.162517 ], [ -65.617739, -18.163296 ], [ -65.616676, -18.164476 ], [ -65.616122, -18.164646 ], [ -65.614191, -18.166282 ], [ -65.614141, -18.166788 ], [ -65.613586, -18.16823 ], [ -65.610631, -18.170471 ], [ -65.609266, -18.171478 ], [ -65.608967, -18.171665 ], [ -65.608082, -18.17227 ], [ -65.60758, -18.172642 ], [ -65.607077, -18.172933 ], [ -65.60629, -18.173595 ], [ -65.606195, -18.173779 ], [ -65.605933, -18.174034 ], [ -65.605862, -18.174104 ], [ -65.605647, -18.174301 ], [ -65.604778, -18.175204 ], [ -65.604373, -18.175644 ], [ -65.604207, -18.175887 ], [ -65.60396, -18.176383 ], [ -65.60364, -18.176833 ], [ -65.603463, -18.17711 ], [ -65.603143, -18.178652 ], [ -65.603319, -18.179248 ], [ -65.603888, -18.180494 ], [ -65.603947, -18.181378 ], [ -65.60375, -18.182 ], [ -65.60349, -18.182507 ], [ -65.603369, -18.182904 ], [ -65.603191, -18.18367 ], [ -65.603182, -18.18398 ], [ -65.603184, -18.184141 ], [ -65.603189, -18.184531 ], [ -65.603144, -18.184807 ], [ -65.602886, -18.185395 ], [ -65.601642, -18.186698 ], [ -65.601473, -18.186673 ], [ -65.601338, -18.186671 ], [ -65.601215, -18.18669 ], [ -65.600997, -18.186771 ], [ -65.600734, -18.186907 ], [ -65.600358, -18.187267 ], [ -65.60026, -18.187477 ], [ -65.600212, -18.187623 ], [ -65.600129, -18.18775 ], [ -65.600094, -18.18782 ], [ -65.60006, -18.188004 ], [ -65.59998, -18.18836 ], [ -65.599959, -18.188648 ], [ -65.599925, -18.188809 ], [ -65.599905, -18.189165 ], [ -65.599895, -18.189314 ], [ -65.599899, -18.189705 ], [ -65.599669, -18.190637 ], [ -65.599611, -18.190844 ], [ -65.599483, -18.191213 ], [ -65.599415, -18.191546 ], [ -65.599156, -18.192123 ], [ -65.599051, -18.192411 ], [ -65.598853, -18.193021 ], [ -65.598667, -18.193562 ], [ -65.598574, -18.193839 ], [ -65.598391, -18.194656 ], [ -65.598333, -18.194863 ], [ -65.598194, -18.195335 ], [ -65.597971, -18.1959 ], [ -65.597484, -18.197466 ], [ -65.597197, -18.198685 ], [ -65.597117, -18.199059 ], [ -65.59706, -18.199336 ], [ -65.597015, -18.199771 ], [ -65.596984, -18.200253 ], [ -65.597092, -18.201136 ], [ -65.597113, -18.201325 ], [ -65.597095, -18.201904 ], [ -65.597064, -18.202387 ], [ -65.597019, -18.20275 ], [ -65.596865, -18.20327 ], [ -65.596735, -18.203489 ], [ -65.59658, -18.203652 ], [ -65.596296, -18.203738 ], [ -65.596087, -18.203759 ], [ -65.595898, -18.203772 ], [ -65.595688, -18.203759 ], [ -65.595417, -18.203705 ], [ -65.595227, -18.203633 ], [ -65.595073, -18.203584 ], [ -65.594843, -18.203552 ], [ -65.594528, -18.203533 ], [ -65.593905, -18.203687 ], [ -65.593846, -18.203842 ], [ -65.59385, -18.204192 ], [ -65.593854, -18.204525 ], [ -65.593801, -18.205111 ], [ -65.593779, -18.205272 ], [ -65.593746, -18.205537 ], [ -65.593587, -18.205976 ], [ -65.592501, -18.206731 ], [ -65.592052, -18.206968 ], [ -65.591815, -18.207021 ], [ -65.590473, -18.20756 ], [ -65.590047, -18.207659 ], [ -65.589997, -18.20766 ], [ -65.589611, -18.207663 ], [ -65.589153, -18.207667 ], [ -65.588779, -18.207601 ], [ -65.588596, -18.207592 ], [ -65.588369, -18.207598 ], [ -65.58791, -18.207563 ], [ -65.587766, -18.207553 ], [ -65.587189, -18.20753 ], [ -65.586789, -18.207549 ], [ -65.586464, -18.207541 ], [ -65.586174, -18.207544 ], [ -65.584926, -18.207611 ], [ -65.584765, -18.207728 ], [ -65.584647, -18.207833 ], [ -65.584552, -18.207983 ], [ -65.584612, -18.20897 ], [ -65.584666, -18.209279 ], [ -65.584704, -18.209955 ], [ -65.584699, -18.210198 ], [ -65.584387, -18.210524 ], [ -65.584294, -18.210672 ], [ -65.583973, -18.211031 ], [ -65.583914, -18.211135 ], [ -65.583879, -18.211204 ], [ -65.583647, -18.211744 ], [ -65.583465, -18.211931 ], [ -65.58343, -18.211989 ], [ -65.583291, -18.212495 ], [ -65.583374, -18.212839 ], [ -65.583663, -18.213388 ], [ -65.583532, -18.214549 ], [ -65.582691, -18.214809 ], [ -65.582427, -18.214914 ], [ -65.581501, -18.215095 ], [ -65.581176, -18.215144 ], [ -65.579827, -18.215247 ], [ -65.578903, -18.215611 ], [ -65.57795, -18.216607 ], [ -65.57745, -18.217174 ], [ -65.576346, -18.218608 ], [ -65.575828, -18.21968 ], [ -65.57481, -18.22132 ], [ -65.573742, -18.221731 ], [ -65.573066, -18.221771 ], [ -65.572814, -18.221774 ], [ -65.57201, -18.222113 ], [ -65.571605, -18.222473 ], [ -65.571024, -18.223305 ], [ -65.570325, -18.224367 ], [ -65.567769, -18.229557 ], [ -65.566789, -18.231323 ], [ -65.566245, -18.232223 ], [ -65.5659, -18.232616 ], [ -65.565373, -18.232954 ], [ -65.565218, -18.233059 ], [ -65.565164, -18.233668 ], [ -65.565022, -18.233899 ], [ -65.564773, -18.234199 ], [ -65.564462, -18.23434 ], [ -65.562597, -18.234355 ], [ -65.562181, -18.23421 ], [ -65.561548, -18.234115 ], [ -65.560868, -18.234325 ], [ -65.560496, -18.234489 ], [ -65.55973, -18.234976 ], [ -65.558585, -18.235756 ], [ -65.557206, -18.236745 ], [ -65.555027, -18.238064 ], [ -65.554234, -18.238241 ], [ -65.55369, -18.238222 ], [ -65.552756, -18.237737 ], [ -65.551835, -18.23732 ], [ -65.550933, -18.237168 ], [ -65.550375, -18.23724 ], [ -65.550027, -18.237347 ], [ -65.549451, -18.237616 ], [ -65.549114, -18.237843 ], [ -65.548519, -18.238359 ], [ -65.547723, -18.239365 ], [ -65.546987, -18.24073 ], [ -65.546365, -18.242929 ], [ -65.545695, -18.244423 ], [ -65.545484, -18.244965 ], [ -65.544642, -18.246166 ], [ -65.543188, -18.246592 ], [ -65.543129, -18.246593 ], [ -65.541917, -18.246178 ], [ -65.541093, -18.245795 ], [ -65.538868, -18.245331 ], [ -65.538219, -18.245446 ], [ -65.53684, -18.246307 ], [ -65.536174, -18.246769 ], [ -65.53552, -18.2467 ], [ -65.535348, -18.246475 ], [ -65.535267, -18.246061 ], [ -65.535216, -18.245353 ], [ -65.535108, -18.244585 ], [ -65.534979, -18.243731 ], [ -65.534574, -18.242607 ], [ -65.534121, -18.242345 ], [ -65.533951, -18.24232 ], [ -65.53366, -18.242379 ], [ -65.533282, -18.24268 ], [ -65.532522, -18.243468 ], [ -65.532433, -18.243537 ], [ -65.532182, -18.243746 ], [ -65.528446, -18.245029 ], [ -65.527688, -18.245139 ], [ -65.527447, -18.245164 ], [ -65.52674, -18.245515 ], [ -65.524814, -18.249022 ], [ -65.523737, -18.249766 ], [ -65.523466, -18.25032 ], [ -65.523416, -18.250596 ], [ -65.523428, -18.251845 ], [ -65.523275, -18.252205 ], [ -65.523157, -18.252336 ], [ -65.523108, -18.252711 ], [ -65.522822, -18.253035 ], [ -65.521599, -18.253597 ], [ -65.513271, -18.253012 ], [ -65.512829, -18.253418 ], [ -65.512352, -18.253858 ], [ -65.511958, -18.254218 ], [ -65.510856, -18.254836 ], [ -65.510077, -18.255278 ], [ -65.503998, -18.256553 ], [ -65.50336, -18.256717 ], [ -65.501944, -18.25828 ], [ -65.501988, -18.258561 ], [ -65.497691, -18.272948 ], [ -65.497186, -18.273927 ], [ -65.489314, -18.287089 ], [ -65.489086, -18.28771 ], [ -65.488837, -18.290511 ], [ -65.488517, -18.291137 ], [ -65.488229, -18.291655 ], [ -65.486594, -18.292587 ], [ -65.485883, -18.292964 ], [ -65.485117, -18.294462 ], [ -65.484987, -18.294953 ], [ -65.484339, -18.295941 ], [ -65.483882, -18.296122 ], [ -65.482923, -18.295728 ], [ -65.479443, -18.298686 ], [ -65.47929, -18.299545 ], [ -65.476444, -18.303557 ], [ -65.4757, -18.303512 ], [ -65.474494, -18.315604 ], [ -65.474179, -18.316451 ], [ -65.474037, -18.317656 ], [ -65.473843, -18.318776 ], [ -65.473631, -18.319788 ], [ -65.465105, -18.331363 ], [ -65.462156, -18.342989 ], [ -65.460925, -18.344037 ], [ -65.453262, -18.350898 ], [ -65.452408, -18.351662 ], [ -65.45207, -18.351915 ], [ -65.451711, -18.352149 ], [ -65.44856, -18.353885 ], [ -65.447263, -18.356918 ], [ -65.444431, -18.35878 ], [ -65.441171, -18.360444 ], [ -65.431275, -18.368555 ], [ -65.430164, -18.368596 ], [ -65.417391, -18.362794 ], [ -65.414509, -18.363641 ], [ -65.412331, -18.364433 ], [ -65.411035, -18.365022 ], [ -65.410315, -18.365698 ], [ -65.407444, -18.366951 ], [ -65.405567, -18.366917 ], [ -65.404379, -18.367277 ], [ -65.403024, -18.368174 ], [ -65.402361, -18.368693 ], [ -65.37806, -18.388628 ], [ -65.377037, -18.390012 ], [ -65.371161, -18.395067 ], [ -65.370031, -18.395846 ], [ -65.369097, -18.395984 ], [ -65.368108, -18.396383 ], [ -65.35356, -18.406016 ], [ -65.345672, -18.417878 ], [ -65.33042, -18.426069 ], [ -65.334379, -18.434874 ], [ -65.335757, -18.44818 ], [ -65.330781, -18.458526 ], [ -65.325504, -18.458609 ], [ -65.318286, -18.447336 ], [ -65.309773, -18.442969 ], [ -65.297403, -18.455664 ], [ -65.289264, -18.474007 ], [ -65.293218, -18.48591 ], [ -65.279952, -18.508285 ], [ -65.273826, -18.509355 ], [ -65.253299, -18.503656 ], [ -65.245818, -18.505992 ], [ -65.246697, -18.519809 ], [ -65.244689, -18.535026 ], [ -65.239175, -18.546866 ], [ -65.238737, -18.563014 ], [ -65.245798, -18.581619 ], [ -65.245185, -18.597786 ], [ -65.247798, -18.602926 ], [ -65.240974, -18.612051 ], [ -65.22925, -18.612985 ], [ -65.215283, -18.61097 ], [ -65.20556, -18.623022 ], [ -65.199734, -18.623442 ], [ -65.182813, -18.617324 ], [ -65.175202, -18.6183 ], [ -65.161643, -18.610175 ], [ -65.146115, -18.615691 ], [ -65.123043, -18.632771 ], [ -65.114363, -18.632888 ], [ -65.100832, -18.641915 ], [ -65.095788, -18.657228 ], [ -65.084115, -18.661532 ], [ -65.076818, -18.659016 ], [ -65.056925, -18.675981 ], [ -65.050789, -18.674289 ], [ -65.041241, -18.681062 ], [ -65.032621, -18.671177 ], [ -65.038917, -18.649063 ], [ -65.045418, -18.651117 ], [ -65.051336, -18.629435 ], [ -65.045693, -18.625362 ], [ -65.046184, -18.611656 ], [ -65.03908, -18.609425 ], [ -65.033814, -18.598265 ], [ -65.021595, -18.598936 ], [ -65.021202, -18.585389 ], [ -65.013561, -18.576853 ], [ -65.004589, -18.572542 ], [ -64.99534, -18.557405 ], [ -64.990188, -18.561225 ], [ -64.974418, -18.558533 ], [ -64.956813, -18.55152 ], [ -64.959645, -18.543721 ], [ -64.949732, -18.536016 ], [ -64.936308, -18.529994 ], [ -64.932934, -18.518819 ], [ -64.913327, -18.510143 ], [ -64.908433, -18.504332 ], [ -64.886661, -18.496847 ], [ -64.876414, -18.489235 ], [ -64.861765, -18.493117 ], [ -64.837302, -18.484333 ], [ -64.827234, -18.490128 ] ], [ [ -65.299472, -18.13876 ], [ -65.300301, -18.136083 ], [ -65.299504, -18.136524 ], [ -65.299472, -18.13876 ] ], [ [ -65.219523, -17.924784 ], [ -65.216787, -17.922859 ], [ -65.216371, -17.923772 ], [ -65.219523, -17.924784 ] ] ] } },
{ "type": "Feature", "properties": { "idep": "04", "nombre_dep": "Oruro" }, "geometry": { "type": "MultiPolygon", "coordinates": [ [ [ [ -68.331582, -19.43047 ], [ -68.312159, -19.433714 ], [ -68.31104, -19.426445 ], [ -68.313314, -19.421994 ], [ -68.331582, -19.43047 ] ] ], [ [ [ -68.32012, -19.253657 ], [ -68.332071, -19.260536 ], [ -68.34102, -19.2714 ], [ -68.353459, -19.2727 ], [ -68.3597, -19.267092 ], [ -68.357118, -19.259032 ], [ -68.362908, -19.246212 ], [ -68.374256, -19.252659 ], [ -68.383937, -19.26453 ], [ -68.386693, -19.275653 ], [ -68.396106, -19.279255 ], [ -68.39978, -19.297139 ], [ -68.382312, -19.292017 ], [ -68.37374, -19.287337 ], [ -68.367152, -19.290419 ], [ -68.363194, -19.307699 ], [ -68.366367, -19.315235 ], [ -68.3672, -19.332068 ], [ -68.372754, -19.340402 ], [ -68.369113, -19.34612 ], [ -68.370939, -19.36395 ], [ -68.362563, -19.377404 ], [ -68.363175, -19.402121 ], [ -68.355412, -19.400344 ], [ -68.351245, -19.393079 ], [ -68.33863, -19.398225 ], [ -68.331455, -19.415067 ], [ -68.325631, -19.414179 ], [ -68.327088, -19.397095 ], [ -68.312451, -19.393256 ], [ -68.298181, -19.396201 ], [ -68.290981, -19.401678 ], [ -68.278915, -19.397814 ], [ -68.270389, -19.384133 ], [ -68.253013, -19.371691 ], [ -68.239919, -19.352294 ], [ -68.243906, -19.339978 ], [ -68.245143, -19.322883 ], [ -68.241653, -19.314969 ], [ -68.250409, -19.306244 ], [ -68.257106, -19.306822 ], [ -68.265332, -19.296913 ], [ -68.258354, -19.286345 ], [ -68.267559, -19.27744 ], [ -68.260944, -19.261351 ], [ -68.26699, -19.254747 ], [ -68.299165, -19.251186 ], [ -68.311493, -19.257749 ], [ -68.32012, -19.253657 ] ] ], [ [ [ -67.187596, -17.378315 ], [ -67.199499, -17.365958 ], [ -67.196477, -17.35098 ], [ -67.198228, -17.346398 ], [ -67.203281, -17.336348 ], [ -67.228517, -17.336665 ], [ -67.253204, -17.324537 ], [ -67.257879, -17.333508 ], [ -67.277529, -17.344838 ], [ -67.284648, -17.356114 ], [ -67.285821, -17.368337 ], [ -67.293685, -17.375545 ], [ -67.297557, -17.384043 ], [ -67.309788, -17.380704 ], [ -67.318202, -17.401517 ], [ -67.313588, -17.412728 ], [ -67.321604, -17.425247 ], [ -67.33515, -17.4283 ], [ -67.338397, -17.433357 ], [ -67.341695, -17.450414 ], [ -67.366643, -17.452951 ], [ -67.374514, -17.461768 ], [ -67.377065, -17.477044 ], [ -67.375848, -17.490645 ], [ -67.382129, -17.500941 ], [ -67.381224, -17.50636 ], [ -67.387612, -17.516578 ], [ -67.380318, -17.525676 ], [ -67.381317, -17.539302 ], [ -67.390823, -17.548827 ], [ -67.393755, -17.560552 ], [ -67.403227, -17.574375 ], [ -67.412726, -17.571296 ], [ -67.418975, -17.563504 ], [ -67.429669, -17.560529 ], [ -67.447897, -17.53745 ], [ -67.448952, -17.524124 ], [ -67.472287, -17.507861 ], [ -67.475051, -17.516422 ], [ -67.483687, -17.521768 ], [ -67.498219, -17.520608 ], [ -67.503445, -17.517312 ], [ -67.516254, -17.540273 ], [ -67.522905, -17.547191 ], [ -67.521386, -17.553811 ], [ -67.531985, -17.561012 ], [ -67.546261, -17.575412 ], [ -67.548869, -17.586352 ], [ -67.529082, -17.596757 ], [ -67.530718, -17.61035 ], [ -67.507676, -17.647284 ], [ -67.516091, -17.67172 ], [ -67.531252, -17.673826 ], [ -67.558163, -17.703483 ], [ -67.586287, -17.711911 ], [ -67.585845, -17.768205 ], [ -67.632462, -17.764921 ], [ -67.644492, -17.758046 ], [ -67.676975, -17.763886 ], [ -67.679844, -17.778062 ], [ -67.701609, -17.802171 ], [ -67.707642, -17.848037 ], [ -67.731506, -17.859263 ], [ -67.75258, -17.871496 ], [ -67.772051, -17.87782 ], [ -67.790532, -17.880641 ], [ -67.807665, -17.873225 ], [ -67.826303, -17.856818 ], [ -67.852566, -17.824745 ], [ -67.861314, -17.821925 ], [ -67.860502, -17.814314 ], [ -67.883502, -17.805244 ], [ -67.902388, -17.7911 ], [ -67.926277, -17.782945 ], [ -67.93942, -17.773986 ], [ -67.95757, -17.764423 ], [ -67.966316, -17.748057 ], [ -67.965164, -17.737719 ], [ -67.968981, -17.732698 ], [ -67.983633, -17.741588 ], [ -67.994121, -17.738122 ], [ -68.000268, -17.741135 ], [ -68.054816, -17.717917 ], [ -68.07399, -17.718659 ], [ -68.085344, -17.715206 ], [ -68.100123, -17.69913 ], [ -68.137273, -17.676063 ], [ -68.143524, -17.668746 ], [ -68.190494, -17.654593 ], [ -68.19066, -17.663522 ], [ -68.208822, -17.669206 ], [ -68.224145, -17.651075 ], [ -68.237795, -17.647603 ], [ -68.253101, -17.638137 ], [ -68.270471, -17.642734 ], [ -68.276428, -17.628645 ], [ -68.289396, -17.615182 ], [ -68.299956, -17.60217 ], [ -68.311694, -17.594497 ], [ -68.321787, -17.596856 ], [ -68.33273, -17.608397 ], [ -68.348075, -17.593461 ], [ -68.360615, -17.590752 ], [ -68.378427, -17.595532 ], [ -68.385452, -17.601365 ], [ -68.384719, -17.615353 ], [ -68.394464, -17.618162 ], [ -68.40692, -17.624592 ], [ -68.411981, -17.623658 ], [ -68.417895, -17.640072 ], [ -68.435566, -17.660111 ], [ -68.436022, -17.667569 ], [ -68.452642, -17.662585 ], [ -68.464023, -17.672076 ], [ -68.471018, -17.686312 ], [ -68.481131, -17.684013 ], [ -68.497488, -17.69058 ], [ -68.498129, -17.700359 ], [ -68.503744, -17.705389 ], [ -68.513375, -17.706027 ], [ -68.519363, -17.702174 ], [ -68.531283, -17.702038 ], [ -68.53987, -17.717299 ], [ -68.538488, -17.731957 ], [ -68.543569, -17.759509 ], [ -68.541207, -17.784433 ], [ -68.543717, -17.796768 ], [ -68.537487, -17.800282 ], [ -68.53647, -17.809692 ], [ -68.560787, -17.819673 ], [ -68.568287, -17.815684 ], [ -68.583149, -17.818227 ], [ -68.602673, -17.832546 ], [ -68.615068, -17.836869 ], [ -68.622412, -17.848712 ], [ -68.633164, -17.853587 ], [ -68.639401, -17.863303 ], [ -68.661983, -17.869269 ], [ -68.666458, -17.876173 ], [ -68.690848, -17.880012 ], [ -68.695813, -17.889119 ], [ -68.710574, -17.887363 ], [ -68.720161, -17.890189 ], [ -68.727782, -17.884632 ], [ -68.740014, -17.886945 ], [ -68.741866, -17.891367 ], [ -68.758325, -17.902941 ], [ -68.759728, -17.914197 ], [ -68.778009, -17.923546 ], [ -68.786782, -17.930596 ], [ -68.806519, -17.92708 ], [ -68.829941, -17.934732 ], [ -68.841064, -17.941979 ], [ -68.850352, -17.93832 ], [ -68.870174, -17.94345 ], [ -68.91039, -17.949595 ], [ -68.932691, -17.966711 ], [ -68.991976, -17.994874 ], [ -69.005727, -17.997723 ], [ -69.014128, -18.007105 ], [ -69.034222, -18.017091 ], [ -69.046223, -18.029046 ], [ -69.057224, -18.034304 ], [ -69.072487, -18.038173 ], [ -69.079489, -18.046856 ], [ -69.071331, -18.074916 ], [ -69.08122, -18.091429 ], [ -69.126937, -18.127336 ], [ -69.142341, -18.16325 ], [ -69.102501, -18.21033 ], [ -69.065268, -18.239907 ], [ -69.070201, -18.252163 ], [ -69.074459, -18.286582 ], [ -69.07089, -18.297465 ], [ -69.059229, -18.307596 ], [ -69.044664, -18.313512 ], [ -69.038119, -18.322411 ], [ -69.053523, -18.347 ], [ -69.046934, -18.366578 ], [ -69.05501, -18.375596 ], [ -69.047791, -18.382938 ], [ -69.046514, -18.409539 ], [ -69.038324, -18.442359 ], [ -69.025194, -18.461181 ], [ -69.029104, -18.46984 ], [ -69.021591, -18.503656 ], [ -69.011608, -18.537235 ], [ -69.016909, -18.572371 ], [ -69.002192, -18.588375 ], [ -69.007393, -18.601154 ], [ -69.016358, -18.598652 ], [ -69.027641, -18.601123 ], [ -69.031391, -18.611727 ], [ -69.037027, -18.613554 ], [ -69.033063, -18.629412 ], [ -69.014482, -18.633149 ], [ -69.008738, -18.646499 ], [ -69.002554, -18.650207 ], [ -68.985397, -18.677384 ], [ -68.983518, -18.698057 ], [ -68.987281, -18.705617 ], [ -68.977774, -18.717852 ], [ -68.971522, -18.732416 ], [ -68.980891, -18.739769 ], [ -68.987042, -18.750137 ], [ -68.950497, -18.793046 ], [ -68.92622, -18.843133 ], [ -68.912354, -18.892447 ], [ -68.950196, -18.936768 ], [ -68.920006, -18.976735 ], [ -68.889647, -19.043426 ], [ -68.870905, -19.060376 ], [ -68.852326, -19.064257 ], [ -68.805972, -19.083599 ], [ -68.781387, -19.108258 ], [ -68.750936, -19.132952 ], [ -68.736375, -19.155611 ], [ -68.713085, -19.170233 ], [ -68.628285, -19.251045 ], [ -68.619735, -19.276514 ], [ -68.542765, -19.296671 ], [ -68.471939, -19.352052 ], [ -68.470509, -19.33785 ], [ -68.473971, -19.33281 ], [ -68.47365, -19.319691 ], [ -68.46456, -19.308176 ], [ -68.466704, -19.299288 ], [ -68.453381, -19.290951 ], [ -68.451293, -19.277325 ], [ -68.443725, -19.276998 ], [ -68.441063, -19.268161 ], [ -68.431266, -19.260903 ], [ -68.416151, -19.256146 ], [ -68.41111, -19.257803 ], [ -68.397877, -19.250784 ], [ -68.383741, -19.246094 ], [ -68.368196, -19.23363 ], [ -68.377609, -19.220779 ], [ -68.374258, -19.211629 ], [ -68.353785, -19.197025 ], [ -68.330444, -19.198565 ], [ -68.317587, -19.202164 ], [ -68.28258, -19.195993 ], [ -68.257536, -19.19673 ], [ -68.238496, -19.191571 ], [ -68.210989, -19.168194 ], [ -68.193307, -19.156366 ], [ -68.17661, -19.142414 ], [ -68.16082, -19.142127 ], [ -68.154044, -19.138868 ], [ -68.125688, -19.113362 ], [ -68.107418, -19.11955 ], [ -68.1021, -19.143583 ], [ -68.096805, -19.149744 ], [ -68.077397, -19.133389 ], [ -68.067889, -19.128876 ], [ -68.067449, -19.123846 ], [ -68.056241, -19.117548 ], [ -68.05562, -19.107288 ], [ -68.050071, -19.088715 ], [ -68.039627, -19.111758 ], [ -68.0216, -19.121701 ], [ -68.028636, -19.122981 ], [ -68.036103, -19.136601 ], [ -68.041419, -19.139594 ], [ -68.03509, -19.152272 ], [ -68.025234, -19.155397 ], [ -68.018278, -19.174487 ], [ -68.003411, -19.186266 ], [ -67.997699, -19.197099 ], [ -67.992968, -19.197073 ], [ -68.005373, -19.226653 ], [ -68.006806, -19.239553 ], [ -68.0008, -19.25025 ], [ -68.002473, -19.256667 ], [ -68.000995, -19.284642 ], [ -68.006686, -19.292897 ], [ -68.001646, -19.300215 ], [ -67.988489, -19.302151 ], [ -67.964179, -19.29493 ], [ -67.952087, -19.295817 ], [ -67.956234, -19.308943 ], [ -67.950555, -19.31482 ], [ -67.939359, -19.316869 ], [ -67.93555, -19.326101 ], [ -67.926258, -19.330545 ], [ -67.912244, -19.342634 ], [ -67.894085, -19.348527 ], [ -67.885316, -19.347908 ], [ -67.872514, -19.353912 ], [ -67.866245, -19.36007 ], [ -67.848282, -19.358656 ], [ -67.847842, -19.363913 ], [ -67.832895, -19.377094 ], [ -67.816493, -19.380873 ], [ -67.810155, -19.378295 ], [ -67.800152, -19.383691 ], [ -67.803891, -19.393034 ], [ -67.820256, -19.397991 ], [ -67.818981, -19.402129 ], [ -67.803945, -19.400876 ], [ -67.798893, -19.407653 ], [ -67.780384, -19.41323 ], [ -67.791642, -19.424183 ], [ -67.798347, -19.439458 ], [ -67.803898, -19.444645 ], [ -67.792633, -19.456385 ], [ -67.792227, -19.468213 ], [ -67.801013, -19.495066 ], [ -67.813099, -19.510886 ], [ -67.831412, -19.525876 ], [ -67.839185, -19.525435 ], [ -67.873362, -19.534902 ], [ -67.88248, -19.539991 ], [ -67.898147, -19.54277 ], [ -67.915683, -19.541322 ], [ -67.94477, -19.527986 ], [ -67.961157, -19.526527 ], [ -67.97552, -19.528163 ], [ -68.005746, -19.522483 ], [ -68.018994, -19.527496 ], [ -68.02406, -19.534158 ], [ -68.055263, -19.539373 ], [ -68.066772, -19.554673 ], [ -68.088142, -19.576417 ], [ -68.078488, -19.587557 ], [ -68.061008, -19.595098 ], [ -68.054963, -19.608941 ], [ -68.042204, -19.618353 ], [ -68.03188, -19.622283 ], [ -68.024446, -19.634021 ], [ -67.989517, -19.687017 ], [ -67.971353, -19.707877 ], [ -67.959479, -19.729404 ], [ -67.935308, -19.73378 ], [ -67.914443, -19.743142 ], [ -67.899364, -19.757145 ], [ -67.876426, -19.761882 ], [ -67.860508, -19.772533 ], [ -67.845637, -19.796472 ], [ -67.821676, -19.809597 ], [ -67.803049, -19.8111 ], [ -67.785888, -19.808002 ], [ -67.758602, -19.805917 ], [ -67.738182, -19.830298 ], [ -67.720476, -19.826729 ], [ -67.714546, -19.811976 ], [ -67.677544, -19.830453 ], [ -67.664396, -19.838576 ], [ -67.646225, -19.842144 ], [ -67.635208, -19.846487 ], [ -67.59906, -19.871553 ], [ -67.580209, -19.874988 ], [ -67.571299, -19.88671 ], [ -67.566125, -19.88314 ], [ -67.560501, -19.866941 ], [ -67.548167, -19.86558 ], [ -67.540332, -19.855166 ], [ -67.527436, -19.847886 ], [ -67.5311, -19.829975 ], [ -67.543253, -19.817639 ], [ -67.547159, -19.804268 ], [ -67.53559, -19.794012 ], [ -67.539947, -19.785066 ], [ -67.556917, -19.784424 ], [ -67.560924, -19.777178 ], [ -67.5579, -19.7715 ], [ -67.566555, -19.765161 ], [ -67.56777, -19.746812 ], [ -67.571165, -19.738669 ], [ -67.571284, -19.726931 ], [ -67.56226, -19.715169 ], [ -67.547402, -19.713472 ], [ -67.52167, -19.716628 ], [ -67.50314, -19.712448 ], [ -67.490487, -19.706755 ], [ -67.469694, -19.703173 ], [ -67.446736, -19.707275 ], [ -67.434838, -19.712055 ], [ -67.39742, -19.714409 ], [ -67.386795, -19.712761 ], [ -67.370713, -19.714968 ], [ -67.344949, -19.723611 ], [ -67.328609, -19.739486 ], [ -67.300559, -19.753332 ], [ -67.290473, -19.760636 ], [ -67.290997, -19.765166 ], [ -67.274795, -19.750371 ], [ -67.265017, -19.726131 ], [ -67.257208, -19.714384 ], [ -67.256571, -19.699293 ], [ -67.243049, -19.69112 ], [ -67.227351, -19.690278 ], [ -67.21387, -19.681798 ], [ -67.206631, -19.670837 ], [ -67.207421, -19.657579 ], [ -67.212579, -19.642623 ], [ -67.207836, -19.616689 ], [ -67.203529, -19.614659 ], [ -67.209063, -19.601841 ], [ -67.231724, -19.584265 ], [ -67.23092, -19.567202 ], [ -67.218286, -19.559318 ], [ -67.229753, -19.536239 ], [ -67.22687, -19.532837 ], [ -67.230729, -19.519479 ], [ -67.229472, -19.51336 ], [ -67.236044, -19.50792 ], [ -67.225362, -19.491105 ], [ -67.225838, -19.48393 ], [ -67.23523, -19.4809 ], [ -67.243747, -19.472041 ], [ -67.256265, -19.463772 ], [ -67.259179, -19.44928 ], [ -67.269906, -19.434701 ], [ -67.264085, -19.428679 ], [ -67.234377, -19.436253 ], [ -67.224076, -19.442579 ], [ -67.209438, -19.446278 ], [ -67.192295, -19.449551 ], [ -67.172671, -19.443474 ], [ -67.161888, -19.437778 ], [ -67.141966, -19.419933 ], [ -67.113415, -19.412259 ], [ -67.105841, -19.40643 ], [ -67.100998, -19.394855 ], [ -67.08923, -19.375556 ], [ -67.085491, -19.358213 ], [ -67.074601, -19.360332 ], [ -67.067181, -19.37267 ], [ -67.041595, -19.380796 ], [ -67.036994, -19.37484 ], [ -67.026069, -19.369805 ], [ -67.013137, -19.370845 ], [ -67.002456, -19.379274 ], [ -66.99541, -19.379534 ], [ -66.9865, -19.373468 ], [ -66.956574, -19.367884 ], [ -66.94014, -19.378594 ], [ -66.922954, -19.393379 ], [ -66.901121, -19.407724 ], [ -66.881732, -19.41362 ], [ -66.88086, -19.421991 ], [ -66.870341, -19.437488 ], [ -66.864142, -19.43895 ], [ -66.856589, -19.447411 ], [ -66.850145, -19.447473 ], [ -66.84525, -19.45472 ], [ -66.825679, -19.455129 ], [ -66.814381, -19.449365 ], [ -66.808019, -19.450399 ], [ -66.788119, -19.433494 ], [ -66.766561, -19.429373 ], [ -66.7533, -19.431389 ], [ -66.75049, -19.436813 ], [ -66.741302, -19.436925 ], [ -66.734918, -19.429252 ], [ -66.726421, -19.43729 ], [ -66.708904, -19.446322 ], [ -66.699762, -19.448414 ], [ -66.67997, -19.444384 ], [ -66.66166, -19.430115 ], [ -66.6546, -19.432295 ], [ -66.6391, -19.427258 ], [ -66.621368, -19.425574 ], [ -66.602942, -19.427683 ], [ -66.590581, -19.42615 ], [ -66.583954, -19.420992 ], [ -66.575566, -19.401278 ], [ -66.56355, -19.398735 ], [ -66.54577, -19.386246 ], [ -66.50208, -19.359904 ], [ -66.460273, -19.380772 ], [ -66.429137, -19.406254 ], [ -66.390298, -19.457575 ], [ -66.356881, -19.453672 ], [ -66.335831, -19.415416 ], [ -66.304025, -19.370576 ], [ -66.284288, -19.328569 ], [ -66.276551, -19.317057 ], [ -66.271057, -19.314096 ], [ -66.272118, -19.30323 ], [ -66.253403, -19.298678 ], [ -66.229117, -19.286223 ], [ -66.222821, -19.274264 ], [ -66.221292, -19.262057 ], [ -66.217061, -19.256503 ], [ -66.201841, -19.252754 ], [ -66.188859, -19.24208 ], [ -66.180681, -19.242291 ], [ -66.161392, -19.233736 ], [ -66.152434, -19.234457 ], [ -66.139088, -19.245314 ], [ -66.130149, -19.245575 ], [ -66.125265, -19.237345 ], [ -66.12946, -19.222605 ], [ -66.118947, -19.196859 ], [ -66.104082, -19.181236 ], [ -66.100731, -19.174485 ], [ -66.112732, -19.157013 ], [ -66.112722, -19.149955 ], [ -66.10304, -19.140012 ], [ -66.099011, -19.129091 ], [ -66.102818, -19.120834 ], [ -66.095644, -19.108895 ], [ -66.086104, -19.099782 ], [ -66.092962, -19.08511 ], [ -66.093028, -19.085108 ], [ -66.095266, -19.08503 ], [ -66.106021, -19.084654 ], [ -66.106327, -19.076467 ], [ -66.120415, -19.061823 ], [ -66.124955, -19.059274 ], [ -66.135311, -19.054081 ], [ -66.152866, -19.030716 ], [ -66.171876, -19.019884 ], [ -66.176229, -19.020673 ], [ -66.179242, -18.99752 ], [ -66.179145, -18.990568 ], [ -66.181089, -18.986553 ], [ -66.183882, -18.984851 ], [ -66.191967, -18.985549 ], [ -66.193393, -18.986717 ], [ -66.194478, -18.986734 ], [ -66.194902, -18.986625 ], [ -66.198987, -18.987433 ], [ -66.20024, -18.988197 ], [ -66.202405, -18.989781 ], [ -66.205098, -18.990968 ], [ -66.21227, -18.994588 ], [ -66.226738, -18.994447 ], [ -66.22898, -18.995556 ], [ -66.231512, -18.997386 ], [ -66.238939, -19.002036 ], [ -66.248452, -19.008185 ], [ -66.268941, -19.008914 ], [ -66.28158, -19.014739 ], [ -66.295091, -18.99607 ], [ -66.301739, -18.990638 ], [ -66.29849, -18.970741 ], [ -66.30173, -18.947804 ], [ -66.301817, -18.933252 ], [ -66.313182, -18.921746 ], [ -66.311285, -18.909557 ], [ -66.315773, -18.899074 ], [ -66.320074, -18.895947 ], [ -66.32676, -18.873825 ], [ -66.33549, -18.845639 ], [ -66.342854, -18.829734 ], [ -66.341697, -18.823108 ], [ -66.346065, -18.810004 ], [ -66.351196, -18.803928 ], [ -66.352422, -18.792197 ], [ -66.36435, -18.76533 ], [ -66.374912, -18.750524 ], [ -66.379706, -18.73841 ], [ -66.392345, -18.717021 ], [ -66.398202, -18.712814 ], [ -66.410131, -18.712374 ], [ -66.413301, -18.707695 ], [ -66.423763, -18.709086 ], [ -66.42715, -18.704355 ], [ -66.437585, -18.708248 ], [ -66.441312, -18.702128 ], [ -66.460472, -18.707054 ], [ -66.470759, -18.719413 ], [ -66.474936, -18.731506 ], [ -66.478164, -18.751764 ], [ -66.477474, -18.761333 ], [ -66.483145, -18.769662 ], [ -66.502527, -18.788134 ], [ -66.521764, -18.78228 ], [ -66.532096, -18.77369 ], [ -66.537184, -18.749063 ], [ -66.536971, -18.721039 ], [ -66.564754, -18.718223 ], [ -66.576163, -18.714405 ], [ -66.575686, -18.709463 ], [ -66.588587, -18.695842 ], [ -66.597826, -18.697806 ], [ -66.594868, -18.687009 ], [ -66.595623, -18.674492 ], [ -66.600563, -18.666174 ], [ -66.611945, -18.659979 ], [ -66.60695, -18.65064 ], [ -66.617916, -18.645586 ], [ -66.631976, -18.649083 ], [ -66.644173, -18.630319 ], [ -66.646581, -18.617186 ], [ -66.640686, -18.611775 ], [ -66.639472, -18.598814 ], [ -66.642331, -18.58957 ], [ -66.652539, -18.571243 ], [ -66.658333, -18.564755 ], [ -66.656789, -18.5532 ], [ -66.662046, -18.54236 ], [ -66.666125, -18.521112 ], [ -66.675543, -18.504613 ], [ -66.681428, -18.501163 ], [ -66.683102, -18.482541 ], [ -66.682157, -18.468815 ], [ -66.687059, -18.462379 ], [ -66.697626, -18.435603 ], [ -66.700003, -18.419011 ], [ -66.698608, -18.403228 ], [ -66.714244, -18.378041 ], [ -66.714886, -18.362006 ], [ -66.729316, -18.34045 ], [ -66.708099, -18.32881 ], [ -66.702911, -18.323537 ], [ -66.678594, -18.316405 ], [ -66.666057, -18.307239 ], [ -66.661404, -18.295607 ], [ -66.64395, -18.293548 ], [ -66.638618, -18.288365 ], [ -66.627282, -18.287337 ], [ -66.614435, -18.279289 ], [ -66.58669, -18.282029 ], [ -66.568505, -18.279326 ], [ -66.543932, -18.271124 ], [ -66.529828, -18.261454 ], [ -66.528168, -18.249291 ], [ -66.541373, -18.247167 ], [ -66.549538, -18.242755 ], [ -66.558979, -18.243608 ], [ -66.569479, -18.250262 ], [ -66.58567, -18.245547 ], [ -66.59635, -18.236543 ], [ -66.618991, -18.238275 ], [ -66.631528, -18.23665 ], [ -66.641389, -18.241124 ], [ -66.655981, -18.235727 ], [ -66.66978, -18.237561 ], [ -66.675668, -18.232648 ], [ -66.68898, -18.232713 ], [ -66.7032, -18.236768 ], [ -66.721741, -18.245088 ], [ -66.729714, -18.240426 ], [ -66.745394, -18.241114 ], [ -66.748729, -18.232584 ], [ -66.757674, -18.227372 ], [ -66.763717, -18.216413 ], [ -66.757596, -18.206184 ], [ -66.759747, -18.169906 ], [ -66.767525, -18.165772 ], [ -66.779071, -18.149954 ], [ -66.785232, -18.135654 ], [ -66.815717, -18.111317 ], [ -66.823178, -18.092458 ], [ -66.832638, -18.080215 ], [ -66.832284, -18.063301 ], [ -66.841427, -18.05169 ], [ -66.826996, -18.036957 ], [ -66.822498, -18.02588 ], [ -66.801217, -18.003702 ], [ -66.788416, -17.988194 ], [ -66.78142, -17.984636 ], [ -66.748222, -17.952942 ], [ -66.742792, -17.945384 ], [ -66.737937, -17.939663 ], [ -66.715131, -17.900097 ], [ -66.713636, -17.88462 ], [ -66.721643, -17.872518 ], [ -66.722694, -17.847603 ], [ -66.730802, -17.840517 ], [ -66.74707, -17.837699 ], [ -66.756985, -17.824963 ], [ -66.762895, -17.805502 ], [ -66.770797, -17.793329 ], [ -66.771992, -17.781834 ], [ -66.795654, -17.781761 ], [ -66.79673, -17.776714 ], [ -66.815699, -17.756659 ], [ -66.821607, -17.737336 ], [ -66.834516, -17.726398 ], [ -66.851303, -17.719071 ], [ -66.86079, -17.712618 ], [ -66.86968, -17.701744 ], [ -66.871393, -17.692497 ], [ -66.877215, -17.689626 ], [ -66.879032, -17.67887 ], [ -66.891957, -17.666055 ], [ -66.887564, -17.639181 ], [ -66.872366, -17.624761 ], [ -66.872752, -17.61727 ], [ -66.885998, -17.599686 ], [ -66.899889, -17.590502 ], [ -66.936486, -17.610943 ], [ -66.970866, -17.619882 ], [ -67.006845, -17.63193 ], [ -67.014002, -17.618155 ], [ -67.03579, -17.606875 ], [ -67.041434, -17.602255 ], [ -67.050971, -17.587689 ], [ -67.021302, -17.538994 ], [ -67.019819, -17.528137 ], [ -67.026115, -17.511938 ], [ -67.035978, -17.50024 ], [ -67.049828, -17.49573 ], [ -67.058985, -17.475988 ], [ -67.067371, -17.470103 ], [ -67.077386, -17.469985 ], [ -67.087705, -17.466012 ], [ -67.12452, -17.465369 ], [ -67.13593, -17.454273 ], [ -67.150947, -17.449353 ], [ -67.156582, -17.441274 ], [ -67.171246, -17.43273 ], [ -67.19028, -17.41671 ], [ -67.186944, -17.40737 ], [ -67.187596, -17.378315 ] ], [ [ -67.088452, -18.459974 ], [ -67.076332, -18.449283 ], [ -67.059486, -18.450757 ], [ -67.05272, -18.451824 ], [ -67.049013, -18.463991 ], [ -67.058423, -18.478577 ], [ -67.060154, -18.493975 ], [ -67.058002, -18.504301 ], [ -67.062012, -18.513561 ], [ -67.068382, -18.517825 ], [ -67.068145, -18.528406 ], [ -67.072733, -18.539463 ], [ -67.083834, -18.545615 ], [ -67.091232, -18.564822 ], [ -67.093767, -18.588287 ], [ -67.093254, -18.612836 ], [ -67.090461, -18.61743 ], [ -67.100451, -18.624518 ], [ -67.098381, -18.632351 ], [ -67.10009, -18.645283 ], [ -67.105193, -18.653012 ], [ -67.101985, -18.676186 ], [ -67.083919, -18.672509 ], [ -67.068082, -18.663604 ], [ -67.060017, -18.66618 ], [ -67.040042, -18.680611 ], [ -67.015249, -18.702922 ], [ -67.004098, -18.715515 ], [ -66.994872, -18.72997 ], [ -66.991037, -18.743119 ], [ -66.980989, -18.762222 ], [ -66.973324, -18.804931 ], [ -66.970504, -18.826907 ], [ -66.959557, -18.854878 ], [ -66.935446, -18.90588 ], [ -66.914575, -18.933614 ], [ -66.895687, -18.947165 ], [ -66.870396, -18.963329 ], [ -66.86359, -18.971551 ], [ -66.861133, -18.981331 ], [ -66.862856, -19.037443 ], [ -66.870318, -19.054105 ], [ -66.877952, -19.0607 ], [ -66.889821, -19.083083 ], [ -66.890893, -19.098109 ], [ -66.898191, -19.111944 ], [ -66.915494, -19.137051 ], [ -66.920522, -19.139494 ], [ -66.923826, -19.147635 ], [ -66.933892, -19.14622 ], [ -66.936376, -19.153728 ], [ -66.965152, -19.163152 ], [ -66.970516, -19.160897 ], [ -66.983973, -19.164791 ], [ -66.987492, -19.172049 ], [ -66.997993, -19.180527 ], [ -66.999312, -19.19049 ], [ -67.009991, -19.190865 ], [ -67.013716, -19.195399 ], [ -67.025116, -19.187683 ], [ -67.014709, -19.174099 ], [ -67.025754, -19.163313 ], [ -67.042156, -19.152203 ], [ -67.051114, -19.140544 ], [ -67.053245, -19.125893 ], [ -67.05154, -19.101344 ], [ -67.053052, -19.090349 ], [ -67.050345, -19.081211 ], [ -67.059839, -19.065846 ], [ -67.056954, -19.04771 ], [ -67.06425, -19.034662 ], [ -67.074168, -19.027085 ], [ -67.081233, -19.015275 ], [ -67.080479, -19.008037 ], [ -67.069431, -18.99233 ], [ -67.070693, -18.967816 ], [ -67.068951, -18.954209 ], [ -67.087484, -18.92662 ], [ -67.079701, -18.917954 ], [ -67.062073, -18.909591 ], [ -67.065196, -18.900615 ], [ -67.084885, -18.883188 ], [ -67.092181, -18.874431 ], [ -67.126441, -18.861145 ], [ -67.146219, -18.848762 ], [ -67.164671, -18.84085 ], [ -67.18808, -18.819879 ], [ -67.198326, -18.813962 ], [ -67.2076, -18.803144 ], [ -67.208389, -18.792557 ], [ -67.181343, -18.778947 ], [ -67.168302, -18.77633 ], [ -67.153901, -18.767257 ], [ -67.120909, -18.750203 ], [ -67.130427, -18.737931 ], [ -67.141511, -18.717048 ], [ -67.164852, -18.698848 ], [ -67.171072, -18.683804 ], [ -67.17845, -18.679611 ], [ -67.193082, -18.679198 ], [ -67.197016, -18.664669 ], [ -67.208097, -18.663397 ], [ -67.222397, -18.672476 ], [ -67.229759, -18.670622 ], [ -67.244775, -18.661356 ], [ -67.260733, -18.645347 ], [ -67.266423, -18.632884 ], [ -67.261784, -18.620719 ], [ -67.266443, -18.614391 ], [ -67.263797, -18.598356 ], [ -67.242572, -18.577855 ], [ -67.218652, -18.562821 ], [ -67.209556, -18.560695 ], [ -67.197653, -18.551309 ], [ -67.172272, -18.550425 ], [ -67.159998, -18.5443 ], [ -67.147148, -18.529121 ], [ -67.143022, -18.519232 ], [ -67.126869, -18.505358 ], [ -67.129788, -18.478248 ], [ -67.113546, -18.455595 ], [ -67.102038, -18.452738 ], [ -67.088452, -18.459974 ] ], [ [ -67.082218, -18.042035 ], [ -67.073603, -18.039939 ], [ -67.069634, -18.045405 ], [ -67.057553, -18.056559 ], [ -67.047021, -18.076508 ], [ -67.054714, -18.087471 ], [ -67.070802, -18.118831 ], [ -67.071469, -18.126392 ], [ -67.078067, -18.134824 ], [ -67.073808, -18.149324 ], [ -67.08039, -18.160147 ], [ -67.083529, -18.17898 ], [ -67.095694, -18.187286 ], [ -67.109676, -18.179249 ], [ -67.113629, -18.169775 ], [ -67.125735, -18.16429 ], [ -67.1324, -18.150184 ], [ -67.132717, -18.142663 ], [ -67.126917, -18.123818 ], [ -67.130219, -18.109498 ], [ -67.136537, -18.098276 ], [ -67.133071, -18.083316 ], [ -67.13717, -18.073854 ], [ -67.155792, -18.066443 ], [ -67.16189, -18.074867 ], [ -67.167915, -18.072295 ], [ -67.168233, -18.055523 ], [ -67.156683, -18.04776 ], [ -67.145044, -18.048421 ], [ -67.135939, -18.03964 ], [ -67.129238, -18.041118 ], [ -67.11931, -18.035754 ], [ -67.108664, -18.035169 ], [ -67.106008, -18.026263 ], [ -67.098236, -18.027256 ], [ -67.093237, -18.039003 ], [ -67.080253, -18.053884 ], [ -67.082218, -18.042035 ] ] ] ] } },
{ "type": "Feature", "properties": { "idep": "05", "nombre_dep": "Potosí" }, "geometry": { "type": "MultiPolygon", "coordinates": [ [ [ [ -68.075899, -20.478354 ], [ -68.06402, -20.475138 ], [ -68.053093, -20.468815 ], [ -68.040509, -20.466009 ], [ -68.034822, -20.455446 ], [ -68.051685, -20.450565 ], [ -68.056681, -20.445435 ], [ -68.068418, -20.43891 ], [ -68.076885, -20.443126 ], [ -68.096434, -20.43864 ], [ -68.101819, -20.458023 ], [ -68.099798, -20.475397 ], [ -68.09466, -20.478962 ], [ -68.075899, -20.478354 ] ] ], [ [ [ -68.241178, -20.366969 ], [ -68.251372, -20.365473 ], [ -68.251711, -20.378417 ], [ -68.243619, -20.389253 ], [ -68.235029, -20.381018 ], [ -68.241178, -20.366969 ] ] ], [ [ [ -68.00768, -20.332902 ], [ -68.020013, -20.339126 ], [ -68.021183, -20.319049 ], [ -68.009697, -20.317091 ], [ -68.019698, -20.306886 ], [ -68.040329, -20.30725 ], [ -68.044949, -20.295446 ], [ -68.042576, -20.287719 ], [ -68.046034, -20.282184 ], [ -68.060889, -20.286069 ], [ -68.054239, -20.307469 ], [ -68.062537, -20.318325 ], [ -68.058654, -20.341587 ], [ -68.041549, -20.351644 ], [ -68.027588, -20.342036 ], [ -68.021198, -20.344508 ], [ -68.007463, -20.338686 ], [ -67.995562, -20.323904 ], [ -67.996966, -20.307844 ], [ -67.992252, -20.292171 ], [ -68.000071, -20.285833 ], [ -68.002989, -20.309674 ], [ -68.011403, -20.322973 ], [ -68.00768, -20.332902 ] ] ], [ [ [ -68.064012, -20.256609 ], [ -68.068819, -20.270573 ], [ -68.061452, -20.276308 ], [ -68.053377, -20.257548 ], [ -68.064012, -20.256609 ] ] ], [ [ [ -67.936407, -20.200346 ], [ -67.944874, -20.206934 ], [ -67.938869, -20.21307 ], [ -67.931551, -20.206798 ], [ -67.936407, -20.200346 ] ] ], [ [ [ -67.886395, -20.18615 ], [ -67.869701, -20.190055 ], [ -67.880602, -20.180304 ], [ -67.886395, -20.18615 ] ] ], [ [ [ -68.184063, -19.972509 ], [ -68.186978, -19.969615 ], [ -68.203178, -19.971387 ], [ -68.198735, -19.979649 ], [ -68.187194, -19.983648 ], [ -68.178911, -19.982174 ], [ -68.184063, -19.972509 ] ] ], [ [ [ -67.764916, -20.372054 ], [ -67.769823, -20.391458 ], [ -67.773462, -20.397253 ], [ -67.762146, -20.400412 ], [ -67.746861, -20.391526 ], [ -67.740799, -20.384058 ], [ -67.743401, -20.372004 ], [ -67.758874, -20.361209 ], [ -67.764726, -20.36193 ], [ -67.764916, -20.372054 ] ] ], [ [ [ -66.100731, -19.174485 ], [ -66.104082, -19.181236 ], [ -66.118947, -19.196859 ], [ -66.12946, -19.222605 ], [ -66.125265, -19.237345 ], [ -66.130149, -19.245575 ], [ -66.139088, -19.245314 ], [ -66.152434, -19.234457 ], [ -66.161392, -19.233736 ], [ -66.180681, -19.242291 ], [ -66.188859, -19.24208 ], [ -66.201841, -19.252754 ], [ -66.217061, -19.256503 ], [ -66.221292, -19.262057 ], [ -66.222821, -19.274264 ], [ -66.229117, -19.286223 ], [ -66.253403, -19.298678 ], [ -66.272118, -19.30323 ], [ -66.271057, -19.314096 ], [ -66.276551, -19.317057 ], [ -66.284288, -19.328569 ], [ -66.304025, -19.370576 ], [ -66.335831, -19.415416 ], [ -66.356881, -19.453672 ], [ -66.390298, -19.457575 ], [ -66.429137, -19.406254 ], [ -66.460273, -19.380772 ], [ -66.50208, -19.359904 ], [ -66.54577, -19.386246 ], [ -66.56355, -19.398735 ], [ -66.575566, -19.401278 ], [ -66.583954, -19.420992 ], [ -66.590581, -19.42615 ], [ -66.602942, -19.427683 ], [ -66.621368, -19.425574 ], [ -66.6391, -19.427258 ], [ -66.6546, -19.432295 ], [ -66.66166, -19.430115 ], [ -66.67997, -19.444384 ], [ -66.699762, -19.448414 ], [ -66.708904, -19.446322 ], [ -66.726421, -19.43729 ], [ -66.734918, -19.429252 ], [ -66.741302, -19.436925 ], [ -66.75049, -19.436813 ], [ -66.7533, -19.431389 ], [ -66.766561, -19.429373 ], [ -66.788119, -19.433494 ], [ -66.808019, -19.450399 ], [ -66.814381, -19.449365 ], [ -66.825679, -19.455129 ], [ -66.84525, -19.45472 ], [ -66.850145, -19.447473 ], [ -66.856589, -19.447411 ], [ -66.864142, -19.43895 ], [ -66.870341, -19.437488 ], [ -66.88086, -19.421991 ], [ -66.881732, -19.41362 ], [ -66.901121, -19.407724 ], [ -66.922954, -19.393379 ], [ -66.94014, -19.378594 ], [ -66.956574, -19.367884 ], [ -66.9865, -19.373468 ], [ -66.99541, -19.379534 ], [ -67.002456, -19.379274 ], [ -67.013137, -19.370845 ], [ -67.026069, -19.369805 ], [ -67.036994, -19.37484 ], [ -67.041595, -19.380796 ], [ -67.067181, -19.37267 ], [ -67.074601, -19.360332 ], [ -67.085491, -19.358213 ], [ -67.08923, -19.375556 ], [ -67.100998, -19.394855 ], [ -67.105841, -19.40643 ], [ -67.113415, -19.412259 ], [ -67.141966, -19.419933 ], [ -67.161888, -19.437778 ], [ -67.172671, -19.443474 ], [ -67.192295, -19.449551 ], [ -67.209438, -19.446278 ], [ -67.224076, -19.442579 ], [ -67.234377, -19.436253 ], [ -67.264085, -19.428679 ], [ -67.269906, -19.434701 ], [ -67.259179, -19.44928 ], [ -67.256265, -19.463772 ], [ -67.243747, -19.472041 ], [ -67.23523, -19.4809 ], [ -67.225838, -19.48393 ], [ -67.225362, -19.491105 ], [ -67.236044, -19.50792 ], [ -67.229472, -19.51336 ], [ -67.230729, -19.519479 ], [ -67.22687, -19.532837 ], [ -67.229753, -19.536239 ], [ -67.218286, -19.559318 ], [ -67.23092, -19.567202 ], [ -67.231724, -19.584265 ], [ -67.209063, -19.601841 ], [ -67.203529, -19.614659 ], [ -67.207836, -19.616689 ], [ -67.212579, -19.642623 ], [ -67.207421, -19.657579 ], [ -67.206631, -19.670837 ], [ -67.21387, -19.681798 ], [ -67.227351, -19.690278 ], [ -67.243049, -19.69112 ], [ -67.256571, -19.699293 ], [ -67.257208, -19.714384 ], [ -67.265017, -19.726131 ], [ -67.274795, -19.750371 ], [ -67.290997, -19.765166 ], [ -67.277401, -19.769405 ], [ -67.27484, -19.779201 ], [ -67.264143, -19.778789 ], [ -67.241404, -19.790616 ], [ -67.229883, -19.802938 ], [ -67.219529, -19.830861 ], [ -67.220774, -19.850039 ], [ -67.211392, -19.858564 ], [ -67.20035, -19.862161 ], [ -67.194726, -19.86981 ], [ -67.191215, -19.890284 ], [ -67.181437, -19.909431 ], [ -67.182665, -19.913888 ], [ -67.174533, -19.93082 ], [ -67.175108, -19.950773 ], [ -67.179121, -19.955594 ], [ -67.17616, -19.963872 ], [ -67.181743, -19.966937 ], [ -67.181058, -19.97541 ], [ -67.184185, -19.994405 ], [ -67.190528, -19.997548 ], [ -67.182475, -20.006089 ], [ -67.170142, -19.99865 ], [ -67.161573, -19.997229 ], [ -67.152467, -20.013812 ], [ -67.150151, -20.03803 ], [ -67.140397, -20.046372 ], [ -67.144349, -20.058358 ], [ -67.153542, -20.07326 ], [ -67.153226, -20.079466 ], [ -67.160278, -20.098047 ], [ -67.167773, -20.129994 ], [ -67.15508, -20.156303 ], [ -67.142675, -20.164947 ], [ -67.135337, -20.174855 ], [ -67.115288, -20.187257 ], [ -67.110455, -20.195722 ], [ -67.0975, -20.210134 ], [ -67.085395, -20.21847 ], [ -67.063309, -20.225844 ], [ -67.034604, -20.227849 ], [ -67.018532, -20.238241 ], [ -67.010526, -20.252594 ], [ -67.010729, -20.266609 ], [ -66.997093, -20.289593 ], [ -66.991343, -20.293453 ], [ -66.980951, -20.31262 ], [ -66.967227, -20.327968 ], [ -66.926702, -20.357036 ], [ -66.92112, -20.364465 ], [ -66.916767, -20.378453 ], [ -66.909433, -20.391744 ], [ -66.920101, -20.398186 ], [ -66.939284, -20.403149 ], [ -66.954369, -20.403097 ], [ -66.965415, -20.394401 ], [ -66.976275, -20.399404 ], [ -66.9896, -20.401008 ], [ -66.98479, -20.412783 ], [ -66.995513, -20.426092 ], [ -66.997758, -20.432627 ], [ -67.018014, -20.435854 ], [ -67.030036, -20.448328 ], [ -67.03874, -20.451992 ], [ -67.046591, -20.462882 ], [ -67.053821, -20.477842 ], [ -67.075212, -20.482409 ], [ -67.082086, -20.495654 ], [ -67.089361, -20.486857 ], [ -67.105197, -20.482426 ], [ -67.099572, -20.513699 ], [ -67.104095, -20.525642 ], [ -67.104158, -20.536476 ], [ -67.109418, -20.543555 ], [ -67.115017, -20.561574 ], [ -67.116309, -20.57289 ], [ -67.103975, -20.573566 ], [ -67.099608, -20.580828 ], [ -67.108767, -20.585956 ], [ -67.118805, -20.578558 ], [ -67.130541, -20.604115 ], [ -67.128407, -20.610239 ], [ -67.119427, -20.610883 ], [ -67.106223, -20.625037 ], [ -67.10236, -20.632192 ], [ -67.115976, -20.640839 ], [ -67.123563, -20.628918 ], [ -67.131421, -20.63083 ], [ -67.156066, -20.624672 ], [ -67.193776, -20.624618 ], [ -67.21002, -20.633422 ], [ -67.227148, -20.634005 ], [ -67.233347, -20.629034 ], [ -67.232395, -20.620306 ], [ -67.246622, -20.616991 ], [ -67.261992, -20.622911 ], [ -67.267487, -20.635 ], [ -67.292703, -20.65139 ], [ -67.279973, -20.665973 ], [ -67.286918, -20.676321 ], [ -67.310437, -20.689175 ], [ -67.306196, -20.696664 ], [ -67.320712, -20.70793 ], [ -67.32157, -20.716938 ], [ -67.330224, -20.721428 ], [ -67.345067, -20.713754 ], [ -67.351141, -20.706938 ], [ -67.369154, -20.710477 ], [ -67.402125, -20.693937 ], [ -67.41863, -20.691939 ], [ -67.440194, -20.679371 ], [ -67.450359, -20.677506 ], [ -67.459615, -20.670475 ], [ -67.468664, -20.667915 ], [ -67.480665, -20.668795 ], [ -67.479321, -20.659718 ], [ -67.490091, -20.650639 ], [ -67.50886, -20.646642 ], [ -67.541206, -20.621884 ], [ -67.551338, -20.610264 ], [ -67.556291, -20.599639 ], [ -67.563533, -20.593113 ], [ -67.567021, -20.58163 ], [ -67.578564, -20.555715 ], [ -67.603943, -20.529005 ], [ -67.611257, -20.515407 ], [ -67.623589, -20.504585 ], [ -67.642392, -20.47761 ], [ -67.690814, -20.433858 ], [ -67.699952, -20.422403 ], [ -67.702136, -20.40667 ], [ -67.727194, -20.385367 ], [ -67.735685, -20.398717 ], [ -67.743557, -20.400577 ], [ -67.748606, -20.411785 ], [ -67.747162, -20.431059 ], [ -67.750706, -20.440636 ], [ -67.757266, -20.444918 ], [ -67.754969, -20.453593 ], [ -67.759977, -20.466219 ], [ -67.763074, -20.484543 ], [ -67.777468, -20.501506 ], [ -67.77379, -20.510192 ], [ -67.785234, -20.516362 ], [ -67.789458, -20.534129 ], [ -67.805671, -20.538567 ], [ -67.802211, -20.529126 ], [ -67.789685, -20.525181 ], [ -67.792332, -20.516061 ], [ -67.804156, -20.521227 ], [ -67.805061, -20.513247 ], [ -67.827891, -20.515779 ], [ -67.839719, -20.513782 ], [ -67.858133, -20.51527 ], [ -67.863419, -20.513079 ], [ -67.8731, -20.4937 ], [ -67.870363, -20.480147 ], [ -67.872686, -20.460011 ], [ -67.861195, -20.43897 ], [ -67.85847, -20.423119 ], [ -67.851899, -20.407185 ], [ -67.8551, -20.39958 ], [ -67.850739, -20.383107 ], [ -67.838877, -20.362798 ], [ -67.838559, -20.346116 ], [ -67.855536, -20.323136 ], [ -67.865854, -20.323325 ], [ -67.877982, -20.31673 ], [ -67.881036, -20.304533 ], [ -67.88909, -20.306692 ], [ -67.894854, -20.297146 ], [ -67.8953, -20.288836 ], [ -67.900778, -20.279814 ], [ -67.900313, -20.264655 ], [ -67.914573, -20.248666 ], [ -67.917643, -20.238148 ], [ -67.928744, -20.221332 ], [ -67.939717, -20.225586 ], [ -67.939262, -20.237496 ], [ -67.95266, -20.248904 ], [ -67.959988, -20.234671 ], [ -67.974365, -20.238006 ], [ -67.97883, -20.261888 ], [ -67.975045, -20.265975 ], [ -67.975607, -20.279913 ], [ -67.984604, -20.27628 ], [ -67.985764, -20.298751 ], [ -67.993075, -20.310611 ], [ -67.991281, -20.329047 ], [ -67.987423, -20.337081 ], [ -67.992693, -20.361917 ], [ -68.000555, -20.365079 ], [ -68.001744, -20.372584 ], [ -67.992575, -20.385176 ], [ -67.990512, -20.40775 ], [ -67.998214, -20.413937 ], [ -68.012816, -20.407254 ], [ -68.024821, -20.406375 ], [ -68.027148, -20.417803 ], [ -68.022021, -20.420349 ], [ -68.024435, -20.441208 ], [ -68.028171, -20.449457 ], [ -68.032084, -20.474283 ], [ -68.022001, -20.498635 ], [ -68.025076, -20.519311 ], [ -68.037658, -20.539799 ], [ -68.064634, -20.555362 ], [ -68.076182, -20.555256 ], [ -68.099967, -20.550702 ], [ -68.127132, -20.540539 ], [ -68.148959, -20.537716 ], [ -68.171155, -20.537869 ], [ -68.186398, -20.541506 ], [ -68.207614, -20.538099 ], [ -68.225902, -20.523638 ], [ -68.233169, -20.512569 ], [ -68.234359, -20.47564 ], [ -68.2424, -20.473719 ], [ -68.248198, -20.463356 ], [ -68.241837, -20.45894 ], [ -68.240227, -20.448091 ], [ -68.242796, -20.426106 ], [ -68.253398, -20.417876 ], [ -68.248724, -20.408734 ], [ -68.263959, -20.392277 ], [ -68.271883, -20.380459 ], [ -68.260029, -20.370773 ], [ -68.264425, -20.360567 ], [ -68.26027, -20.349765 ], [ -68.274918, -20.32792 ], [ -68.263278, -20.32151 ], [ -68.264066, -20.303917 ], [ -68.261732, -20.299655 ], [ -68.235358, -20.287225 ], [ -68.229742, -20.264164 ], [ -68.232656, -20.251847 ], [ -68.22358, -20.230745 ], [ -68.226253, -20.217189 ], [ -68.217784, -20.203999 ], [ -68.219306, -20.190636 ], [ -68.214518, -20.180263 ], [ -68.218857, -20.172622 ], [ -68.214078, -20.157988 ], [ -68.200085, -20.153102 ], [ -68.18732, -20.142611 ], [ -68.178036, -20.138118 ], [ -68.164028, -20.137291 ], [ -68.164169, -20.129326 ], [ -68.186784, -20.126396 ], [ -68.201393, -20.11798 ], [ -68.216859, -20.112636 ], [ -68.22252, -20.096977 ], [ -68.217089, -20.092967 ], [ -68.207236, -20.096357 ], [ -68.195868, -20.084466 ], [ -68.197562, -20.078458 ], [ -68.210876, -20.065373 ], [ -68.207439, -20.051067 ], [ -68.200715, -20.049836 ], [ -68.198615, -20.040226 ], [ -68.205329, -20.029103 ], [ -68.205739, -20.020684 ], [ -68.187192, -20.032985 ], [ -68.192342, -20.018964 ], [ -68.190594, -20.014875 ], [ -68.197723, -19.995062 ], [ -68.203983, -19.993924 ], [ -68.20615, -19.978821 ], [ -68.21483, -19.963907 ], [ -68.232289, -19.948186 ], [ -68.235019, -19.940241 ], [ -68.231502, -19.930163 ], [ -68.217914, -19.927728 ], [ -68.205284, -19.918229 ], [ -68.199548, -19.905434 ], [ -68.181649, -19.902254 ], [ -68.177525, -19.895188 ], [ -68.182398, -19.881181 ], [ -68.175035, -19.882554 ], [ -68.164605, -19.865444 ], [ -68.146133, -19.860288 ], [ -68.141479, -19.849554 ], [ -68.128362, -19.838835 ], [ -68.10484, -19.832731 ], [ -68.110611, -19.817947 ], [ -68.10056, -19.800743 ], [ -68.084025, -19.788267 ], [ -68.061029, -19.781876 ], [ -68.048209, -19.785241 ], [ -68.029088, -19.780394 ], [ -68.004765, -19.786323 ], [ -67.981652, -19.807549 ], [ -67.977526, -19.816434 ], [ -67.962399, -19.8292 ], [ -67.949213, -19.817648 ], [ -67.932789, -19.81073 ], [ -67.916532, -19.785419 ], [ -67.909601, -19.780174 ], [ -67.894822, -19.787103 ], [ -67.881605, -19.789812 ], [ -67.877907, -19.797503 ], [ -67.863683, -19.805088 ], [ -67.852249, -19.818695 ], [ -67.839219, -19.822028 ], [ -67.834168, -19.833941 ], [ -67.827795, -19.822866 ], [ -67.814104, -19.825263 ], [ -67.801761, -19.823265 ], [ -67.79772, -19.831883 ], [ -67.786436, -19.840604 ], [ -67.777347, -19.844234 ], [ -67.760899, -19.864681 ], [ -67.763609, -19.86865 ], [ -67.757447, -19.882556 ], [ -67.760472, -19.886095 ], [ -67.758994, -19.899289 ], [ -67.752685, -19.902094 ], [ -67.745221, -19.912284 ], [ -67.753806, -19.92496 ], [ -67.74692, -19.933411 ], [ -67.726066, -19.914683 ], [ -67.71341, -19.908796 ], [ -67.706351, -19.90157 ], [ -67.682744, -19.908434 ], [ -67.671002, -19.905364 ], [ -67.660035, -19.91071 ], [ -67.635428, -19.906709 ], [ -67.592591, -19.905229 ], [ -67.580212, -19.891335 ], [ -67.571299, -19.88671 ], [ -67.580209, -19.874988 ], [ -67.59906, -19.871553 ], [ -67.635208, -19.846487 ], [ -67.646225, -19.842144 ], [ -67.664396, -19.838576 ], [ -67.677544, -19.830453 ], [ -67.714546, -19.811976 ], [ -67.720476, -19.826729 ], [ -67.738182, -19.830298 ], [ -67.758602, -19.805917 ], [ -67.785888, -19.808002 ], [ -67.803049, -19.8111 ], [ -67.821676, -19.809597 ], [ -67.845637, -19.796472 ], [ -67.860508, -19.772533 ], [ -67.876426, -19.761882 ], [ -67.899364, -19.757145 ], [ -67.914443, -19.743142 ], [ -67.935308, -19.73378 ], [ -67.959479, -19.729404 ], [ -67.971353, -19.707877 ], [ -67.989517, -19.687017 ], [ -68.024446, -19.634021 ], [ -68.03188, -19.622283 ], [ -68.042204, -19.618353 ], [ -68.054963, -19.608941 ], [ -68.061008, -19.595098 ], [ -68.078488, -19.587557 ], [ -68.088142, -19.576417 ], [ -68.095, -19.590498 ], [ -68.107274, -19.588025 ], [ -68.115301, -19.596241 ], [ -68.125265, -19.597007 ], [ -68.129924, -19.602079 ], [ -68.14112, -19.603051 ], [ -68.155521, -19.610808 ], [ -68.166518, -19.610633 ], [ -68.177688, -19.598555 ], [ -68.198482, -19.596373 ], [ -68.207177, -19.582554 ], [ -68.220542, -19.583712 ], [ -68.229606, -19.578873 ], [ -68.235459, -19.567996 ], [ -68.250424, -19.563152 ], [ -68.273977, -19.551791 ], [ -68.28503, -19.550448 ], [ -68.296222, -19.543543 ], [ -68.287857, -19.536051 ], [ -68.291075, -19.526667 ], [ -68.31075, -19.525452 ], [ -68.32181, -19.518393 ], [ -68.338992, -19.516018 ], [ -68.352063, -19.52001 ], [ -68.368579, -19.504001 ], [ -68.38481, -19.492652 ], [ -68.404833, -19.469352 ], [ -68.412636, -19.45126 ], [ -68.411278, -19.440399 ], [ -68.425863, -19.43553 ], [ -68.440631, -19.44039 ], [ -68.556855, -19.5964 ], [ -68.57245, -19.605494 ], [ -68.598752, -19.640672 ], [ -68.604291, -19.666274 ], [ -68.623173, -19.700611 ], [ -68.659425, -19.708805 ], [ -68.683545, -19.719407 ], [ -68.688862, -19.748412 ], [ -68.667316, -19.75212 ], [ -68.651863, -19.772225 ], [ -68.620762, -19.789075 ], [ -68.599337, -19.828035 ], [ -68.528154, -19.845285 ], [ -68.542296, -19.889994 ], [ -68.521615, -19.924266 ], [ -68.551502, -20.021309 ], [ -68.566244, -20.05007 ], [ -68.640416, -20.048864 ], [ -68.692966, -20.068277 ], [ -68.763484, -20.078681 ], [ -68.773873, -20.12969 ], [ -68.761731, -20.13411 ], [ -68.741738, -20.125213 ], [ -68.723477, -20.13531 ], [ -68.70207, -20.14351 ], [ -68.704685, -20.158952 ], [ -68.691704, -20.177214 ], [ -68.713949, -20.195053 ], [ -68.714977, -20.246755 ], [ -68.695019, -20.279054 ], [ -68.692394, -20.295534 ], [ -68.665618, -20.305786 ], [ -68.659367, -20.335493 ], [ -68.710762, -20.366429 ], [ -68.741825, -20.369449 ], [ -68.738742, -20.456789 ], [ -68.666191, -20.516641 ], [ -68.608459, -20.545632 ], [ -68.592842, -20.548566 ], [ -68.57093, -20.575555 ], [ -68.520038, -20.587268 ], [ -68.487347, -20.604989 ], [ -68.448676, -20.624158 ], [ -68.439097, -20.640956 ], [ -68.466987, -20.657918 ], [ -68.481625, -20.66539 ], [ -68.501631, -20.668863 ], [ -68.50318, -20.67603 ], [ -68.526196, -20.696663 ], [ -68.528233, -20.716558 ], [ -68.532125, -20.72289 ], [ -68.551568, -20.728147 ], [ -68.554998, -20.736732 ], [ -68.544694, -20.771555 ], [ -68.541059, -20.801376 ], [ -68.545788, -20.81976 ], [ -68.54957, -20.849277 ], [ -68.554395, -20.864415 ], [ -68.569135, -20.894528 ], [ -68.542952, -20.90367 ], [ -68.528616, -20.91479 ], [ -68.503472, -20.942901 ], [ -68.484372, -20.947012 ], [ -68.4784, -20.940782 ], [ -68.462242, -20.946064 ], [ -68.43614, -20.945697 ], [ -68.415715, -20.941426 ], [ -68.363795, -21.002208 ], [ -68.295057, -21.097819 ], [ -68.178367, -21.303542 ], [ -68.179069, -21.314981 ], [ -68.179447, -21.379258 ], [ -68.180565, -21.604072 ], [ -68.137865, -21.656782 ], [ -68.117917, -21.678598 ], [ -68.100184, -21.716471 ], [ -68.059874, -21.777902 ], [ -68.063071, -21.852793 ], [ -68.07063, -21.961956 ], [ -68.071956, -21.980159 ], [ -68.014771, -22.024011 ], [ -68.007411, -22.039504 ], [ -68.002366, -22.039338 ], [ -67.965161, -22.054143 ], [ -67.966459, -22.071081 ], [ -67.963964, -22.078658 ], [ -67.95448, -22.086546 ], [ -67.939203, -22.108562 ], [ -67.940472, -22.116758 ], [ -67.954134, -22.14898 ], [ -67.957772, -22.151404 ], [ -67.955189, -22.177825 ], [ -67.943552, -22.185271 ], [ -67.934226, -22.205846 ], [ -67.922173, -22.242331 ], [ -67.925708, -22.275919 ], [ -67.938471, -22.294143 ], [ -67.938753, -22.312385 ], [ -67.951382, -22.330443 ], [ -67.922895, -22.392462 ], [ -67.898634, -22.423938 ], [ -67.892875, -22.482198 ], [ -67.89261, -22.499138 ], [ -67.887128, -22.508031 ], [ -67.878336, -22.514017 ], [ -67.853363, -22.557292 ], [ -67.877958, -22.666103 ], [ -67.868348, -22.679029 ], [ -67.869119, -22.691417 ], [ -67.88601, -22.689451 ], [ -67.890905, -22.719119 ], [ -67.878823, -22.800452 ], [ -67.88315, -22.834448 ], [ -67.832543, -22.850437 ], [ -67.799029, -22.881161 ], [ -67.751674, -22.884617 ], [ -67.610083, -22.903924 ], [ -67.587989, -22.906568 ], [ -67.563249, -22.898158 ], [ -67.437734, -22.869854 ], [ -67.35858, -22.852713 ], [ -67.306183, -22.842916 ], [ -67.18051, -22.813975 ], [ -67.127772, -22.722114 ], [ -67.014083, -22.654814 ], [ -67.027275, -22.540883 ], [ -66.972956, -22.540658 ], [ -66.928567, -22.492228 ], [ -66.871022, -22.471847 ], [ -66.801769, -22.447292 ], [ -66.782475, -22.438075 ], [ -66.785158, -22.423881 ], [ -66.784317, -22.401769 ], [ -66.761606, -22.345908 ], [ -66.759628, -22.325397 ], [ -66.739289, -22.238458 ], [ -66.68625, -22.209539 ], [ -66.652489, -22.216422 ], [ -66.638264, -22.225486 ], [ -66.623178, -22.197381 ], [ -66.418356, -22.145953 ], [ -66.356983, -22.132156 ], [ -66.345467, -22.127561 ], [ -66.347522, -22.119591 ], [ -66.331697, -22.11185 ], [ -66.322716, -22.091998 ], [ -66.316899, -22.084498 ], [ -66.307368, -22.093788 ], [ -66.288491, -22.085832 ], [ -66.292963, -22.063622 ], [ -66.283792, -22.050811 ], [ -66.28605, -22.039898 ], [ -66.278092, -22.020658 ], [ -66.279519, -21.992856 ], [ -66.282936, -21.981508 ], [ -66.277733, -21.979069 ], [ -66.272825, -21.954506 ], [ -66.274816, -21.944097 ], [ -66.271165, -21.942679 ], [ -66.258349, -21.916499 ], [ -66.260092, -21.905708 ], [ -66.248851, -21.895274 ], [ -66.247683, -21.876138 ], [ -66.241421, -21.866431 ], [ -66.24031, -21.856381 ], [ -66.235352, -21.850752 ], [ -66.241864, -21.832715 ], [ -66.237013, -21.817587 ], [ -66.242834, -21.793657 ], [ -66.241264, -21.788824 ], [ -66.224981, -21.787775 ], [ -66.22148, -21.781371 ], [ -66.194153, -21.795964 ], [ -66.127319, -21.818075 ], [ -66.076309, -21.834975 ], [ -66.04329, -21.871939 ], [ -66.04819, -21.919017 ], [ -65.924798, -21.93355 ], [ -65.804842, -22.07525 ], [ -65.793563, -22.075272 ], [ -65.77363, -22.095102 ], [ -65.74835, -22.109105 ], [ -65.734761, -22.109146 ], [ -65.724302, -22.106282 ], [ -65.714375, -22.097279 ], [ -65.693594, -22.102752 ], [ -65.68558, -22.109546 ], [ -65.676173, -22.111684 ], [ -65.655529, -22.110776 ], [ -65.65126, -22.105322 ], [ -65.639798, -22.106961 ], [ -65.629323, -22.104247 ], [ -65.619548, -22.09661 ], [ -65.606928, -22.094604 ], [ -65.586051, -22.09767 ], [ -65.584911, -22.090087 ], [ -65.577785, -22.077234 ], [ -65.573114, -22.076508 ], [ -65.484819, -22.09555 ], [ -65.470439, -22.089411 ], [ -65.351158, -22.087617 ], [ -65.186642, -22.08535 ], [ -65.191559, -22.076986 ], [ -65.187901, -22.054171 ], [ -65.180867, -22.024201 ], [ -65.185002, -22.01309 ], [ -65.200739, -22.011745 ], [ -65.216826, -21.995927 ], [ -65.229974, -21.993001 ], [ -65.245712, -21.979766 ], [ -65.265399, -21.970178 ], [ -65.276107, -21.971105 ], [ -65.295686, -21.97783 ], [ -65.313639, -21.975025 ], [ -65.334882, -21.965413 ], [ -65.355135, -21.949601 ], [ -65.373474, -21.941346 ], [ -65.387092, -21.933015 ], [ -65.408977, -21.915095 ], [ -65.417152, -21.897017 ], [ -65.416948, -21.883003 ], [ -65.401769, -21.88221 ], [ -65.396704, -21.879298 ], [ -65.392798, -21.863955 ], [ -65.389499, -21.861853 ], [ -65.3907, -21.846727 ], [ -65.382013, -21.836704 ], [ -65.371859, -21.840417 ], [ -65.358908, -21.839432 ], [ -65.347855, -21.824861 ], [ -65.347841, -21.812203 ], [ -65.337781, -21.807393 ], [ -65.33388, -21.789205 ], [ -65.327438, -21.784265 ], [ -65.329516, -21.776841 ], [ -65.319442, -21.763629 ], [ -65.323553, -21.755531 ], [ -65.315827, -21.747528 ], [ -65.31386, -21.730944 ], [ -65.302321, -21.733326 ], [ -65.292158, -21.73075 ], [ -65.300213, -21.721376 ], [ -65.302115, -21.709459 ], [ -65.307343, -21.705155 ], [ -65.301892, -21.695402 ], [ -65.297133, -21.676129 ], [ -65.277539, -21.658639 ], [ -65.261626, -21.630356 ], [ -65.266308, -21.621283 ], [ -65.264319, -21.609547 ], [ -65.254976, -21.597705 ], [ -65.252013, -21.588834 ], [ -65.252786, -21.575356 ], [ -65.246037, -21.571164 ], [ -65.245153, -21.553393 ], [ -65.251969, -21.545109 ], [ -65.245815, -21.541418 ], [ -65.248136, -21.533256 ], [ -65.245042, -21.524992 ], [ -65.251557, -21.513878 ], [ -65.245376, -21.505909 ], [ -65.247071, -21.489115 ], [ -65.249813, -21.482379 ], [ -65.255204, -21.480563 ], [ -65.264975, -21.489017 ], [ -65.284798, -21.493877 ], [ -65.30636, -21.48331 ], [ -65.311672, -21.485804 ], [ -65.320114, -21.517323 ], [ -65.327934, -21.509626 ], [ -65.353417, -21.500766 ], [ -65.387706, -21.516353 ], [ -65.399904, -21.505832 ], [ -65.401432, -21.490382 ], [ -65.398436, -21.480294 ], [ -65.401151, -21.466209 ], [ -65.39846, -21.454912 ], [ -65.404679, -21.451433 ], [ -65.409184, -21.43548 ], [ -65.414978, -21.42983 ], [ -65.437089, -21.426541 ], [ -65.434069, -21.403645 ], [ -65.435913, -21.394234 ], [ -65.43289, -21.368225 ], [ -65.429431, -21.361526 ], [ -65.437213, -21.348148 ], [ -65.430394, -21.321693 ], [ -65.433259, -21.28905 ], [ -65.435998, -21.281121 ], [ -65.433704, -21.259713 ], [ -65.44112, -21.211401 ], [ -65.441657, -21.181074 ], [ -65.438503, -21.18241 ], [ -65.418264, -21.170719 ], [ -65.409272, -21.17129 ], [ -65.402458, -21.160264 ], [ -65.408513, -21.122166 ], [ -65.418592, -21.095827 ], [ -65.420608, -21.061266 ], [ -65.4086, -21.026592 ], [ -65.399907, -21.00692 ], [ -65.39831, -20.970079 ], [ -65.401051, -20.947097 ], [ -65.390735, -20.897605 ], [ -65.39071, -20.897561 ], [ -65.394751, -20.893174 ], [ -65.394705, -20.892137 ], [ -65.394365, -20.891346 ], [ -65.393746, -20.890831 ], [ -65.39294, -20.890477 ], [ -65.391993, -20.890321 ], [ -65.391298, -20.889757 ], [ -65.390639, -20.88862 ], [ -65.390197, -20.887666 ], [ -65.389459, -20.887416 ], [ -65.388794, -20.887177 ], [ -65.387904, -20.886195 ], [ -65.387156, -20.885833 ], [ -65.386967, -20.885555 ], [ -65.386915, -20.885448 ], [ -65.386851, -20.885031 ], [ -65.386583, -20.884981 ], [ -65.386008, -20.885154 ], [ -65.385737, -20.88538 ], [ -65.385539, -20.885433 ], [ -65.385148, -20.885281 ], [ -65.384734, -20.884692 ], [ -65.383992, -20.88324 ], [ -65.383547, -20.882612 ], [ -65.383031, -20.882283 ], [ -65.382264, -20.882156 ], [ -65.381974, -20.881903 ], [ -65.380508, -20.880479 ], [ -65.380249, -20.876381 ], [ -65.379437, -20.874951 ], [ -65.378722, -20.874758 ], [ -65.377782, -20.873995 ], [ -65.377605, -20.872438 ], [ -65.377679, -20.871813 ], [ -65.37709, -20.871244 ], [ -65.376773, -20.870503 ], [ -65.376797, -20.870086 ], [ -65.376432, -20.869533 ], [ -65.373456, -20.867881 ], [ -65.373074, -20.867832 ], [ -65.37241, -20.868038 ], [ -65.371433, -20.868321 ], [ -65.371241, -20.868285 ], [ -65.37111, -20.868236 ], [ -65.370756, -20.868332 ], [ -65.37068, -20.868658 ], [ -65.370593, -20.868955 ], [ -65.370503, -20.869038 ], [ -65.370137, -20.868848 ], [ -65.369718, -20.867964 ], [ -65.368253, -20.867892 ], [ -65.366328, -20.870014 ], [ -65.36561, -20.870418 ], [ -65.365114, -20.870447 ], [ -65.364514, -20.870562 ], [ -65.363726, -20.870896 ], [ -65.363325, -20.871109 ], [ -65.362456, -20.871731 ], [ -65.361262, -20.87173 ], [ -65.360873, -20.871602 ], [ -65.360719, -20.871489 ], [ -65.359948, -20.870965 ], [ -65.359685, -20.871007 ], [ -65.359362, -20.871164 ], [ -65.359069, -20.872159 ], [ -65.357911, -20.872883 ], [ -65.356658, -20.873371 ], [ -65.355293, -20.873385 ], [ -65.354929, -20.873185 ], [ -65.354391, -20.873163 ], [ -65.354134, -20.873301 ], [ -65.353752, -20.872924 ], [ -65.353579, -20.872577 ], [ -65.35347, -20.871992 ], [ -65.353376, -20.871688 ], [ -65.353352, -20.87156 ], [ -65.353123, -20.871159 ], [ -65.352599, -20.870829 ], [ -65.352423, -20.870774 ], [ -65.3523, -20.870624 ], [ -65.352147, -20.870103 ], [ -65.352129, -20.86991 ], [ -65.352027, -20.869395 ], [ -65.352013, -20.869008 ], [ -65.352064, -20.867865 ], [ -65.352075, -20.867578 ], [ -65.352139, -20.867319 ], [ -65.352231, -20.866911 ], [ -65.352117, -20.866925 ], [ -65.351756, -20.866813 ], [ -65.351624, -20.866666 ], [ -65.351573, -20.866483 ], [ -65.351574, -20.866351 ], [ -65.351076, -20.866206 ], [ -65.350587, -20.866203 ], [ -65.350459, -20.866147 ], [ -65.35025, -20.865777 ], [ -65.349993, -20.865295 ], [ -65.349683, -20.865159 ], [ -65.349262, -20.865258 ], [ -65.349106, -20.865254 ], [ -65.348371, -20.864827 ], [ -65.348178, -20.864461 ], [ -65.347896, -20.864332 ], [ -65.347609, -20.864268 ], [ -65.347506, -20.8642 ], [ -65.347086, -20.863874 ], [ -65.346373, -20.863562 ], [ -65.34617, -20.86285 ], [ -65.3463, -20.862341 ], [ -65.346342, -20.862133 ], [ -65.346506, -20.86189 ], [ -65.346604, -20.861819 ], [ -65.346802, -20.861728 ], [ -65.347294, -20.860214 ], [ -65.347561, -20.859154 ], [ -65.34761, -20.859001 ], [ -65.347649, -20.858914 ], [ -65.347701, -20.858818 ], [ -65.347847, -20.858638 ], [ -65.347859, -20.858475 ], [ -65.347893, -20.858236 ], [ -65.347964, -20.857923 ], [ -65.348098, -20.857656 ], [ -65.348324, -20.857185 ], [ -65.34814, -20.856954 ], [ -65.348121, -20.856693 ], [ -65.348227, -20.856175 ], [ -65.347752, -20.855643 ], [ -65.347587, -20.855209 ], [ -65.347656, -20.854648 ], [ -65.349668, -20.853307 ], [ -65.350514, -20.852043 ], [ -65.350507, -20.851556 ], [ -65.350424, -20.851155 ], [ -65.350391, -20.850955 ], [ -65.350248, -20.850627 ], [ -65.350077, -20.850429 ], [ -65.350147, -20.849984 ], [ -65.350221, -20.849868 ], [ -65.350325, -20.849652 ], [ -65.35018, -20.84918 ], [ -65.350115, -20.848895 ], [ -65.35013, -20.8484 ], [ -65.349998, -20.848237 ], [ -65.349918, -20.847994 ], [ -65.349869, -20.847794 ], [ -65.349805, -20.847623 ], [ -65.349665, -20.847453 ], [ -65.349812, -20.847107 ], [ -65.349954, -20.846795 ], [ -65.350345, -20.846611 ], [ -65.350496, -20.846465 ], [ -65.350453, -20.846167 ], [ -65.350381, -20.845643 ], [ -65.3503, -20.845333 ], [ -65.350438, -20.844376 ], [ -65.350587, -20.844147 ], [ -65.350785, -20.843833 ], [ -65.350599, -20.843334 ], [ -65.350235, -20.842778 ], [ -65.350183, -20.842695 ], [ -65.350053, -20.842529 ], [ -65.350051, -20.842422 ], [ -65.349921, -20.842232 ], [ -65.349716, -20.842092 ], [ -65.349561, -20.841927 ], [ -65.349468, -20.841653 ], [ -65.34939, -20.841547 ], [ -65.349233, -20.84125 ], [ -65.349156, -20.841216 ], [ -65.349152, -20.840965 ], [ -65.349134, -20.840595 ], [ -65.34903, -20.840453 ], [ -65.348976, -20.840238 ], [ -65.348819, -20.840002 ], [ -65.348792, -20.839871 ], [ -65.348826, -20.839583 ], [ -65.348743, -20.839178 ], [ -65.34874, -20.838999 ], [ -65.348506, -20.838644 ], [ -65.348504, -20.838501 ], [ -65.348641, -20.838344 ], [ -65.348557, -20.837831 ], [ -65.348616, -20.837567 ], [ -65.348831, -20.836633 ], [ -65.348825, -20.836274 ], [ -65.348696, -20.835344 ], [ -65.348592, -20.835179 ], [ -65.348751, -20.834806 ], [ -65.348823, -20.834506 ], [ -65.348423, -20.834082 ], [ -65.348182, -20.834121 ], [ -65.347868, -20.833528 ], [ -65.347622, -20.833257 ], [ -65.347493, -20.833151 ], [ -65.34745, -20.832805 ], [ -65.347013, -20.832524 ], [ -65.346833, -20.832477 ], [ -65.346906, -20.832191 ], [ -65.34701, -20.831699 ], [ -65.34701, -20.831465 ], [ -65.347174, -20.831099 ], [ -65.347169, -20.830489 ], [ -65.347284, -20.830275 ], [ -65.347562, -20.82978 ], [ -65.347623, -20.82836 ], [ -65.347995, -20.827796 ], [ -65.348848, -20.826881 ], [ -65.348944, -20.826879 ], [ -65.349069, -20.826792 ], [ -65.348779, -20.826243 ], [ -65.348794, -20.825729 ], [ -65.3486, -20.825475 ], [ -65.348572, -20.825162 ], [ -65.348973, -20.825012 ], [ -65.348838, -20.823941 ], [ -65.348811, -20.823262 ], [ -65.348812, -20.823036 ], [ -65.349123, -20.822406 ], [ -65.349154, -20.822082 ], [ -65.349151, -20.821347 ], [ -65.349527, -20.820998 ], [ -65.349916, -20.820505 ], [ -65.350206, -20.819598 ], [ -65.350462, -20.819351 ], [ -65.350434, -20.818577 ], [ -65.350401, -20.818391 ], [ -65.350597, -20.818259 ], [ -65.351134, -20.817478 ], [ -65.351178, -20.816359 ], [ -65.351079, -20.815873 ], [ -65.351168, -20.815757 ], [ -65.351558, -20.815308 ], [ -65.351662, -20.81512 ], [ -65.351457, -20.814693 ], [ -65.351729, -20.81456 ], [ -65.351921, -20.81417 ], [ -65.352143, -20.813737 ], [ -65.35255, -20.813445 ], [ -65.352543, -20.812986 ], [ -65.352292, -20.812516 ], [ -65.35241, -20.812271 ], [ -65.352448, -20.811754 ], [ -65.352423, -20.811124 ], [ -65.352571, -20.810864 ], [ -65.352832, -20.810975 ], [ -65.353259, -20.810941 ], [ -65.353324, -20.810237 ], [ -65.353442, -20.809992 ], [ -65.353833, -20.809628 ], [ -65.35409, -20.809524 ], [ -65.354815, -20.809084 ], [ -65.355516, -20.808086 ], [ -65.35622, -20.807287 ], [ -65.356841, -20.806992 ], [ -65.357389, -20.806913 ], [ -65.357629, -20.806666 ], [ -65.357747, -20.806421 ], [ -65.357799, -20.805832 ], [ -65.358221, -20.805568 ], [ -65.358487, -20.80502 ], [ -65.358464, -20.804504 ], [ -65.358775, -20.803941 ], [ -65.358539, -20.803471 ], [ -65.35817, -20.803261 ], [ -65.357367, -20.802613 ], [ -65.357239, -20.802227 ], [ -65.357996, -20.79988 ], [ -65.358389, -20.79942 ], [ -65.358472, -20.799259 ], [ -65.35853, -20.798941 ], [ -65.35854, -20.798626 ], [ -65.359371, -20.798112 ], [ -65.359664, -20.798323 ], [ -65.360675, -20.797693 ], [ -65.360694, -20.796919 ], [ -65.361041, -20.796685 ], [ -65.361491, -20.79622 ], [ -65.361728, -20.795815 ], [ -65.362191, -20.795178 ], [ -65.36334, -20.793571 ], [ -65.363345, -20.793373 ], [ -65.363291, -20.793017 ], [ -65.36336, -20.792911 ], [ -65.36351, -20.792737 ], [ -65.363976, -20.792315 ], [ -65.364432, -20.791262 ], [ -65.364226, -20.790749 ], [ -65.364168, -20.789976 ], [ -65.364422, -20.788668 ], [ -65.364647, -20.78746 ], [ -65.365993, -20.785793 ], [ -65.366701, -20.783289 ], [ -65.366521, -20.782503 ], [ -65.366287, -20.782162 ], [ -65.366406, -20.78196 ], [ -65.366795, -20.781496 ], [ -65.36662, -20.781011 ], [ -65.366185, -20.780515 ], [ -65.366683, -20.779218 ], [ -65.366967, -20.778827 ], [ -65.367266, -20.778479 ], [ -65.367515, -20.777831 ], [ -65.36783, -20.777496 ], [ -65.368524, -20.777057 ], [ -65.369004, -20.776534 ], [ -65.369501, -20.775151 ], [ -65.370742, -20.773629 ], [ -65.371292, -20.772761 ], [ -65.371451, -20.772214 ], [ -65.371345, -20.771226 ], [ -65.370966, -20.770429 ], [ -65.370464, -20.768515 ], [ -65.370487, -20.76807 ], [ -65.37054, -20.76751 ], [ -65.36983, -20.766001 ], [ -65.370039, -20.762758 ], [ -65.370796, -20.762447 ], [ -65.371263, -20.761337 ], [ -65.37117, -20.761156 ], [ -65.370859, -20.760639 ], [ -65.370838, -20.760267 ], [ -65.371181, -20.759804 ], [ -65.371499, -20.75967 ], [ -65.371831, -20.759422 ], [ -65.37226, -20.758627 ], [ -65.372336, -20.757623 ], [ -65.372286, -20.757351 ], [ -65.371851, -20.756798 ], [ -65.371574, -20.755735 ], [ -65.371763, -20.755254 ], [ -65.372363, -20.754092 ], [ -65.373278, -20.753628 ], [ -65.373891, -20.75334 ], [ -65.374237, -20.753124 ], [ -65.374546, -20.752762 ], [ -65.374772, -20.752596 ], [ -65.375983, -20.751738 ], [ -65.376288, -20.751166 ], [ -65.376239, -20.750998 ], [ -65.376141, -20.750806 ], [ -65.375348, -20.750025 ], [ -65.374768, -20.749776 ], [ -65.375308, -20.747138 ], [ -65.374616, -20.745743 ], [ -65.373269, -20.74503 ], [ -65.373009, -20.744843 ], [ -65.372853, -20.744321 ], [ -65.372961, -20.743445 ], [ -65.372671, -20.742798 ], [ -65.371907, -20.741716 ], [ -65.371291, -20.741436 ], [ -65.370369, -20.740292 ], [ -65.370072, -20.740082 ], [ -65.369504, -20.739526 ], [ -65.369007, -20.736863 ], [ -65.368586, -20.736344 ], [ -65.367476, -20.736216 ], [ -65.366363, -20.736172 ], [ -65.366035, -20.735971 ], [ -65.365385, -20.735195 ], [ -65.365029, -20.734949 ], [ -65.364753, -20.734864 ], [ -65.364554, -20.734721 ], [ -65.364413, -20.734478 ], [ -65.364176, -20.734258 ], [ -65.363866, -20.734172 ], [ -65.362692, -20.733729 ], [ -65.362112, -20.733143 ], [ -65.36178, -20.732972 ], [ -65.361659, -20.732908 ], [ -65.361372, -20.732833 ], [ -65.361173, -20.732514 ], [ -65.360732, -20.731556 ], [ -65.360747, -20.731284 ], [ -65.360703, -20.731134 ], [ -65.360665, -20.729925 ], [ -65.360598, -20.729869 ], [ -65.360109, -20.729667 ], [ -65.359229, -20.729623 ], [ -65.359165, -20.729588 ], [ -65.358903, -20.729466 ], [ -65.35866, -20.729392 ], [ -65.35807, -20.728999 ], [ -65.357801, -20.728678 ], [ -65.357787, -20.728449 ], [ -65.357741, -20.728169 ], [ -65.357445, -20.727928 ], [ -65.357373, -20.727367 ], [ -65.357216, -20.727107 ], [ -65.35705, -20.720588 ], [ -65.35707, -20.720259 ], [ -65.356963, -20.719897 ], [ -65.35698, -20.719759 ], [ -65.357254, -20.719308 ], [ -65.357403, -20.71877 ], [ -65.35721, -20.718116 ], [ -65.357613, -20.71793 ], [ -65.357819, -20.717829 ], [ -65.357973, -20.717651 ], [ -65.358401, -20.716444 ], [ -65.358344, -20.715763 ], [ -65.35805, -20.715468 ], [ -65.357999, -20.71535 ], [ -65.357953, -20.714842 ], [ -65.358007, -20.714637 ], [ -65.358458, -20.714375 ], [ -65.358837, -20.714133 ], [ -65.358871, -20.713967 ], [ -65.358974, -20.713714 ], [ -65.359097, -20.713614 ], [ -65.359762, -20.713363 ], [ -65.360048, -20.713292 ], [ -65.360679, -20.712729 ], [ -65.360979, -20.712348 ], [ -65.361194, -20.711894 ], [ -65.361304, -20.711633 ], [ -65.361667, -20.711283 ], [ -65.361745, -20.710935 ], [ -65.361819, -20.710769 ], [ -65.361978, -20.710441 ], [ -65.36219, -20.710304 ], [ -65.363539, -20.708514 ], [ -65.363628, -20.708131 ], [ -65.363619, -20.70794 ], [ -65.363487, -20.707599 ], [ -65.363254, -20.707425 ], [ -65.363006, -20.705996 ], [ -65.363126, -20.705201 ], [ -65.363227, -20.704976 ], [ -65.363432, -20.704716 ], [ -65.363577, -20.704625 ], [ -65.363687, -20.70439 ], [ -65.363695, -20.704029 ], [ -65.363664, -20.703719 ], [ -65.363743, -20.703437 ], [ -65.363747, -20.703324 ], [ -65.36369, -20.7029 ], [ -65.363566, -20.702299 ], [ -65.36362, -20.701632 ], [ -65.36375, -20.701396 ], [ -65.363701, -20.700923 ], [ -65.363529, -20.700754 ], [ -65.363175, -20.70038 ], [ -65.363113, -20.700127 ], [ -65.363075, -20.699517 ], [ -65.363104, -20.698629 ], [ -65.362844, -20.698495 ], [ -65.361894, -20.698174 ], [ -65.361798, -20.697358 ], [ -65.362093, -20.696745 ], [ -65.362227, -20.696557 ], [ -65.362244, -20.696177 ], [ -65.362432, -20.695556 ], [ -65.362604, -20.695185 ], [ -65.362124, -20.694887 ], [ -65.362244, -20.694474 ], [ -65.362939, -20.692518 ], [ -65.362978, -20.69112 ], [ -65.363711, -20.690199 ], [ -65.364427, -20.688096 ], [ -65.364393, -20.685764 ], [ -65.364127, -20.684692 ], [ -65.3638, -20.683245 ], [ -65.364035, -20.681704 ], [ -65.364145, -20.680977 ], [ -65.364022, -20.680015 ], [ -65.364243, -20.679194 ], [ -65.364102, -20.678371 ], [ -65.364168, -20.678083 ], [ -65.364443, -20.677635 ], [ -65.36447, -20.677082 ], [ -65.3633, -20.67257 ], [ -65.363177, -20.671991 ], [ -65.362146, -20.670794 ], [ -65.361419, -20.669246 ], [ -65.36002, -20.668165 ], [ -65.359168, -20.667938 ], [ -65.35839, -20.667355 ], [ -65.358589, -20.664643 ], [ -65.358134, -20.663136 ], [ -65.358293, -20.662561 ], [ -65.358178, -20.662025 ], [ -65.357892, -20.661749 ], [ -65.35792, -20.66133 ], [ -65.357779, -20.6604 ], [ -65.357569, -20.659142 ], [ -65.357524, -20.657945 ], [ -65.356852, -20.657512 ], [ -65.356398, -20.656487 ], [ -65.356459, -20.655937 ], [ -65.356365, -20.65561 ], [ -65.355798, -20.655012 ], [ -65.355574, -20.654489 ], [ -65.356157, -20.652949 ], [ -65.35628, -20.651867 ], [ -65.356232, -20.651381 ], [ -65.356489, -20.649494 ], [ -65.35688, -20.649155 ], [ -65.357171, -20.648931 ], [ -65.357861, -20.647602 ], [ -65.357984, -20.646603 ], [ -65.356426, -20.645098 ], [ -65.3564, -20.643421 ], [ -65.356023, -20.64026 ], [ -65.355735, -20.639337 ], [ -65.355507, -20.639072 ], [ -65.355297, -20.638229 ], [ -65.353671, -20.635643 ], [ -65.353164, -20.634362 ], [ -65.352638, -20.632925 ], [ -65.351968, -20.632199 ], [ -65.350021, -20.629578 ], [ -65.349537, -20.627493 ], [ -65.34798, -20.623999 ], [ -65.347841, -20.623613 ], [ -65.347411, -20.623321 ], [ -65.347173, -20.622637 ], [ -65.347343, -20.622155 ], [ -65.347982, -20.621609 ], [ -65.34816, -20.620458 ], [ -65.348137, -20.619363 ], [ -65.348365, -20.619099 ], [ -65.348707, -20.617883 ], [ -65.34908, -20.616787 ], [ -65.349317, -20.616521 ], [ -65.349622, -20.616301 ], [ -65.349661, -20.615868 ], [ -65.34971, -20.614453 ], [ -65.351602, -20.611723 ], [ -65.352134, -20.611178 ], [ -65.352493, -20.610671 ], [ -65.354038, -20.609824 ], [ -65.354043, -20.609322 ], [ -65.353849, -20.609085 ], [ -65.353704, -20.608436 ], [ -65.353865, -20.607654 ], [ -65.355615, -20.605642 ], [ -65.354782, -20.604093 ], [ -65.354491, -20.602953 ], [ -65.354491, -20.602445 ], [ -65.35461, -20.602271 ], [ -65.355384, -20.602075 ], [ -65.356404, -20.601814 ], [ -65.357675, -20.600051 ], [ -65.357811, -20.59961 ], [ -65.359179, -20.59829 ], [ -65.360059, -20.597668 ], [ -65.361039, -20.598512 ], [ -65.361223, -20.598725 ], [ -65.3635, -20.598796 ], [ -65.364311, -20.598922 ], [ -65.36452, -20.598669 ], [ -65.364773, -20.598377 ], [ -65.364962, -20.598279 ], [ -65.365817, -20.598219 ], [ -65.368295, -20.597368 ], [ -65.375591, -20.589645 ], [ -65.376668, -20.588532 ], [ -65.382073, -20.581868 ], [ -65.382527, -20.581436 ], [ -65.382572, -20.581083 ], [ -65.382771, -20.580412 ], [ -65.382689, -20.579348 ], [ -65.382342, -20.57812 ], [ -65.381921, -20.576573 ], [ -65.387766, -20.557552 ], [ -65.379899, -20.558883 ], [ -65.350053, -20.548392 ], [ -65.327597, -20.511866 ], [ -65.268594, -20.504707 ], [ -65.268041, -20.480961 ], [ -65.272807, -20.471641 ], [ -65.271258, -20.457013 ], [ -65.258318, -20.449594 ], [ -65.256312, -20.442668 ], [ -65.263372, -20.430107 ], [ -65.243585, -20.415183 ], [ -65.247966, -20.405634 ], [ -65.247582, -20.396542 ], [ -65.252637, -20.386756 ], [ -65.244293, -20.367542 ], [ -65.238299, -20.358557 ], [ -65.229095, -20.352589 ], [ -65.2332, -20.343351 ], [ -65.230533, -20.331105 ], [ -65.221754, -20.321183 ], [ -65.221773, -20.313821 ], [ -65.245149, -20.276133 ], [ -65.270167, -20.25286 ], [ -65.282402, -20.232958 ], [ -65.292083, -20.229687 ], [ -65.3137, -20.230533 ], [ -65.315662, -20.225084 ], [ -65.313042, -20.208034 ], [ -65.316077, -20.197581 ], [ -65.301626, -20.177791 ], [ -65.279953, -20.165016 ], [ -65.271343, -20.151363 ], [ -65.257143, -20.158595 ], [ -65.235047, -20.146376 ], [ -65.233657, -20.13055 ], [ -65.238954, -20.116291 ], [ -65.249542, -20.103438 ], [ -65.256019, -20.102438 ], [ -65.268528, -20.09243 ], [ -65.271755, -20.080686 ], [ -65.283032, -20.059697 ], [ -65.289257, -20.053165 ], [ -65.305121, -20.026065 ], [ -65.304999, -20.009334 ], [ -65.2827, -20.004003 ], [ -65.277359, -20.009039 ], [ -65.27029, -20.003861 ], [ -65.272437, -19.996481 ], [ -65.266196, -19.987819 ], [ -65.244184, -19.97018 ], [ -65.222751, -19.940826 ], [ -65.222284, -19.935909 ], [ -65.213974, -19.939264 ], [ -65.203259, -19.937953 ], [ -65.191165, -19.961223 ], [ -65.170908, -19.995593 ], [ -65.152172, -20.012404 ], [ -65.144511, -20.011196 ], [ -65.128082, -20.015188 ], [ -65.107398, -20.015426 ], [ -65.090499, -20.009313 ], [ -65.086302, -19.995363 ], [ -65.07467, -19.989891 ], [ -65.077102, -19.979701 ], [ -65.071353, -19.967088 ], [ -65.062012, -19.956981 ], [ -65.062745, -19.949494 ], [ -65.071659, -19.938754 ], [ -65.08313, -19.931908 ], [ -65.077543, -19.918293 ], [ -65.075922, -19.899339 ], [ -65.071883, -19.891241 ], [ -65.06868, -19.873492 ], [ -65.061788, -19.86281 ], [ -65.060734, -19.84752 ], [ -65.052678, -19.820379 ], [ -65.052522, -19.806172 ], [ -65.056704, -19.79366 ], [ -65.039806, -19.796834 ], [ -65.029878, -19.794889 ], [ -65.008061, -19.814726 ], [ -65.004791, -19.826924 ], [ -64.999009, -19.828006 ], [ -64.989214, -19.845726 ], [ -64.99122, -19.852904 ], [ -64.979664, -19.85331 ], [ -64.959863, -19.868996 ], [ -64.941623, -19.876512 ], [ -64.939107, -19.865881 ], [ -64.930539, -19.860058 ], [ -64.927957, -19.843827 ], [ -64.914334, -19.842167 ], [ -64.91548, -19.854753 ], [ -64.91929, -19.860881 ], [ -64.915913, -19.87424 ], [ -64.907315, -19.889555 ], [ -64.904689, -19.899227 ], [ -64.895707, -19.910962 ], [ -64.893091, -19.924672 ], [ -64.897028, -19.933855 ], [ -64.896516, -19.945894 ], [ -64.888016, -19.966467 ], [ -64.874166, -19.975027 ], [ -64.871816, -19.981048 ], [ -64.858936, -19.974499 ], [ -64.850825, -19.981087 ], [ -64.838261, -19.955611 ], [ -64.837386, -19.948066 ], [ -64.829193, -19.933133 ], [ -64.816148, -19.929509 ], [ -64.806712, -19.919646 ], [ -64.80626, -19.913221 ], [ -64.794973, -19.902795 ], [ -64.792957, -19.889861 ], [ -64.787519, -19.875791 ], [ -64.789087, -19.86925 ], [ -64.78452, -19.85539 ], [ -64.775955, -19.84015 ], [ -64.760743, -19.818981 ], [ -64.748358, -19.804236 ], [ -64.739287, -19.78984 ], [ -64.726494, -19.788315 ], [ -64.714387, -19.779567 ], [ -64.725021, -19.773219 ], [ -64.729927, -19.755197 ], [ -64.726805, -19.746623 ], [ -64.734884, -19.737318 ], [ -64.736627, -19.721096 ], [ -64.741721, -19.716027 ], [ -64.741775, -19.70704 ], [ -64.751226, -19.703458 ], [ -64.760643, -19.687686 ], [ -64.767064, -19.684086 ], [ -64.777462, -19.664858 ], [ -64.787865, -19.652951 ], [ -64.7903, -19.631368 ], [ -64.810578, -19.625484 ], [ -64.816861, -19.611073 ], [ -64.830106, -19.609074 ], [ -64.830084, -19.602669 ], [ -64.842874, -19.587481 ], [ -64.839962, -19.575369 ], [ -64.834206, -19.565819 ], [ -64.829518, -19.534699 ], [ -64.823417, -19.516739 ], [ -64.822464, -19.50528 ], [ -64.818439, -19.501326 ], [ -64.823139, -19.483486 ], [ -64.836859, -19.469455 ], [ -64.840322, -19.455133 ], [ -64.845391, -19.448843 ], [ -64.849867, -19.423531 ], [ -64.85523, -19.419398 ], [ -64.852588, -19.410229 ], [ -64.865693, -19.40633 ], [ -64.879328, -19.397279 ], [ -64.890266, -19.402275 ], [ -64.897579, -19.392113 ], [ -64.893343, -19.380852 ], [ -64.900158, -19.374131 ], [ -64.908236, -19.371531 ], [ -64.91413, -19.35434 ], [ -64.921122, -19.361727 ], [ -64.929257, -19.362746 ], [ -64.939674, -19.357572 ], [ -64.958755, -19.35624 ], [ -64.970371, -19.346794 ], [ -64.986001, -19.352138 ], [ -65.007819, -19.352898 ], [ -65.01772, -19.358551 ], [ -65.025635, -19.367788 ], [ -65.036801, -19.369569 ], [ -65.04403, -19.381261 ], [ -65.056052, -19.385831 ], [ -65.082027, -19.375628 ], [ -65.089706, -19.366905 ], [ -65.10221, -19.373112 ], [ -65.114594, -19.375079 ], [ -65.131771, -19.374546 ], [ -65.141649, -19.377972 ], [ -65.152603, -19.375968 ], [ -65.164349, -19.369291 ], [ -65.169804, -19.360424 ], [ -65.175035, -19.355712 ], [ -65.185073, -19.357076 ], [ -65.215135, -19.343884 ], [ -65.221119, -19.337572 ], [ -65.223124, -19.327631 ], [ -65.232012, -19.31998 ], [ -65.260477, -19.315858 ], [ -65.288645, -19.30781 ], [ -65.309238, -19.306556 ], [ -65.31725, -19.300188 ], [ -65.324021, -19.281459 ], [ -65.331169, -19.270843 ], [ -65.361132, -19.262751 ], [ -65.36914, -19.256682 ], [ -65.375322, -19.236238 ], [ -65.383053, -19.226092 ], [ -65.383703, -19.22007 ], [ -65.39296, -19.204389 ], [ -65.3886, -19.191413 ], [ -65.389647, -19.176652 ], [ -65.392913, -19.172648 ], [ -65.401389, -19.159901 ], [ -65.406248, -19.143825 ], [ -65.445081, -19.134573 ], [ -65.45495, -19.124949 ], [ -65.469902, -19.122627 ], [ -65.487608, -19.09578 ], [ -65.495957, -19.089578 ], [ -65.514326, -19.092736 ], [ -65.517708, -19.096443 ], [ -65.528038, -19.086245 ], [ -65.540874, -19.085359 ], [ -65.554132, -19.065095 ], [ -65.55799, -19.051304 ], [ -65.566894, -19.032691 ], [ -65.567485, -19.024067 ], [ -65.584711, -19.003946 ], [ -65.587338, -18.997756 ], [ -65.532415, -18.976513 ], [ -65.5236, -18.95582 ], [ -65.519168, -18.951334 ], [ -65.502491, -18.943554 ], [ -65.499999, -18.938235 ], [ -65.480861, -18.925933 ], [ -65.46693, -18.923577 ], [ -65.462824, -18.929638 ], [ -65.453094, -18.927455 ], [ -65.445777, -18.918967 ], [ -65.436596, -18.919966 ], [ -65.428563, -18.929338 ], [ -65.420796, -18.93158 ], [ -65.41377, -18.945416 ], [ -65.403984, -18.934116 ], [ -65.404728, -18.925728 ], [ -65.397549, -18.918374 ], [ -65.401659, -18.903757 ], [ -65.407209, -18.899022 ], [ -65.411955, -18.885989 ], [ -65.420793, -18.879412 ], [ -65.417263, -18.862561 ], [ -65.428557, -18.837623 ], [ -65.441514, -18.834252 ], [ -65.434299, -18.821611 ], [ -65.438435, -18.814302 ], [ -65.432254, -18.810076 ], [ -65.427779, -18.795695 ], [ -65.416533, -18.779417 ], [ -65.407572, -18.774945 ], [ -65.402332, -18.7779 ], [ -65.391105, -18.794885 ], [ -65.383538, -18.784964 ], [ -65.367631, -18.781001 ], [ -65.366438, -18.790212 ], [ -65.35687, -18.785841 ], [ -65.364109, -18.774631 ], [ -65.382853, -18.77183 ], [ -65.395579, -18.77768 ], [ -65.406631, -18.773352 ], [ -65.423856, -18.75962 ], [ -65.429177, -18.748016 ], [ -65.410825, -18.713553 ], [ -65.400619, -18.701991 ], [ -65.414531, -18.689606 ], [ -65.414534, -18.68115 ], [ -65.419134, -18.663161 ], [ -65.410779, -18.651731 ], [ -65.393487, -18.656222 ], [ -65.389361, -18.653119 ], [ -65.383386, -18.638214 ], [ -65.390183, -18.635459 ], [ -65.392106, -18.62824 ], [ -65.402111, -18.617586 ], [ -65.412441, -18.613004 ], [ -65.422693, -18.604812 ], [ -65.434766, -18.606962 ], [ -65.437715, -18.613701 ], [ -65.447687, -18.606346 ], [ -65.462053, -18.60599 ], [ -65.468243, -18.597026 ], [ -65.486025, -18.590754 ], [ -65.495102, -18.575797 ], [ -65.494445, -18.569313 ], [ -65.501303, -18.563982 ], [ -65.496764, -18.545194 ], [ -65.499507, -18.540044 ], [ -65.514279, -18.547481 ], [ -65.516047, -18.539288 ], [ -65.52556, -18.528642 ], [ -65.534349, -18.525755 ], [ -65.555845, -18.514044 ], [ -65.563916, -18.511818 ], [ -65.575705, -18.50182 ], [ -65.58471, -18.498219 ], [ -65.607881, -18.496702 ], [ -65.623809, -18.501123 ], [ -65.619092, -18.483098 ], [ -65.623311, -18.463745 ], [ -65.644732, -18.445389 ], [ -65.655476, -18.446163 ], [ -65.677334, -18.429264 ], [ -65.684296, -18.416722 ], [ -65.68352, -18.387154 ], [ -65.687678, -18.376598 ], [ -65.695133, -18.367174 ], [ -65.693863, -18.351932 ], [ -65.674005, -18.347362 ], [ -65.66478, -18.362445 ], [ -65.658229, -18.366049 ], [ -65.639215, -18.369315 ], [ -65.634307, -18.373923 ], [ -65.61812, -18.375866 ], [ -65.593576, -18.374148 ], [ -65.583075, -18.378743 ], [ -65.578247, -18.385051 ], [ -65.562847, -18.39302 ], [ -65.553675, -18.401559 ], [ -65.545406, -18.404371 ], [ -65.537331, -18.399905 ], [ -65.534772, -18.392136 ], [ -65.523753, -18.394832 ], [ -65.513729, -18.387994 ], [ -65.506353, -18.386777 ], [ -65.489322, -18.399957 ], [ -65.462971, -18.39956 ], [ -65.45282, -18.410093 ], [ -65.441914, -18.403566 ], [ -65.433979, -18.408949 ], [ -65.425058, -18.410067 ], [ -65.419725, -18.415383 ], [ -65.404553, -18.419815 ], [ -65.3993, -18.425593 ], [ -65.387491, -18.422492 ], [ -65.366575, -18.435417 ], [ -65.357182, -18.436565 ], [ -65.350247, -18.430615 ], [ -65.345672, -18.417878 ], [ -65.35356, -18.406016 ], [ -65.368108, -18.396383 ], [ -65.369097, -18.395984 ], [ -65.370031, -18.395846 ], [ -65.371161, -18.395067 ], [ -65.377037, -18.390012 ], [ -65.37806, -18.388628 ], [ -65.402361, -18.368693 ], [ -65.403024, -18.368174 ], [ -65.404379, -18.367277 ], [ -65.405567, -18.366917 ], [ -65.407444, -18.366951 ], [ -65.410315, -18.365698 ], [ -65.411035, -18.365022 ], [ -65.412331, -18.364433 ], [ -65.414509, -18.363641 ], [ -65.417391, -18.362794 ], [ -65.430164, -18.368596 ], [ -65.431275, -18.368555 ], [ -65.441171, -18.360444 ], [ -65.444431, -18.35878 ], [ -65.447263, -18.356918 ], [ -65.44856, -18.353885 ], [ -65.451711, -18.352149 ], [ -65.45207, -18.351915 ], [ -65.452408, -18.351662 ], [ -65.453262, -18.350898 ], [ -65.460925, -18.344037 ], [ -65.462156, -18.342989 ], [ -65.465105, -18.331363 ], [ -65.473631, -18.319788 ], [ -65.473843, -18.318776 ], [ -65.474037, -18.317656 ], [ -65.474179, -18.316451 ], [ -65.474494, -18.315604 ], [ -65.4757, -18.303512 ], [ -65.476444, -18.303557 ], [ -65.47929, -18.299545 ], [ -65.479443, -18.298686 ], [ -65.482923, -18.295728 ], [ -65.483882, -18.296122 ], [ -65.484339, -18.295941 ], [ -65.484987, -18.294953 ], [ -65.485117, -18.294462 ], [ -65.485883, -18.292964 ], [ -65.486594, -18.292587 ], [ -65.488229, -18.291655 ], [ -65.488517, -18.291137 ], [ -65.488837, -18.290511 ], [ -65.489086, -18.28771 ], [ -65.489314, -18.287089 ], [ -65.497186, -18.273927 ], [ -65.497691, -18.272948 ], [ -65.501988, -18.258561 ], [ -65.501944, -18.25828 ], [ -65.50336, -18.256717 ], [ -65.503998, -18.256553 ], [ -65.510077, -18.255278 ], [ -65.510856, -18.254836 ], [ -65.511958, -18.254218 ], [ -65.512352, -18.253858 ], [ -65.512829, -18.253418 ], [ -65.513271, -18.253012 ], [ -65.521599, -18.253597 ], [ -65.522822, -18.253035 ], [ -65.523108, -18.252711 ], [ -65.523157, -18.252336 ], [ -65.523275, -18.252205 ], [ -65.523428, -18.251845 ], [ -65.523416, -18.250596 ], [ -65.523466, -18.25032 ], [ -65.523737, -18.249766 ], [ -65.524814, -18.249022 ], [ -65.52674, -18.245515 ], [ -65.527447, -18.245164 ], [ -65.527688, -18.245139 ], [ -65.528446, -18.245029 ], [ -65.532182, -18.243746 ], [ -65.532433, -18.243537 ], [ -65.532522, -18.243468 ], [ -65.533282, -18.24268 ], [ -65.53366, -18.242379 ], [ -65.533951, -18.24232 ], [ -65.534574, -18.242607 ], [ -65.534979, -18.243731 ], [ -65.535108, -18.244585 ], [ -65.535216, -18.245353 ], [ -65.535267, -18.246061 ], [ -65.535348, -18.246475 ], [ -65.53552, -18.2467 ], [ -65.536174, -18.246769 ], [ -65.53684, -18.246307 ], [ -65.538219, -18.245446 ], [ -65.538868, -18.245331 ], [ -65.541093, -18.245795 ], [ -65.541917, -18.246178 ], [ -65.543129, -18.246593 ], [ -65.543188, -18.246592 ], [ -65.544642, -18.246166 ], [ -65.545484, -18.244965 ], [ -65.545695, -18.244423 ], [ -65.546365, -18.242929 ], [ -65.546987, -18.24073 ], [ -65.547723, -18.239365 ], [ -65.548519, -18.238359 ], [ -65.549114, -18.237843 ], [ -65.549451, -18.237616 ], [ -65.550027, -18.237347 ], [ -65.550375, -18.23724 ], [ -65.550933, -18.237168 ], [ -65.551835, -18.23732 ], [ -65.552756, -18.237737 ], [ -65.55369, -18.238222 ], [ -65.554234, -18.238241 ], [ -65.555027, -18.238064 ], [ -65.557206, -18.236745 ], [ -65.558585, -18.235756 ], [ -65.55973, -18.234976 ], [ -65.560496, -18.234489 ], [ -65.560868, -18.234325 ], [ -65.561548, -18.234115 ], [ -65.562181, -18.23421 ], [ -65.562597, -18.234355 ], [ -65.564462, -18.23434 ], [ -65.564773, -18.234199 ], [ -65.565022, -18.233899 ], [ -65.565164, -18.233668 ], [ -65.565218, -18.233059 ], [ -65.565373, -18.232954 ], [ -65.5659, -18.232616 ], [ -65.566245, -18.232223 ], [ -65.566789, -18.231323 ], [ -65.567769, -18.229557 ], [ -65.570325, -18.224367 ], [ -65.571024, -18.223305 ], [ -65.571605, -18.222473 ], [ -65.57201, -18.222113 ], [ -65.572814, -18.221774 ], [ -65.573066, -18.221771 ], [ -65.573742, -18.221731 ], [ -65.57481, -18.22132 ], [ -65.575828, -18.21968 ], [ -65.576346, -18.218608 ], [ -65.57745, -18.217174 ], [ -65.57795, -18.216607 ], [ -65.578903, -18.215611 ], [ -65.579827, -18.215247 ], [ -65.581176, -18.215144 ], [ -65.581501, -18.215095 ], [ -65.582427, -18.214914 ], [ -65.582691, -18.214809 ], [ -65.583532, -18.214549 ], [ -65.583663, -18.213388 ], [ -65.583374, -18.212839 ], [ -65.583291, -18.212495 ], [ -65.58343, -18.211989 ], [ -65.583465, -18.211931 ], [ -65.583647, -18.211744 ], [ -65.583879, -18.211204 ], [ -65.583914, -18.211135 ], [ -65.583973, -18.211031 ], [ -65.584294, -18.210672 ], [ -65.584387, -18.210524 ], [ -65.584699, -18.210198 ], [ -65.584704, -18.209955 ], [ -65.584666, -18.209279 ], [ -65.584612, -18.20897 ], [ -65.584552, -18.207983 ], [ -65.584647, -18.207833 ], [ -65.584765, -18.207728 ], [ -65.584926, -18.207611 ], [ -65.586174, -18.207544 ], [ -65.586464, -18.207541 ], [ -65.586789, -18.207549 ], [ -65.587189, -18.20753 ], [ -65.587766, -18.207553 ], [ -65.58791, -18.207563 ], [ -65.588369, -18.207598 ], [ -65.588596, -18.207592 ], [ -65.588779, -18.207601 ], [ -65.589153, -18.207667 ], [ -65.589611, -18.207663 ], [ -65.589997, -18.20766 ], [ -65.590047, -18.207659 ], [ -65.590473, -18.20756 ], [ -65.591815, -18.207021 ], [ -65.592052, -18.206968 ], [ -65.592501, -18.206731 ], [ -65.593587, -18.205976 ], [ -65.593746, -18.205537 ], [ -65.593779, -18.205272 ], [ -65.593801, -18.205111 ], [ -65.593854, -18.204525 ], [ -65.59385, -18.204192 ], [ -65.593846, -18.203842 ], [ -65.593905, -18.203687 ], [ -65.594528, -18.203533 ], [ -65.594843, -18.203552 ], [ -65.595073, -18.203584 ], [ -65.595227, -18.203633 ], [ -65.595417, -18.203705 ], [ -65.595688, -18.203759 ], [ -65.595898, -18.203772 ], [ -65.596087, -18.203759 ], [ -65.596296, -18.203738 ], [ -65.59658, -18.203652 ], [ -65.596735, -18.203489 ], [ -65.596865, -18.20327 ], [ -65.597019, -18.20275 ], [ -65.597064, -18.202387 ], [ -65.597095, -18.201904 ], [ -65.597113, -18.201325 ], [ -65.597092, -18.201136 ], [ -65.596984, -18.200253 ], [ -65.597015, -18.199771 ], [ -65.59706, -18.199336 ], [ -65.597117, -18.199059 ], [ -65.597197, -18.198685 ], [ -65.597484, -18.197466 ], [ -65.597971, -18.1959 ], [ -65.598194, -18.195335 ], [ -65.598333, -18.194863 ], [ -65.598391, -18.194656 ], [ -65.598574, -18.193839 ], [ -65.598667, -18.193562 ], [ -65.598853, -18.193021 ], [ -65.599051, -18.192411 ], [ -65.599156, -18.192123 ], [ -65.599415, -18.191546 ], [ -65.599483, -18.191213 ], [ -65.599611, -18.190844 ], [ -65.599669, -18.190637 ], [ -65.599899, -18.189705 ], [ -65.599895, -18.189314 ], [ -65.599905, -18.189165 ], [ -65.599925, -18.188809 ], [ -65.599959, -18.188648 ], [ -65.59998, -18.18836 ], [ -65.60006, -18.188004 ], [ -65.600094, -18.18782 ], [ -65.600129, -18.18775 ], [ -65.600212, -18.187623 ], [ -65.60026, -18.187477 ], [ -65.600358, -18.187267 ], [ -65.600734, -18.186907 ], [ -65.600997, -18.186771 ], [ -65.601215, -18.18669 ], [ -65.601338, -18.186671 ], [ -65.601473, -18.186673 ], [ -65.601642, -18.186698 ], [ -65.602886, -18.185395 ], [ -65.603144, -18.184807 ], [ -65.603189, -18.184531 ], [ -65.603184, -18.184141 ], [ -65.603182, -18.18398 ], [ -65.603191, -18.18367 ], [ -65.603369, -18.182904 ], [ -65.60349, -18.182507 ], [ -65.60375, -18.182 ], [ -65.603947, -18.181378 ], [ -65.603888, -18.180494 ], [ -65.603319, -18.179248 ], [ -65.603143, -18.178652 ], [ -65.603463, -18.17711 ], [ -65.60364, -18.176833 ], [ -65.60396, -18.176383 ], [ -65.604207, -18.175887 ], [ -65.604373, -18.175644 ], [ -65.604778, -18.175204 ], [ -65.605647, -18.174301 ], [ -65.605862, -18.174104 ], [ -65.605933, -18.174034 ], [ -65.606195, -18.173779 ], [ -65.60629, -18.173595 ], [ -65.607077, -18.172933 ], [ -65.60758, -18.172642 ], [ -65.608082, -18.17227 ], [ -65.608967, -18.171665 ], [ -65.609266, -18.171478 ], [ -65.610631, -18.170471 ], [ -65.613586, -18.16823 ], [ -65.614141, -18.166788 ], [ -65.614191, -18.166282 ], [ -65.616122, -18.164646 ], [ -65.616676, -18.164476 ], [ -65.617739, -18.163296 ], [ -65.618392, -18.162517 ], [ -65.619277, -18.160911 ], [ -65.620086, -18.160178 ], [ -65.620424, -18.159915 ], [ -65.621296, -18.158389 ], [ -65.62554, -18.155843 ], [ -65.628663, -18.153671 ], [ -65.631481, -18.152705 ], [ -65.633553, -18.146274 ], [ -65.635835, -18.144226 ], [ -65.637316, -18.143645 ], [ -65.638002, -18.143672 ], [ -65.63921, -18.142158 ], [ -65.639303, -18.140668 ], [ -65.637737, -18.138163 ], [ -65.644048, -18.138199 ], [ -65.646881, -18.139153 ], [ -65.648864, -18.139345 ], [ -65.651415, -18.138677 ], [ -65.651795, -18.136953 ], [ -65.652379, -18.135358 ], [ -65.653489, -18.134546 ], [ -65.6539, -18.134018 ], [ -65.654769, -18.133148 ], [ -65.657289, -18.133207 ], [ -65.658752, -18.1328 ], [ -65.661171, -18.131563 ], [ -65.663508, -18.128944 ], [ -65.6644, -18.127046 ], [ -65.66623, -18.126312 ], [ -65.684094, -18.112566 ], [ -65.6882, -18.099227 ], [ -65.704523, -18.088354 ], [ -65.70891, -18.078279 ], [ -65.715051, -18.075505 ], [ -65.733242, -18.061155 ], [ -65.741323, -18.05877 ], [ -65.744079, -18.049718 ], [ -65.753934, -18.047427 ], [ -65.783391, -18.031896 ], [ -65.78252, -18.021014 ], [ -65.799981, -18.009667 ], [ -65.812496, -18.008386 ], [ -65.815893, -18.002192 ], [ -65.82707, -17.996909 ], [ -65.830815, -17.987569 ], [ -65.843271, -17.979646 ], [ -65.845161, -17.974203 ], [ -65.857694, -17.975008 ], [ -65.869091, -17.972004 ], [ -65.875174, -17.977648 ], [ -65.887732, -17.979869 ], [ -65.89499, -17.987269 ], [ -65.906556, -17.986916 ], [ -65.922943, -17.994043 ], [ -65.933958, -17.992085 ], [ -65.934195, -17.984531 ], [ -65.943091, -17.977372 ], [ -65.941486, -17.961849 ], [ -65.952779, -17.947487 ], [ -65.967554, -17.951634 ], [ -65.974512, -17.94233 ], [ -65.988555, -17.935187 ], [ -65.991427, -17.923031 ], [ -66.001762, -17.910689 ], [ -66.022326, -17.874455 ], [ -66.025385, -17.86355 ], [ -66.035583, -17.854493 ], [ -66.045739, -17.837236 ], [ -66.065374, -17.824993 ], [ -66.077588, -17.818713 ], [ -66.087847, -17.80985 ], [ -66.096972, -17.807227 ], [ -66.100481, -17.807111 ], [ -66.116244, -17.836787 ], [ -66.116465, -17.858308 ], [ -66.133902, -17.87807 ], [ -66.14626, -17.884441 ], [ -66.163909, -17.906996 ], [ -66.167202, -17.927125 ], [ -66.17988, -17.933431 ], [ -66.196972, -17.926208 ], [ -66.216058, -17.935201 ], [ -66.226028, -17.952626 ], [ -66.236624, -17.948688 ], [ -66.247236, -17.953168 ], [ -66.251658, -17.934264 ], [ -66.259575, -17.938201 ], [ -66.272329, -17.955852 ], [ -66.280889, -17.966021 ], [ -66.285346, -17.963051 ], [ -66.309249, -17.961763 ], [ -66.320173, -17.949468 ], [ -66.337645, -17.953553 ], [ -66.343525, -17.959688 ], [ -66.371962, -17.956621 ], [ -66.387834, -17.964094 ], [ -66.395336, -17.963317 ], [ -66.412916, -17.970715 ], [ -66.419347, -17.975656 ], [ -66.431415, -17.973436 ], [ -66.444937, -17.978565 ], [ -66.471837, -18.003668 ], [ -66.512068, -18.03635 ], [ -66.518395, -18.046597 ], [ -66.533453, -18.058439 ], [ -66.524298, -18.082128 ], [ -66.523934, -18.089477 ], [ -66.540043, -18.082133 ], [ -66.564594, -18.075991 ], [ -66.576549, -18.082854 ], [ -66.608328, -18.086583 ], [ -66.618504, -18.097108 ], [ -66.622247, -18.108482 ], [ -66.63061, -18.116283 ], [ -66.638898, -18.119285 ], [ -66.659542, -18.117843 ], [ -66.676444, -18.109284 ], [ -66.690245, -18.120215 ], [ -66.704939, -18.12042 ], [ -66.712424, -18.116623 ], [ -66.724707, -18.115884 ], [ -66.7575, -18.134926 ], [ -66.785232, -18.135654 ], [ -66.779071, -18.149954 ], [ -66.767525, -18.165772 ], [ -66.759747, -18.169906 ], [ -66.757596, -18.206184 ], [ -66.763717, -18.216413 ], [ -66.757674, -18.227372 ], [ -66.748729, -18.232584 ], [ -66.745394, -18.241114 ], [ -66.729714, -18.240426 ], [ -66.721741, -18.245088 ], [ -66.7032, -18.236768 ], [ -66.68898, -18.232713 ], [ -66.675668, -18.232648 ], [ -66.66978, -18.237561 ], [ -66.655981, -18.235727 ], [ -66.641389, -18.241124 ], [ -66.631528, -18.23665 ], [ -66.618991, -18.238275 ], [ -66.59635, -18.236543 ], [ -66.58567, -18.245547 ], [ -66.569479, -18.250262 ], [ -66.558979, -18.243608 ], [ -66.549538, -18.242755 ], [ -66.541373, -18.247167 ], [ -66.528168, -18.249291 ], [ -66.529828, -18.261454 ], [ -66.543932, -18.271124 ], [ -66.568505, -18.279326 ], [ -66.58669, -18.282029 ], [ -66.614435, -18.279289 ], [ -66.627282, -18.287337 ], [ -66.638618, -18.288365 ], [ -66.64395, -18.293548 ], [ -66.661404, -18.295607 ], [ -66.666057, -18.307239 ], [ -66.678594, -18.316405 ], [ -66.702911, -18.323537 ], [ -66.708099, -18.32881 ], [ -66.729316, -18.34045 ], [ -66.714886, -18.362006 ], [ -66.714244, -18.378041 ], [ -66.698608, -18.403228 ], [ -66.700003, -18.419011 ], [ -66.697626, -18.435603 ], [ -66.687059, -18.462379 ], [ -66.682157, -18.468815 ], [ -66.683102, -18.482541 ], [ -66.681428, -18.501163 ], [ -66.675543, -18.504613 ], [ -66.666125, -18.521112 ], [ -66.662046, -18.54236 ], [ -66.656789, -18.5532 ], [ -66.658333, -18.564755 ], [ -66.652539, -18.571243 ], [ -66.642331, -18.58957 ], [ -66.639472, -18.598814 ], [ -66.640686, -18.611775 ], [ -66.646581, -18.617186 ], [ -66.644173, -18.630319 ], [ -66.631976, -18.649083 ], [ -66.617916, -18.645586 ], [ -66.60695, -18.65064 ], [ -66.611945, -18.659979 ], [ -66.600563, -18.666174 ], [ -66.595623, -18.674492 ], [ -66.594868, -18.687009 ], [ -66.597826, -18.697806 ], [ -66.588587, -18.695842 ], [ -66.575686, -18.709463 ], [ -66.576163, -18.714405 ], [ -66.564754, -18.718223 ], [ -66.536971, -18.721039 ], [ -66.537184, -18.749063 ], [ -66.532096, -18.77369 ], [ -66.521764, -18.78228 ], [ -66.502527, -18.788134 ], [ -66.483145, -18.769662 ], [ -66.477474, -18.761333 ], [ -66.478164, -18.751764 ], [ -66.474936, -18.731506 ], [ -66.470759, -18.719413 ], [ -66.460472, -18.707054 ], [ -66.441312, -18.702128 ], [ -66.437585, -18.708248 ], [ -66.42715, -18.704355 ], [ -66.423763, -18.709086 ], [ -66.413301, -18.707695 ], [ -66.410131, -18.712374 ], [ -66.398202, -18.712814 ], [ -66.392345, -18.717021 ], [ -66.379706, -18.73841 ], [ -66.374912, -18.750524 ], [ -66.36435, -18.76533 ], [ -66.352422, -18.792197 ], [ -66.351196, -18.803928 ], [ -66.346065, -18.810004 ], [ -66.341697, -18.823108 ], [ -66.342854, -18.829734 ], [ -66.33549, -18.845639 ], [ -66.32676, -18.873825 ], [ -66.320074, -18.895947 ], [ -66.315773, -18.899074 ], [ -66.311285, -18.909557 ], [ -66.313182, -18.921746 ], [ -66.301817, -18.933252 ], [ -66.30173, -18.947804 ], [ -66.29849, -18.970741 ], [ -66.301739, -18.990638 ], [ -66.295091, -18.99607 ], [ -66.28158, -19.014739 ], [ -66.268941, -19.008914 ], [ -66.248452, -19.008185 ], [ -66.238939, -19.002036 ], [ -66.231512, -18.997386 ], [ -66.22898, -18.995556 ], [ -66.226738, -18.994447 ], [ -66.21227, -18.994588 ], [ -66.205098, -18.990968 ], [ -66.202405, -18.989781 ], [ -66.20024, -18.988197 ], [ -66.198987, -18.987433 ], [ -66.194902, -18.986625 ], [ -66.194478, -18.986734 ], [ -66.193393, -18.986717 ], [ -66.191967, -18.985549 ], [ -66.183882, -18.984851 ], [ -66.181089, -18.986553 ], [ -66.179145, -18.990568 ], [ -66.179242, -18.99752 ], [ -66.176229, -19.020673 ], [ -66.171876, -19.019884 ], [ -66.152866, -19.030716 ], [ -66.135311, -19.054081 ], [ -66.124955, -19.059274 ], [ -66.120415, -19.061823 ], [ -66.106327, -19.076467 ], [ -66.106021, -19.084654 ], [ -66.095266, -19.08503 ], [ -66.093028, -19.085108 ], [ -66.092962, -19.08511 ], [ -66.086104, -19.099782 ], [ -66.095644, -19.108895 ], [ -66.102818, -19.120834 ], [ -66.099011, -19.129091 ], [ -66.10304, -19.140012 ], [ -66.112722, -19.149955 ], [ -66.112732, -19.157013 ], [ -66.100731, -19.174485 ] ], [ [ -65.933682, -20.384756 ], [ -65.934349, -20.386325 ], [ -65.933971, -20.385435 ], [ -65.933682, -20.384756 ] ], [ [ -65.893182, -19.971398 ], [ -65.882918, -19.966101 ], [ -65.882109, -19.968181 ], [ -65.893182, -19.971398 ] ], [ [ -65.891778, -18.813102 ], [ -65.911441, -18.825439 ], [ -65.905767, -18.821642 ], [ -65.891778, -18.813102 ] ] ], [ [ [ -67.672062, -20.363157 ], [ -67.661383, -20.357004 ], [ -67.666523, -20.347148 ], [ -67.679378, -20.35837 ], [ -67.672062, -20.363157 ] ] ], [ [ [ -67.825357, -20.300224 ], [ -67.82235, -20.293726 ], [ -67.825717, -20.284997 ], [ -67.835983, -20.284621 ], [ -67.845693, -20.298983 ], [ -67.843334, -20.303876 ], [ -67.825357, -20.300224 ] ] ], [ [ [ -67.877334, -20.284692 ], [ -67.869176, -20.2945 ], [ -67.862955, -20.285465 ], [ -67.877334, -20.284692 ] ] ], [ [ [ -67.806982, -20.15409 ], [ -67.802037, -20.141015 ], [ -67.810432, -20.141662 ], [ -67.812113, -20.153425 ], [ -67.806982, -20.15409 ] ] ], [ [ [ -67.761085, -19.945269 ], [ -67.770258, -19.946897 ], [ -67.762608, -19.956669 ], [ -67.755235, -19.948966 ], [ -67.761085, -19.945269 ] ] ] ] } },
{ "type": "Feature", "properties": { "idep": "06", "nombre_dep": "Tarija" }, "geometry": { "type": "Polygon", "coordinates": [ [ [ -64.103488, -22.336763 ], [ -64.098175, -22.31623 ], [ -64.085863, -22.309745 ], [ -64.0915, -22.300389 ], [ -64.076442, -22.273265 ], [ -64.074252, -22.26085 ], [ -64.061764, -22.237945 ], [ -64.056793, -22.245296 ], [ -64.042592, -22.2474 ], [ -64.039396, -22.234689 ], [ -64.032182, -22.23461 ], [ -64.032333, -22.219145 ], [ -64.026191, -22.209406 ], [ -64.033074, -22.19653 ], [ -64.02489, -22.188136 ], [ -64.023607, -22.178585 ], [ -64.01679, -22.167893 ], [ -64.008974, -22.165673 ], [ -64.004976, -22.1533 ], [ -63.996867, -22.142039 ], [ -63.999467, -22.138244 ], [ -63.996419, -22.121191 ], [ -63.989553, -22.113973 ], [ -63.993217, -22.108149 ], [ -63.986455, -22.093577 ], [ -63.974545, -22.087169 ], [ -63.963684, -22.092644 ], [ -63.960714, -22.087105 ], [ -63.955012, -22.047175 ], [ -63.950352, -22.043975 ], [ -63.941317, -22.02898 ], [ -63.944877, -22.02423 ], [ -63.938094, -22.016784 ], [ -63.940785, -22.008811 ], [ -63.930781, -21.999327 ], [ -63.720698, -21.999384 ], [ -63.709893, -22.003698 ], [ -63.705796, -22.013987 ], [ -63.691987, -22.013323 ], [ -63.687426, -22.026084 ], [ -63.682613, -22.029265 ], [ -63.686799, -22.039619 ], [ -63.6833, -22.049628 ], [ -63.676665, -22.045155 ], [ -63.675108, -22.033547 ], [ -63.669797, -22.02733 ], [ -63.670127, -22.011492 ], [ -63.666877, -22.003471 ], [ -63.502664, -22.003505 ], [ -63.246635, -22.003558 ], [ -63.057143, -22.00363 ], [ -62.807725, -22.003896 ], [ -62.801508, -22.006827 ], [ -62.801239, -22.016126 ], [ -62.808657, -22.02753 ], [ -62.816982, -22.033522 ], [ -62.812598, -22.053118 ], [ -62.796307, -22.058967 ], [ -62.793094, -22.063983 ], [ -62.799752, -22.070684 ], [ -62.810881, -22.090765 ], [ -62.81164, -22.098833 ], [ -62.806495, -22.109536 ], [ -62.81072, -22.115517 ], [ -62.813587, -22.129922 ], [ -62.807133, -22.140157 ], [ -62.790294, -22.159286 ], [ -62.785297, -22.171279 ], [ -62.776056, -22.172987 ], [ -62.765625, -22.154873 ], [ -62.755519, -22.152659 ], [ -62.736282, -22.169954 ], [ -62.727213, -22.186136 ], [ -62.722906, -22.206883 ], [ -62.70938, -22.211213 ], [ -62.696943, -22.195414 ], [ -62.68909, -22.194444 ], [ -62.687785, -22.204404 ], [ -62.679366, -22.226876 ], [ -62.66546, -22.244727 ], [ -62.651368, -22.25236 ], [ -62.643884, -22.246648 ], [ -62.632183, -22.211914 ], [ -62.619457, -22.170159 ], [ -62.565356, -22.003646 ], [ -62.511527, -21.83757 ], [ -62.457366, -21.67008 ], [ -62.403721, -21.503796 ], [ -62.350415, -21.338181 ], [ -62.296451, -21.170145 ], [ -62.260665, -21.0585 ], [ -62.261347, -20.992515 ], [ -63.001493, -21.00366 ], [ -63.251505, -21.003658 ], [ -63.532552, -21.003675 ], [ -63.595361, -21.003698 ], [ -63.723993, -21.003671 ], [ -63.867671, -21.003698 ], [ -63.987424, -21.003661 ], [ -64.00304, -21.00538 ], [ -64.009844, -20.993184 ], [ -64.00335, -20.979739 ], [ -64.010046, -20.971115 ], [ -64.00639, -20.94674 ], [ -64.01269, -20.949594 ], [ -64.025562, -20.962463 ], [ -64.058501, -20.954908 ], [ -64.062975, -20.951604 ], [ -64.06558, -20.9341 ], [ -64.073489, -20.93204 ], [ -64.077577, -20.923433 ], [ -64.090411, -20.917409 ], [ -64.099716, -20.919179 ], [ -64.11412, -20.911653 ], [ -64.124158, -20.926031 ], [ -64.139993, -20.918973 ], [ -64.146673, -20.921953 ], [ -64.155566, -20.905826 ], [ -64.160374, -20.887363 ], [ -64.171467, -20.885813 ], [ -64.180798, -20.891561 ], [ -64.174871, -20.898368 ], [ -64.181442, -20.908484 ], [ -64.181058, -20.918588 ], [ -64.187029, -20.929842 ], [ -64.182829, -20.942122 ], [ -64.193248, -20.95559 ], [ -64.183832, -20.956337 ], [ -64.180822, -20.962141 ], [ -64.191316, -20.969353 ], [ -64.192849, -20.984883 ], [ -64.183476, -20.994096 ], [ -64.1871, -21.011712 ], [ -64.179635, -21.026664 ], [ -64.187432, -21.032966 ], [ -64.199284, -21.0336 ], [ -64.194878, -21.044253 ], [ -64.195478, -21.057205 ], [ -64.199699, -21.066159 ], [ -64.189015, -21.090236 ], [ -64.203189, -21.134945 ], [ -64.220259, -21.144699 ], [ -64.229052, -21.152021 ], [ -64.244573, -21.149312 ], [ -64.246781, -21.145139 ], [ -64.276184, -21.134586 ], [ -64.305583, -21.133746 ], [ -64.323322, -21.136069 ], [ -64.341323, -21.145667 ], [ -64.364323, -21.142751 ], [ -64.380896, -21.135592 ], [ -64.382476, -21.127908 ], [ -64.391016, -21.123982 ], [ -64.399833, -21.114206 ], [ -64.413295, -21.108311 ], [ -64.418731, -21.098895 ], [ -64.429907, -21.103251 ], [ -64.444351, -21.088019 ], [ -64.457146, -21.083056 ], [ -64.480466, -21.091312 ], [ -64.505441, -21.095376 ], [ -64.511669, -21.099536 ], [ -64.527233, -21.097563 ], [ -64.535951, -21.084741 ], [ -64.546425, -21.081239 ], [ -64.548524, -21.068127 ], [ -64.555062, -21.062608 ], [ -64.568096, -21.042615 ], [ -64.567391, -21.035555 ], [ -64.576752, -21.033452 ], [ -64.584694, -21.016416 ], [ -64.584494, -21.008739 ], [ -64.598946, -21.002416 ], [ -64.606032, -20.981142 ], [ -64.620012, -20.981503 ], [ -64.642556, -20.967173 ], [ -64.645577, -20.957575 ], [ -64.652169, -20.955167 ], [ -64.659523, -20.94427 ], [ -64.666823, -20.940506 ], [ -64.678063, -20.942795 ], [ -64.690668, -20.938935 ], [ -64.701438, -20.93102 ], [ -64.718539, -20.936145 ], [ -64.727622, -20.941412 ], [ -64.732694, -20.949555 ], [ -64.733956, -20.967348 ], [ -64.739891, -20.973017 ], [ -64.760963, -20.980242 ], [ -64.757215, -20.994177 ], [ -64.771171, -21.016043 ], [ -64.770851, -21.027373 ], [ -64.77931, -21.03016 ], [ -64.781767, -21.042509 ], [ -64.774183, -21.054058 ], [ -64.778208, -21.060572 ], [ -64.788596, -21.062517 ], [ -64.790834, -21.077818 ], [ -64.796813, -21.086197 ], [ -64.7982, -21.095143 ], [ -64.805402, -21.096717 ], [ -64.817217, -21.093351 ], [ -64.839102, -21.094366 ], [ -64.835846, -21.104782 ], [ -64.85607, -21.105582 ], [ -64.850289, -21.092239 ], [ -64.867328, -21.079076 ], [ -64.881219, -21.079453 ], [ -64.89544, -21.073252 ], [ -64.88476, -21.065269 ], [ -64.88958, -21.056828 ], [ -64.900014, -21.054525 ], [ -64.918632, -21.059234 ], [ -64.925276, -21.05262 ], [ -64.926242, -21.032794 ], [ -64.934167, -21.02674 ], [ -64.953805, -21.033756 ], [ -64.96282, -21.030584 ], [ -64.974483, -21.016412 ], [ -64.985998, -21.015898 ], [ -64.998508, -21.020805 ], [ -64.999689, -21.026347 ], [ -65.012908, -21.029381 ], [ -65.020441, -21.024632 ], [ -65.022261, -21.0118 ], [ -65.040537, -21.013948 ], [ -65.05136, -21.005373 ], [ -65.054485, -20.991622 ], [ -65.062769, -20.980711 ], [ -65.061539, -20.974489 ], [ -65.070286, -20.966211 ], [ -65.083371, -20.960424 ], [ -65.085756, -20.971105 ], [ -65.096828, -20.968783 ], [ -65.104781, -20.971909 ], [ -65.115507, -20.970484 ], [ -65.124177, -20.964401 ], [ -65.140997, -20.964679 ], [ -65.146871, -20.953466 ], [ -65.157295, -20.957385 ], [ -65.158924, -20.945581 ], [ -65.176632, -20.950314 ], [ -65.185712, -20.962551 ], [ -65.187304, -20.97974 ], [ -65.19233, -20.984162 ], [ -65.191693, -21.005919 ], [ -65.188374, -21.013835 ], [ -65.197241, -21.028559 ], [ -65.19831, -21.040695 ], [ -65.195634, -21.049092 ], [ -65.200068, -21.067902 ], [ -65.201972, -21.071378 ], [ -65.201932, -21.097119 ], [ -65.196623, -21.102277 ], [ -65.200337, -21.121074 ], [ -65.200041, -21.139851 ], [ -65.194407, -21.146375 ], [ -65.189081, -21.163475 ], [ -65.204579, -21.175416 ], [ -65.204671, -21.18421 ], [ -65.211228, -21.190827 ], [ -65.201558, -21.201003 ], [ -65.205675, -21.210633 ], [ -65.200563, -21.213817 ], [ -65.210289, -21.228893 ], [ -65.207234, -21.241195 ], [ -65.223325, -21.258431 ], [ -65.219778, -21.27046 ], [ -65.213855, -21.279211 ], [ -65.217181, -21.286419 ], [ -65.2118, -21.29097 ], [ -65.21871, -21.301248 ], [ -65.217401, -21.320194 ], [ -65.223505, -21.323369 ], [ -65.219726, -21.333793 ], [ -65.227964, -21.336432 ], [ -65.228307, -21.346432 ], [ -65.223205, -21.350556 ], [ -65.231666, -21.368231 ], [ -65.236895, -21.414411 ], [ -65.234836, -21.425806 ], [ -65.242801, -21.431475 ], [ -65.241926, -21.461871 ], [ -65.24848, -21.46689 ], [ -65.246505, -21.475873 ], [ -65.249813, -21.482379 ], [ -65.247071, -21.489115 ], [ -65.245376, -21.505909 ], [ -65.251557, -21.513878 ], [ -65.245042, -21.524992 ], [ -65.248136, -21.533256 ], [ -65.245815, -21.541418 ], [ -65.251969, -21.545109 ], [ -65.245153, -21.553393 ], [ -65.246037, -21.571164 ], [ -65.252786, -21.575356 ], [ -65.252013, -21.588834 ], [ -65.254976, -21.597705 ], [ -65.264319, -21.609547 ], [ -65.266308, -21.621283 ], [ -65.261626, -21.630356 ], [ -65.277539, -21.658639 ], [ -65.297133, -21.676129 ], [ -65.301892, -21.695402 ], [ -65.307343, -21.705155 ], [ -65.302115, -21.709459 ], [ -65.300213, -21.721376 ], [ -65.292158, -21.73075 ], [ -65.302321, -21.733326 ], [ -65.31386, -21.730944 ], [ -65.315827, -21.747528 ], [ -65.323553, -21.755531 ], [ -65.319442, -21.763629 ], [ -65.329516, -21.776841 ], [ -65.327438, -21.784265 ], [ -65.33388, -21.789205 ], [ -65.337781, -21.807393 ], [ -65.347841, -21.812203 ], [ -65.347855, -21.824861 ], [ -65.358908, -21.839432 ], [ -65.371859, -21.840417 ], [ -65.382013, -21.836704 ], [ -65.3907, -21.846727 ], [ -65.389499, -21.861853 ], [ -65.392798, -21.863955 ], [ -65.396704, -21.879298 ], [ -65.401769, -21.88221 ], [ -65.416948, -21.883003 ], [ -65.417152, -21.897017 ], [ -65.408977, -21.915095 ], [ -65.387092, -21.933015 ], [ -65.373474, -21.941346 ], [ -65.355135, -21.949601 ], [ -65.334882, -21.965413 ], [ -65.313639, -21.975025 ], [ -65.295686, -21.97783 ], [ -65.276107, -21.971105 ], [ -65.265399, -21.970178 ], [ -65.245712, -21.979766 ], [ -65.229974, -21.993001 ], [ -65.216826, -21.995927 ], [ -65.200739, -22.011745 ], [ -65.185002, -22.01309 ], [ -65.180867, -22.024201 ], [ -65.187901, -22.054171 ], [ -65.191559, -22.076986 ], [ -65.186642, -22.08535 ], [ -65.052511, -22.083347 ], [ -64.994309, -22.084047 ], [ -64.981417, -22.097868 ], [ -64.953368, -22.107177 ], [ -64.938266, -22.109848 ], [ -64.933378, -22.117684 ], [ -64.919513, -22.121629 ], [ -64.90276, -22.119562 ], [ -64.885861, -22.129047 ], [ -64.874372, -22.117367 ], [ -64.867322, -22.123248 ], [ -64.844936, -22.134212 ], [ -64.840271, -22.139327 ], [ -64.81896, -22.144832 ], [ -64.807698, -22.156117 ], [ -64.795228, -22.161295 ], [ -64.782306, -22.174973 ], [ -64.745783, -22.182975 ], [ -64.736869, -22.194174 ], [ -64.721922, -22.19658 ], [ -64.7099, -22.189084 ], [ -64.686702, -22.18714 ], [ -64.675147, -22.188455 ], [ -64.659928, -22.195499 ], [ -64.651743, -22.18967 ], [ -64.638177, -22.194488 ], [ -64.635762, -22.200213 ], [ -64.625686, -22.203679 ], [ -64.601956, -22.227001 ], [ -64.598861, -22.240321 ], [ -64.59316, -22.246751 ], [ -64.580742, -22.25005 ], [ -64.537615, -22.283208 ], [ -64.536769, -22.294347 ], [ -64.547559, -22.316786 ], [ -64.557531, -22.318548 ], [ -64.563574, -22.325904 ], [ -64.566551, -22.338866 ], [ -64.561327, -22.35214 ], [ -64.566763, -22.368013 ], [ -64.56164, -22.379088 ], [ -64.550004, -22.388842 ], [ -64.532986, -22.397702 ], [ -64.512887, -22.415646 ], [ -64.513244, -22.421758 ], [ -64.52351, -22.435666 ], [ -64.523631, -22.443357 ], [ -64.514623, -22.44586 ], [ -64.49079, -22.438109 ], [ -64.489481, -22.455929 ], [ -64.475037, -22.467927 ], [ -64.484241, -22.477811 ], [ -64.47595, -22.48779 ], [ -64.460034, -22.492102 ], [ -64.458781, -22.50214 ], [ -64.445172, -22.507639 ], [ -64.451515, -22.517092 ], [ -64.444581, -22.521875 ], [ -64.429833, -22.522601 ], [ -64.422564, -22.533784 ], [ -64.411807, -22.542325 ], [ -64.416441, -22.549383 ], [ -64.412356, -22.56565 ], [ -64.420456, -22.577246 ], [ -64.430218, -22.578658 ], [ -64.424972, -22.587134 ], [ -64.42975, -22.598453 ], [ -64.42595, -22.603876 ], [ -64.427933, -22.614603 ], [ -64.434824, -22.623175 ], [ -64.430358, -22.632414 ], [ -64.440239, -22.635466 ], [ -64.431155, -22.650985 ], [ -64.416264, -22.655306 ], [ -64.417961, -22.667583 ], [ -64.415546, -22.679033 ], [ -64.398082, -22.683334 ], [ -64.394557, -22.69025 ], [ -64.400389, -22.695961 ], [ -64.397371, -22.706283 ], [ -64.398182, -22.720223 ], [ -64.387849, -22.722257 ], [ -64.384016, -22.717348 ], [ -64.363701, -22.723588 ], [ -64.355392, -22.728433 ], [ -64.340706, -22.752447 ], [ -64.342153, -22.764139 ], [ -64.338269, -22.777967 ], [ -64.344203, -22.793461 ], [ -64.3422, -22.806571 ], [ -64.330558, -22.812102 ], [ -64.327995, -22.840965 ], [ -64.328603, -22.862526 ], [ -64.337669, -22.855695 ], [ -64.338795, -22.868185 ], [ -64.334424, -22.874133 ], [ -64.312758, -22.872101 ], [ -64.309517, -22.864518 ], [ -64.298127, -22.862216 ], [ -64.298056, -22.852882 ], [ -64.304972, -22.837762 ], [ -64.287847, -22.836119 ], [ -64.284475, -22.82977 ], [ -64.286261, -22.80799 ], [ -64.285145, -22.79526 ], [ -64.276939, -22.791172 ], [ -64.277639, -22.778414 ], [ -64.267625, -22.770131 ], [ -64.267444, -22.75775 ], [ -64.27884, -22.75518 ], [ -64.281394, -22.747483 ], [ -64.267856, -22.744439 ], [ -64.270672, -22.734267 ], [ -64.267295, -22.728047 ], [ -64.271667, -22.716403 ], [ -64.271144, -22.708289 ], [ -64.265253, -22.703606 ], [ -64.261211, -22.676322 ], [ -64.257217, -22.672111 ], [ -64.244404, -22.670568 ], [ -64.242205, -22.665349 ], [ -64.264546, -22.649984 ], [ -64.2561, -22.628287 ], [ -64.247603, -22.632869 ], [ -64.241197, -22.627425 ], [ -64.2379, -22.608689 ], [ -64.243222, -22.598584 ], [ -64.244116, -22.580038 ], [ -64.242766, -22.56395 ], [ -64.239765, -22.555447 ], [ -64.230761, -22.557369 ], [ -64.2274, -22.543165 ], [ -64.216315, -22.543474 ], [ -64.214048, -22.525897 ], [ -64.207381, -22.505728 ], [ -64.197722, -22.489594 ], [ -64.190111, -22.49165 ], [ -64.183228, -22.473188 ], [ -64.17379, -22.466353 ], [ -64.161817, -22.467337 ], [ -64.160864, -22.454602 ], [ -64.154413, -22.452457 ], [ -64.151856, -22.439021 ], [ -64.142079, -22.433286 ], [ -64.13838, -22.427062 ], [ -64.144611, -22.4162 ], [ -64.133361, -22.406668 ], [ -64.121432, -22.408392 ], [ -64.116117, -22.403457 ], [ -64.120753, -22.384329 ], [ -64.109055, -22.379576 ], [ -64.116623, -22.367655 ], [ -64.115476, -22.362302 ], [ -64.104083, -22.355436 ], [ -64.098075, -22.343007 ], [ -64.103488, -22.336763 ] ] ] } },
{ "type": "Feature", "properties": { "idep": "07", "nombre_dep": "Santa Cruz" }, "geometry": { "type": "Polygon", "coordinates": [ [ [ -62.13924, -13.762357 ], [ -62.704892, -13.975803 ], [ -63.090682, -14.120408 ], [ -63.551537, -14.292321 ], [ -63.561227, -14.296622 ], [ -63.562184, -14.296938 ], [ -63.813923, -14.560301 ], [ -63.975012, -14.728386 ], [ -63.978465, -14.736375 ], [ -63.96738, -14.741343 ], [ -63.96765, -14.748288 ], [ -63.95897, -14.757727 ], [ -63.942977, -14.759324 ], [ -63.942041, -14.763382 ], [ -63.927005, -14.770585 ], [ -63.92619, -14.780508 ], [ -63.932828, -14.794504 ], [ -63.927412, -14.802743 ], [ -63.931142, -14.807494 ], [ -63.9329, -14.822079 ], [ -63.939609, -14.83617 ], [ -63.937547, -14.846767 ], [ -63.944602, -14.86457 ], [ -63.946576, -14.880701 ], [ -63.939275, -14.895853 ], [ -63.94544, -14.905735 ], [ -63.940376, -14.91013 ], [ -63.938786, -14.920145 ], [ -63.943769, -14.928682 ], [ -63.933236, -14.93741 ], [ -63.92932, -14.957704 ], [ -63.922814, -14.96758 ], [ -63.924628, -14.983802 ], [ -63.921536, -15.000027 ], [ -63.931351, -15.003924 ], [ -63.930745, -15.008946 ], [ -63.940449, -15.013009 ], [ -63.938732, -15.019559 ], [ -63.930257, -15.026893 ], [ -63.922826, -15.026908 ], [ -63.91802, -15.033215 ], [ -63.930669, -15.039854 ], [ -63.94245, -15.053619 ], [ -63.961478, -15.061888 ], [ -63.95247, -15.078608 ], [ -63.955408, -15.084231 ], [ -63.946813, -15.092542 ], [ -63.941583, -15.10997 ], [ -63.944658, -15.115893 ], [ -63.940246, -15.12786 ], [ -63.937813, -15.149562 ], [ -63.940929, -15.156395 ], [ -63.936084, -15.167652 ], [ -63.926079, -15.164409 ], [ -63.90113, -15.166674 ], [ -63.887443, -15.184099 ], [ -63.889882, -15.190515 ], [ -63.884022, -15.198512 ], [ -63.891654, -15.202633 ], [ -63.881578, -15.220412 ], [ -63.876177, -15.218881 ], [ -63.859969, -15.225829 ], [ -63.867014, -15.235618 ], [ -63.861185, -15.241304 ], [ -63.869605, -15.258029 ], [ -63.856981, -15.268999 ], [ -63.85155, -15.293025 ], [ -63.856355, -15.302339 ], [ -63.8425, -15.318255 ], [ -63.842958, -15.324908 ], [ -63.833274, -15.325232 ], [ -63.837527, -15.340513 ], [ -63.831828, -15.352988 ], [ -63.816544, -15.364226 ], [ -63.797387, -15.369905 ], [ -63.800854, -15.374408 ], [ -63.777875, -15.391288 ], [ -63.775866, -15.403221 ], [ -63.790774, -15.413821 ], [ -63.793316, -15.429061 ], [ -63.784382, -15.439093 ], [ -63.765102, -15.438208 ], [ -63.766097, -15.449148 ], [ -63.754078, -15.458574 ], [ -63.753401, -15.469305 ], [ -63.743447, -15.465257 ], [ -63.736995, -15.468352 ], [ -63.731111, -15.452978 ], [ -63.725345, -15.46568 ], [ -63.718336, -15.469957 ], [ -63.712074, -15.481276 ], [ -63.711481, -15.489897 ], [ -63.700778, -15.482904 ], [ -63.679747, -15.499545 ], [ -63.689679, -15.508969 ], [ -63.680141, -15.514302 ], [ -63.689968, -15.524247 ], [ -63.689069, -15.541227 ], [ -63.693239, -15.5542 ], [ -63.685239, -15.56559 ], [ -63.692983, -15.574609 ], [ -63.676617, -15.576915 ], [ -63.669868, -15.572825 ], [ -63.666808, -15.582591 ], [ -63.657899, -15.577921 ], [ -63.65236, -15.588088 ], [ -63.642869, -15.594506 ], [ -63.646507, -15.609261 ], [ -63.634491, -15.609412 ], [ -63.63444, -15.624699 ], [ -63.628418, -15.635266 ], [ -63.617365, -15.631684 ], [ -63.603951, -15.635313 ], [ -63.596773, -15.629311 ], [ -63.586279, -15.636727 ], [ -63.584797, -15.64664 ], [ -63.573337, -15.653901 ], [ -63.579618, -15.66141 ], [ -63.567392, -15.667013 ], [ -63.566883, -15.659321 ], [ -63.552105, -15.659999 ], [ -63.549053, -15.651329 ], [ -63.539572, -15.656729 ], [ -63.536879, -15.665377 ], [ -63.524426, -15.661575 ], [ -63.512195, -15.6655 ], [ -63.513091, -15.674859 ], [ -63.50756, -15.68303 ], [ -63.49246, -15.688484 ], [ -63.489419, -15.70682 ], [ -63.481992, -15.702297 ], [ -63.475868, -15.705774 ], [ -63.471205, -15.732142 ], [ -63.455443, -15.73299 ], [ -63.45765, -15.740392 ], [ -63.44598, -15.742058 ], [ -63.443844, -15.736823 ], [ -63.429253, -15.749092 ], [ -63.437182, -15.759789 ], [ -63.439927, -15.76886 ], [ -63.434971, -15.775427 ], [ -63.444636, -15.779119 ], [ -63.438399, -15.802404 ], [ -63.444248, -15.824835 ], [ -63.429942, -15.825546 ], [ -63.429989, -15.831951 ], [ -63.421331, -15.838018 ], [ -63.428889, -15.845126 ], [ -63.410785, -15.858095 ], [ -63.39334, -15.854835 ], [ -63.384124, -15.865557 ], [ -63.389477, -15.873841 ], [ -63.380617, -15.883927 ], [ -64.486958, -15.825148 ], [ -64.727067, -15.802045 ], [ -64.729661, -15.802011 ], [ -64.729016, -15.81387 ], [ -64.733175, -15.825719 ], [ -64.743178, -15.83798 ], [ -64.744981, -15.852051 ], [ -64.75132, -15.863882 ], [ -64.749004, -15.870895 ], [ -64.736365, -15.874696 ], [ -64.728411, -15.882329 ], [ -64.722989, -15.896784 ], [ -64.73155, -15.902082 ], [ -64.737032, -15.894755 ], [ -64.746557, -15.897074 ], [ -64.730441, -15.911289 ], [ -64.730418, -15.920201 ], [ -64.745585, -15.922091 ], [ -64.750767, -15.925862 ], [ -64.755403, -15.942135 ], [ -64.751323, -15.952736 ], [ -64.733088, -15.948837 ], [ -64.726147, -15.955607 ], [ -64.737411, -15.982395 ], [ -64.726484, -15.981049 ], [ -64.72273, -15.965298 ], [ -64.716594, -15.962191 ], [ -64.709521, -15.967527 ], [ -64.713609, -15.980807 ], [ -64.731631, -15.993184 ], [ -64.734086, -16.00269 ], [ -64.727469, -16.005957 ], [ -64.708678, -16.000943 ], [ -64.700945, -16.006995 ], [ -64.705679, -16.012524 ], [ -64.718757, -16.008518 ], [ -64.726739, -16.012184 ], [ -64.732066, -16.024478 ], [ -64.73164, -16.036946 ], [ -64.719511, -16.034117 ], [ -64.725974, -16.019799 ], [ -64.702494, -16.028709 ], [ -64.702012, -16.034853 ], [ -64.714532, -16.055618 ], [ -64.706886, -16.063598 ], [ -64.700999, -16.055267 ], [ -64.692827, -16.057398 ], [ -64.695209, -16.065378 ], [ -64.689861, -16.078562 ], [ -64.701466, -16.082361 ], [ -64.702547, -16.069842 ], [ -64.707978, -16.066413 ], [ -64.71892, -16.069023 ], [ -64.727007, -16.077737 ], [ -64.715057, -16.082252 ], [ -64.710355, -16.087569 ], [ -64.694751, -16.088382 ], [ -64.68872, -16.098059 ], [ -64.698261, -16.103263 ], [ -64.697792, -16.110898 ], [ -64.686418, -16.116509 ], [ -64.680528, -16.100889 ], [ -64.669672, -16.094605 ], [ -64.663597, -16.099186 ], [ -64.671744, -16.11519 ], [ -64.68272, -16.121519 ], [ -64.683492, -16.128571 ], [ -64.67371, -16.137256 ], [ -64.672561, -16.148846 ], [ -64.681883, -16.169947 ], [ -64.681308, -16.179168 ], [ -64.687662, -16.186176 ], [ -64.693612, -16.180562 ], [ -64.708129, -16.183832 ], [ -64.706577, -16.189812 ], [ -64.670431, -16.20619 ], [ -64.672062, -16.223611 ], [ -64.677135, -16.233406 ], [ -64.667334, -16.240485 ], [ -64.665558, -16.258162 ], [ -64.674682, -16.262279 ], [ -64.693179, -16.285533 ], [ -64.68762, -16.295516 ], [ -64.677797, -16.286298 ], [ -64.655296, -16.288254 ], [ -64.649972, -16.291108 ], [ -64.649535, -16.299983 ], [ -64.673981, -16.30989 ], [ -64.678418, -16.314526 ], [ -64.674941, -16.324883 ], [ -64.656031, -16.31631 ], [ -64.644577, -16.318178 ], [ -64.648113, -16.328824 ], [ -64.663372, -16.334179 ], [ -64.666821, -16.341439 ], [ -64.666321, -16.359542 ], [ -64.673501, -16.365109 ], [ -64.681524, -16.351158 ], [ -64.701514, -16.342563 ], [ -64.708837, -16.350881 ], [ -64.700865, -16.356799 ], [ -64.692005, -16.356296 ], [ -64.686161, -16.360934 ], [ -64.696136, -16.373501 ], [ -64.68553, -16.378808 ], [ -64.666685, -16.371613 ], [ -64.656456, -16.378121 ], [ -64.668729, -16.395354 ], [ -64.683214, -16.410835 ], [ -64.697871, -16.415618 ], [ -64.695165, -16.424965 ], [ -64.678966, -16.428144 ], [ -64.678353, -16.436099 ], [ -64.685326, -16.440323 ], [ -64.685554, -16.452335 ], [ -64.677888, -16.461244 ], [ -64.673208, -16.471801 ], [ -64.679158, -16.479345 ], [ -64.692032, -16.470813 ], [ -64.702605, -16.468456 ], [ -64.712284, -16.477319 ], [ -64.704804, -16.486167 ], [ -64.6918, -16.479757 ], [ -64.690455, -16.488914 ], [ -64.710205, -16.494503 ], [ -64.711453, -16.502562 ], [ -64.701691, -16.512804 ], [ -64.701681, -16.518661 ], [ -64.708028, -16.534402 ], [ -64.723331, -16.534097 ], [ -64.726421, -16.526181 ], [ -64.719084, -16.516319 ], [ -64.719891, -16.50951 ], [ -64.739618, -16.505283 ], [ -64.748449, -16.508915 ], [ -64.751168, -16.514989 ], [ -64.740159, -16.531124 ], [ -64.742642, -16.538455 ], [ -64.752025, -16.541365 ], [ -64.760894, -16.549001 ], [ -64.750172, -16.555786 ], [ -64.747187, -16.582075 ], [ -64.750451, -16.593416 ], [ -64.764998, -16.604876 ], [ -64.781129, -16.613167 ], [ -64.79053, -16.631241 ], [ -64.784633, -16.637149 ], [ -64.769527, -16.63943 ], [ -64.755306, -16.657423 ], [ -64.757958, -16.678877 ], [ -64.763452, -16.685644 ], [ -64.773401, -16.683192 ], [ -64.76698, -16.664599 ], [ -64.767592, -16.658353 ], [ -64.777526, -16.654395 ], [ -64.783393, -16.661231 ], [ -64.784223, -16.678509 ], [ -64.792818, -16.690513 ], [ -64.807075, -16.695123 ], [ -64.809274, -16.707368 ], [ -64.800488, -16.714904 ], [ -64.790075, -16.71564 ], [ -64.780862, -16.725331 ], [ -64.783571, -16.74453 ], [ -64.795076, -16.748877 ], [ -64.801441, -16.73713 ], [ -64.827821, -16.724562 ], [ -64.834315, -16.726513 ], [ -64.841932, -16.736916 ], [ -64.842147, -16.743728 ], [ -64.830735, -16.754035 ], [ -64.829667, -16.760798 ], [ -64.835526, -16.771385 ], [ -64.830604, -16.775732 ], [ -64.818485, -16.766993 ], [ -64.80469, -16.761998 ], [ -64.794605, -16.766294 ], [ -64.803606, -16.773388 ], [ -64.808321, -16.768182 ], [ -64.815442, -16.775866 ], [ -64.804512, -16.785238 ], [ -64.801704, -16.796968 ], [ -64.78859, -16.79603 ], [ -64.778944, -16.805008 ], [ -64.780506, -16.81274 ], [ -64.790191, -16.81849 ], [ -64.792627, -16.824207 ], [ -64.790906, -16.84176 ], [ -64.771221, -16.860694 ], [ -64.761917, -16.853315 ], [ -64.742563, -16.8521 ], [ -64.745738, -16.862555 ], [ -64.769127, -16.867901 ], [ -64.765113, -16.877403 ], [ -64.754757, -16.874527 ], [ -64.744747, -16.866102 ], [ -64.737018, -16.86808 ], [ -64.738497, -16.877726 ], [ -64.758341, -16.886202 ], [ -64.758919, -16.894995 ], [ -64.751496, -16.897928 ], [ -64.743813, -16.894168 ], [ -64.738072, -16.885514 ], [ -64.732235, -16.888146 ], [ -64.729375, -16.901272 ], [ -64.744305, -16.904492 ], [ -64.749987, -16.917354 ], [ -64.739766, -16.918589 ], [ -64.73555, -16.913843 ], [ -64.721706, -16.920922 ], [ -64.739442, -16.926606 ], [ -64.73406, -16.935545 ], [ -64.739376, -16.941047 ], [ -64.735601, -16.951981 ], [ -64.729364, -16.954425 ], [ -64.713253, -16.941937 ], [ -64.709349, -16.953101 ], [ -64.717155, -16.959156 ], [ -64.71723, -16.96738 ], [ -64.709422, -16.972132 ], [ -64.704012, -16.9673 ], [ -64.707419, -16.959429 ], [ -64.703879, -16.952478 ], [ -64.674528, -16.9707 ], [ -64.680449, -16.977154 ], [ -64.685642, -16.968887 ], [ -64.692698, -16.97998 ], [ -64.709875, -16.989208 ], [ -64.707403, -17.001566 ], [ -64.695449, -16.998605 ], [ -64.698066, -16.99122 ], [ -64.690644, -16.983631 ], [ -64.682014, -16.985519 ], [ -64.671856, -16.994306 ], [ -64.675286, -17.000111 ], [ -64.685383, -16.995437 ], [ -64.69139, -17.00036 ], [ -64.689954, -17.017491 ], [ -64.684704, -17.019364 ], [ -64.672832, -17.012888 ], [ -64.664147, -17.015805 ], [ -64.665722, -17.004474 ], [ -64.659229, -17.00214 ], [ -64.651148, -17.008457 ], [ -64.628952, -17.004927 ], [ -64.630226, -17.014116 ], [ -64.638495, -17.016871 ], [ -64.641628, -17.031445 ], [ -64.634307, -17.039132 ], [ -64.625655, -17.035796 ], [ -64.628933, -17.022792 ], [ -64.623149, -17.015605 ], [ -64.616276, -17.021088 ], [ -64.620573, -17.028243 ], [ -64.612877, -17.034948 ], [ -64.603965, -17.025784 ], [ -64.587192, -17.036299 ], [ -64.594212, -17.04151 ], [ -64.60855, -17.035045 ], [ -64.608833, -17.044118 ], [ -64.598754, -17.046667 ], [ -64.58783, -17.053892 ], [ -64.584687, -17.044089 ], [ -64.574828, -17.033091 ], [ -64.564746, -17.035734 ], [ -64.565486, -17.042239 ], [ -64.579059, -17.05141 ], [ -64.579476, -17.058959 ], [ -64.565792, -17.05866 ], [ -64.555417, -17.069426 ], [ -64.549926, -17.058331 ], [ -64.544158, -17.054769 ], [ -64.531195, -17.057537 ], [ -64.521701, -17.056278 ], [ -64.519022, -17.064616 ], [ -64.529819, -17.065332 ], [ -64.534419, -17.072113 ], [ -64.54705, -17.079166 ], [ -64.547794, -17.089584 ], [ -64.53629, -17.089331 ], [ -64.516927, -17.098254 ], [ -64.506409, -17.090005 ], [ -64.499304, -17.092519 ], [ -64.497863, -17.102888 ], [ -64.480747, -17.113957 ], [ -64.478247, -17.122966 ], [ -64.488177, -17.126814 ], [ -64.488396, -17.134166 ], [ -64.479566, -17.138167 ], [ -64.461618, -17.13347 ], [ -64.457377, -17.140531 ], [ -64.447858, -17.140221 ], [ -64.442586, -17.132564 ], [ -64.435424, -17.130017 ], [ -64.430279, -17.137534 ], [ -64.435293, -17.147571 ], [ -64.434567, -17.156924 ], [ -64.42456, -17.152213 ], [ -64.424976, -17.143349 ], [ -64.417747, -17.142707 ], [ -64.41379, -17.150251 ], [ -64.406776, -17.148946 ], [ -64.398533, -17.13874 ], [ -64.391629, -17.149077 ], [ -64.404599, -17.150327 ], [ -64.410341, -17.15895 ], [ -64.406572, -17.162871 ], [ -64.396839, -17.155112 ], [ -64.38769, -17.155857 ], [ -64.388227, -17.166269 ], [ -64.39732, -17.167774 ], [ -64.398395, -17.176481 ], [ -64.385148, -17.174365 ], [ -64.377575, -17.187549 ], [ -64.362267, -17.183877 ], [ -64.35644, -17.192458 ], [ -64.360298, -17.198915 ], [ -64.369349, -17.197192 ], [ -64.375046, -17.201616 ], [ -64.366137, -17.21555 ], [ -64.371189, -17.229903 ], [ -64.356417, -17.231064 ], [ -64.351518, -17.212633 ], [ -64.336207, -17.20802 ], [ -64.332895, -17.214239 ], [ -64.336145, -17.231831 ], [ -64.325289, -17.235757 ], [ -64.323301, -17.243725 ], [ -64.338841, -17.246399 ], [ -64.34019, -17.263786 ], [ -64.317186, -17.264109 ], [ -64.31011, -17.275769 ], [ -64.301622, -17.272193 ], [ -64.311281, -17.264864 ], [ -64.305572, -17.257403 ], [ -64.295532, -17.26335 ], [ -64.28382, -17.264735 ], [ -64.284418, -17.281004 ], [ -64.271707, -17.293925 ], [ -64.25705, -17.296238 ], [ -64.245921, -17.303987 ], [ -64.245852, -17.316155 ], [ -64.241161, -17.321383 ], [ -64.245131, -17.331118 ], [ -64.236607, -17.349874 ], [ -64.239052, -17.35977 ], [ -64.234106, -17.37366 ], [ -64.241828, -17.397711 ], [ -64.253809, -17.403129 ], [ -64.249817, -17.409954 ], [ -64.253905, -17.425459 ], [ -64.262794, -17.422813 ], [ -64.281866, -17.425245 ], [ -64.295558, -17.43675 ], [ -64.306162, -17.437383 ], [ -64.323796, -17.422064 ], [ -64.334322, -17.423385 ], [ -64.340199, -17.427965 ], [ -64.348297, -17.423384 ], [ -64.358038, -17.445156 ], [ -64.370478, -17.445535 ], [ -64.37225, -17.452851 ], [ -64.383915, -17.457118 ], [ -64.396122, -17.451498 ], [ -64.406354, -17.454717 ], [ -64.400057, -17.465495 ], [ -64.406282, -17.470707 ], [ -64.40039, -17.492977 ], [ -64.405882, -17.495179 ], [ -64.410889, -17.50453 ], [ -64.4089, -17.515891 ], [ -64.414845, -17.520756 ], [ -64.427565, -17.523475 ], [ -64.423824, -17.536553 ], [ -64.429793, -17.539663 ], [ -64.432281, -17.560013 ], [ -64.464934, -17.56268 ], [ -64.48321, -17.557318 ], [ -64.490664, -17.559429 ], [ -64.512812, -17.544782 ], [ -64.514854, -17.538088 ], [ -64.525794, -17.540341 ], [ -64.53136, -17.547472 ], [ -64.543738, -17.553522 ], [ -64.550217, -17.565834 ], [ -64.562093, -17.563703 ], [ -64.584582, -17.556444 ], [ -64.602494, -17.557409 ], [ -64.598566, -17.590228 ], [ -64.588433, -17.600612 ], [ -64.597419, -17.634683 ], [ -64.614526, -17.65239 ], [ -64.616517, -17.663952 ], [ -64.627655, -17.659149 ], [ -64.635703, -17.669932 ], [ -64.64153, -17.687331 ], [ -64.639131, -17.70567 ], [ -64.66024, -17.716335 ], [ -64.67072, -17.713999 ], [ -64.686921, -17.718457 ], [ -64.698968, -17.715406 ], [ -64.713251, -17.731576 ], [ -64.740026, -17.737389 ], [ -64.746031, -17.735914 ], [ -64.756535, -17.750914 ], [ -64.762709, -17.773168 ], [ -64.777389, -17.811721 ], [ -64.773691, -17.819494 ], [ -64.777161, -17.828903 ], [ -64.791543, -17.844502 ], [ -64.806381, -17.89307 ], [ -64.802404, -17.897502 ], [ -64.795404, -17.915981 ], [ -64.786593, -17.933309 ], [ -64.81061, -17.944697 ], [ -64.798915, -17.959263 ], [ -64.796411, -17.967662 ], [ -64.778543, -17.981176 ], [ -64.774384, -17.977191 ], [ -64.766323, -17.984904 ], [ -64.763681, -18.000732 ], [ -64.747487, -18.026488 ], [ -64.73652, -18.03948 ], [ -64.725357, -18.040567 ], [ -64.715359, -18.049855 ], [ -64.718875, -18.061804 ], [ -64.715818, -18.071642 ], [ -64.706377, -18.084977 ], [ -64.699821, -18.089746 ], [ -64.691873, -18.098758 ], [ -64.666073, -18.104505 ], [ -64.654579, -18.10048 ], [ -64.645752, -18.102887 ], [ -64.633252, -18.095426 ], [ -64.611229, -18.096221 ], [ -64.610397, -18.103651 ], [ -64.602859, -18.10971 ], [ -64.579705, -18.114649 ], [ -64.573221, -18.120935 ], [ -64.559521, -18.125629 ], [ -64.558426, -18.129963 ], [ -64.5456, -18.135575 ], [ -64.537926, -18.146775 ], [ -64.537418, -18.153018 ], [ -64.527797, -18.156932 ], [ -64.522991, -18.169408 ], [ -64.522619, -18.181275 ], [ -64.508415, -18.191787 ], [ -64.512239, -18.196521 ], [ -64.497315, -18.21255 ], [ -64.502112, -18.222618 ], [ -64.494183, -18.234505 ], [ -64.490365, -18.240377 ], [ -64.488423, -18.256233 ], [ -64.480498, -18.279239 ], [ -64.485713, -18.292838 ], [ -64.472921, -18.295477 ], [ -64.470903, -18.313226 ], [ -64.464955, -18.321406 ], [ -64.450609, -18.327164 ], [ -64.439249, -18.329148 ], [ -64.4337, -18.336267 ], [ -64.444326, -18.357844 ], [ -64.431719, -18.37298 ], [ -64.429316, -18.392205 ], [ -64.432943, -18.403833 ], [ -64.427351, -18.409943 ], [ -64.427568, -18.418118 ], [ -64.421374, -18.423307 ], [ -64.410543, -18.44271 ], [ -64.401818, -18.451023 ], [ -64.391045, -18.45017 ], [ -64.38161, -18.456887 ], [ -64.364964, -18.463628 ], [ -64.349875, -18.474653 ], [ -64.335454, -18.476046 ], [ -64.33462, -18.485835 ], [ -64.328142, -18.489001 ], [ -64.325124, -18.497378 ], [ -64.317726, -18.494819 ], [ -64.30282, -18.500488 ], [ -64.306014, -18.505343 ], [ -64.304489, -18.517396 ], [ -64.298261, -18.519053 ], [ -64.300761, -18.531473 ], [ -64.29168, -18.533723 ], [ -64.290586, -18.543198 ], [ -64.284793, -18.553981 ], [ -64.290677, -18.551431 ], [ -64.296293, -18.559939 ], [ -64.288844, -18.569434 ], [ -64.285798, -18.58952 ], [ -64.280852, -18.599942 ], [ -64.288754, -18.610879 ], [ -64.291375, -18.615925 ], [ -64.303561, -18.615793 ], [ -64.304984, -18.622601 ], [ -64.31305, -18.624625 ], [ -64.314385, -18.638521 ], [ -64.319384, -18.654801 ], [ -64.3292, -18.665467 ], [ -64.322237, -18.669646 ], [ -64.312035, -18.668904 ], [ -64.309045, -18.696886 ], [ -64.312298, -18.715263 ], [ -64.319814, -18.726705 ], [ -64.317521, -18.738686 ], [ -64.309366, -18.749839 ], [ -64.31754, -18.755289 ], [ -64.315954, -18.76058 ], [ -64.297833, -18.766456 ], [ -64.286774, -18.785674 ], [ -64.282676, -18.809366 ], [ -64.290709, -18.821646 ], [ -64.277285, -18.836619 ], [ -64.258268, -18.837379 ], [ -64.247638, -18.845558 ], [ -64.238771, -18.859974 ], [ -64.233119, -18.8589 ], [ -64.224182, -18.868504 ], [ -64.223372, -18.878361 ], [ -64.214274, -18.881095 ], [ -64.212385, -18.896012 ], [ -64.20067, -18.906129 ], [ -64.202284, -18.916627 ], [ -64.196501, -18.927191 ], [ -64.201662, -18.935784 ], [ -64.195501, -18.938525 ], [ -64.195923, -18.948168 ], [ -64.187587, -18.952046 ], [ -64.185355, -18.960418 ], [ -64.175945, -18.957933 ], [ -64.172673, -18.965526 ], [ -64.163995, -18.969406 ], [ -64.139456, -18.968736 ], [ -64.131261, -18.964444 ], [ -64.117359, -18.972566 ], [ -64.11006, -18.971146 ], [ -64.103267, -18.973385 ], [ -64.097246, -18.990968 ], [ -64.08968, -19.000997 ], [ -64.078457, -19.001376 ], [ -64.068472, -19.005271 ], [ -64.063148, -19.016763 ], [ -64.065503, -19.026588 ], [ -64.053356, -19.036857 ], [ -64.055463, -19.045605 ], [ -64.046381, -19.057228 ], [ -64.049464, -19.064457 ], [ -64.04221, -19.077344 ], [ -64.045449, -19.096584 ], [ -64.036877, -19.099159 ], [ -64.040726, -19.10654 ], [ -64.03256, -19.111578 ], [ -64.041226, -19.120931 ], [ -64.042211, -19.128344 ], [ -64.031887, -19.132793 ], [ -64.029832, -19.148711 ], [ -64.022512, -19.156659 ], [ -64.02402, -19.164478 ], [ -64.009873, -19.179782 ], [ -63.99477, -19.18213 ], [ -63.978219, -19.178719 ], [ -63.971895, -19.180784 ], [ -63.960514, -19.173387 ], [ -63.949849, -19.175611 ], [ -63.946705, -19.181932 ], [ -63.934265, -19.177461 ], [ -63.930299, -19.181913 ], [ -63.920783, -19.170744 ], [ -63.907839, -19.161755 ], [ -63.913194, -19.152786 ], [ -63.908654, -19.133221 ], [ -63.913733, -19.12913 ], [ -63.9049, -19.111183 ], [ -63.909859, -19.102799 ], [ -63.911119, -19.063716 ], [ -63.908584, -19.050297 ], [ -63.897202, -19.043391 ], [ -63.89525, -19.03553 ], [ -63.884408, -19.029449 ], [ -63.871632, -19.037377 ], [ -63.861978, -19.035499 ], [ -63.847725, -19.03662 ], [ -63.838901, -19.049588 ], [ -63.832716, -19.051188 ], [ -63.814072, -19.04603 ], [ -63.810203, -19.054364 ], [ -63.793224, -19.043302 ], [ -63.778607, -19.049075 ], [ -63.780499, -19.036688 ], [ -63.769874, -19.031858 ], [ -63.75463, -19.036215 ], [ -63.74309, -19.042178 ], [ -63.730618, -19.030025 ], [ -63.722439, -19.036654 ], [ -63.723115, -19.046182 ], [ -63.705167, -19.043076 ], [ -63.707891, -19.045212 ], [ -63.711496, -19.073474 ], [ -63.716614, -19.095551 ], [ -63.72038, -19.100292 ], [ -63.71857, -19.113015 ], [ -63.731224, -19.12609 ], [ -63.735198, -19.143207 ], [ -63.743832, -19.159156 ], [ -63.74451, -19.185157 ], [ -63.735574, -19.203447 ], [ -63.737657, -19.216019 ], [ -63.727971, -19.227064 ], [ -63.722783, -19.24333 ], [ -63.722641, -19.252477 ], [ -63.714482, -19.272116 ], [ -63.718916, -19.279394 ], [ -63.720643, -19.334915 ], [ -63.72895, -19.34917 ], [ -63.725437, -19.363529 ], [ -63.720071, -19.365502 ], [ -63.712973, -19.376472 ], [ -63.724344, -19.393834 ], [ -63.716549, -19.40439 ], [ -63.720832, -19.418713 ], [ -63.715405, -19.423417 ], [ -63.71813, -19.436994 ], [ -63.706075, -19.469315 ], [ -63.703203, -19.484206 ], [ -63.704515, -19.502926 ], [ -63.70977, -19.512908 ], [ -63.707246, -19.52811 ], [ -63.710463, -19.53699 ], [ -63.708346, -19.544705 ], [ -63.713552, -19.549824 ], [ -63.710152, -19.572933 ], [ -63.704427, -19.576946 ], [ -63.702228, -19.586696 ], [ -63.693131, -19.592887 ], [ -63.693864, -19.602153 ], [ -63.705497, -19.61355 ], [ -63.704506, -19.625481 ], [ -63.707123, -19.636528 ], [ -63.701396, -19.645069 ], [ -63.700883, -19.654649 ], [ -63.710922, -19.671879 ], [ -63.716853, -19.699542 ], [ -63.718548, -19.714741 ], [ -63.718189, -19.742567 ], [ -63.721617, -19.753696 ], [ -63.71816, -19.787385 ], [ -63.720388, -19.81043 ], [ -63.71199, -19.833931 ], [ -63.708993, -19.859869 ], [ -63.717427, -19.88722 ], [ -63.719815, -19.908017 ], [ -63.714999, -19.937643 ], [ -63.716357, -19.951992 ], [ -63.728097, -19.989892 ], [ -63.726909, -20.000048 ], [ -63.73035, -20.012118 ], [ -63.728712, -20.021588 ], [ -63.732261, -20.028128 ], [ -63.728022, -20.047102 ], [ -63.728163, -20.071072 ], [ -63.725243, -20.094837 ], [ -63.725144, -20.116526 ], [ -63.715656, -20.124824 ], [ -63.705762, -20.126432 ], [ -63.692305, -20.148731 ], [ -63.696948, -20.162281 ], [ -63.697909, -20.188097 ], [ -63.687451, -20.189143 ], [ -63.680982, -20.207658 ], [ -63.683533, -20.216136 ], [ -63.692118, -20.229456 ], [ -63.693848, -20.237944 ], [ -63.707569, -20.25429 ], [ -63.702981, -20.256864 ], [ -63.701884, -20.268063 ], [ -63.694232, -20.277888 ], [ -63.700767, -20.282382 ], [ -63.698713, -20.295739 ], [ -63.697364, -20.324411 ], [ -63.692366, -20.345388 ], [ -63.694238, -20.415848 ], [ -63.69108, -20.42678 ], [ -63.692304, -20.435867 ], [ -63.684168, -20.465142 ], [ -63.667203, -20.473214 ], [ -63.6553, -20.472625 ], [ -63.648463, -20.466345 ], [ -63.636273, -20.463538 ], [ -63.622081, -20.46457 ], [ -63.613778, -20.46221 ], [ -63.598598, -20.453163 ], [ -63.587114, -20.442701 ], [ -63.579115, -20.447158 ], [ -63.547542, -20.451113 ], [ -63.514916, -20.462576 ], [ -63.509722, -20.456503 ], [ -63.48283, -20.457515 ], [ -63.473409, -20.45341 ], [ -63.464052, -20.45354 ], [ -63.458293, -20.447781 ], [ -63.443683, -20.442216 ], [ -63.438743, -20.436483 ], [ -63.421391, -20.440393 ], [ -63.415153, -20.438167 ], [ -63.412415, -20.428312 ], [ -63.406735, -20.424997 ], [ -63.399724, -20.398568 ], [ -63.390861, -20.399634 ], [ -63.357051, -20.392521 ], [ -63.35172, -20.417811 ], [ -63.357222, -20.433053 ], [ -63.357629, -20.460053 ], [ -63.249094, -20.460627 ], [ -63.045366, -20.445206 ], [ -63.021878, -20.444249 ], [ -62.692511, -20.442218 ], [ -62.179371, -20.442616 ], [ -62.082395, -20.308334 ], [ -61.998387, -20.192087 ], [ -61.922405, -20.08924 ], [ -61.873852, -19.973771 ], [ -61.817753, -19.837091 ], [ -61.816026, -19.831155 ], [ -61.772572, -19.725634 ], [ -61.742131, -19.652618 ], [ -61.735471, -19.634178 ], [ -61.539712, -19.604561 ], [ -61.481024, -19.595112 ], [ -61.300984, -19.566789 ], [ -61.282567, -19.563546 ], [ -61.194501, -19.550345 ], [ -61.090088, -19.53398 ], [ -61.001271, -19.51924 ], [ -60.900645, -19.50368 ], [ -60.758678, -19.480755 ], [ -60.741844, -19.477715 ], [ -60.606953, -19.45608 ], [ -60.600998, -19.455934 ], [ -60.430158, -19.412008 ], [ -60.275416, -19.37198 ], [ -60.20144, -19.353371 ], [ -60.055507, -19.315114 ], [ -59.976918, -19.295173 ], [ -59.932762, -19.298831 ], [ -59.883843, -19.300119 ], [ -59.645691, -19.312484 ], [ -59.249744, -19.340788 ], [ -59.114492, -19.344008 ], [ -59.09957, -19.349433 ], [ -58.999644, -19.40154 ], [ -58.99833, -19.403114 ], [ -58.919888, -19.445566 ], [ -58.823491, -19.496906 ], [ -58.744267, -19.536388 ], [ -58.640578, -19.586382 ], [ -58.501758, -19.650404 ], [ -58.442242, -19.678287 ], [ -58.302129, -19.74447 ], [ -58.235441, -19.775484 ], [ -58.164759, -19.827079 ], [ -58.173871, -19.834462 ], [ -58.178115, -19.844562 ], [ -58.192066, -19.853293 ], [ -58.201893, -19.864797 ], [ -58.205146, -19.883796 ], [ -58.204836, -19.897721 ], [ -58.200332, -19.905203 ], [ -58.195944, -19.928175 ], [ -58.213123, -19.951394 ], [ -58.20076, -19.961871 ], [ -58.192047, -19.961537 ], [ -58.185483, -19.97119 ], [ -58.176487, -20.004775 ], [ -58.177417, -20.013588 ], [ -58.173572, -20.031002 ], [ -58.156786, -20.043864 ], [ -58.166845, -20.050793 ], [ -58.161907, -20.074936 ], [ -58.152823, -20.075426 ], [ -58.152882, -20.088706 ], [ -58.1446, -20.097837 ], [ -58.136554, -20.12095 ], [ -58.145442, -20.139742 ], [ -58.159357, -20.145367 ], [ -58.167216, -20.152723 ], [ -58.16983, -20.165863 ], [ -58.151869, -20.152741 ], [ -58.123942, -20.149381 ], [ -58.114562, -20.143548 ], [ -58.107183, -20.12759 ], [ -58.093745, -20.108681 ], [ -58.071617, -20.104591 ], [ -58.055321, -20.108286 ], [ -58.045853, -20.102026 ], [ -58.041296, -20.092369 ], [ -58.039019, -20.07696 ], [ -58.033177, -20.064814 ], [ -58.025191, -20.058573 ], [ -57.997134, -20.0566 ], [ -57.985612, -20.059133 ], [ -57.973327, -20.051655 ], [ -57.96693, -20.033089 ], [ -57.956895, -20.022635 ], [ -57.948212, -20.019376 ], [ -57.933066, -20.020927 ], [ -57.904802, -20.043904 ], [ -57.892172, -20.022254 ], [ -57.877099, -20.003839 ], [ -57.865158, -19.986595 ], [ -57.859107, -19.97175 ], [ -58.001175, -19.862794 ], [ -58.131382, -19.758373 ], [ -58.088986, -19.670416 ], [ -58.008837, -19.503756 ], [ -57.933593, -19.348186 ], [ -57.882392, -19.241855 ], [ -57.860077, -19.197087 ], [ -57.826363, -19.124268 ], [ -57.783674, -19.035239 ], [ -57.710969, -19.034794 ], [ -57.707709, -19.02593 ], [ -57.694513, -19.008769 ], [ -57.696602, -18.998778 ], [ -57.710708, -18.979196 ], [ -57.719673, -18.97811 ], [ -57.71875, -18.898395 ], [ -57.744619, -18.900576 ], [ -57.767184, -18.900548 ], [ -57.751194, -18.852939 ], [ -57.693337, -18.666175 ], [ -57.685331, -18.642235 ], [ -57.666503, -18.581234 ], [ -57.647696, -18.522608 ], [ -57.590164, -18.337323 ], [ -57.559692, -18.242139 ], [ -57.501957, -18.237703 ], [ -57.457107, -18.236102 ], [ -57.454434, -18.231024 ], [ -57.464694, -18.224413 ], [ -57.476268, -18.211559 ], [ -57.479024, -18.202423 ], [ -57.492561, -18.201234 ], [ -57.499075, -18.195901 ], [ -57.508198, -18.198729 ], [ -57.579737, -18.120083 ], [ -57.601147, -18.043626 ], [ -57.636517, -17.981599 ], [ -57.722879, -17.830212 ], [ -57.68446, -17.830743 ], [ -57.685141, -17.810637 ], [ -57.713201, -17.775553 ], [ -57.710984, -17.730787 ], [ -57.720663, -17.721356 ], [ -57.730984, -17.719897 ], [ -57.741387, -17.694747 ], [ -57.751811, -17.690974 ], [ -57.758589, -17.668104 ], [ -57.762978, -17.660768 ], [ -57.774913, -17.658025 ], [ -57.783273, -17.637503 ], [ -57.774075, -17.625997 ], [ -57.772039, -17.615323 ], [ -57.782144, -17.615199 ], [ -57.784257, -17.608189 ], [ -57.762559, -17.593171 ], [ -57.758695, -17.585128 ], [ -57.744861, -17.575418 ], [ -57.73748, -17.566984 ], [ -57.739669, -17.560101 ], [ -57.751259, -17.550683 ], [ -57.833241, -17.492665 ], [ -57.887797, -17.452794 ], [ -57.969542, -17.51451 ], [ -57.969984, -17.506375 ], [ -57.998582, -17.514905 ], [ -57.999883, -17.506388 ], [ -58.010997, -17.499551 ], [ -58.018672, -17.499356 ], [ -58.043552, -17.492852 ], [ -58.046554, -17.47451 ], [ -58.0527, -17.460276 ], [ -58.070925, -17.451289 ], [ -58.074625, -17.455644 ], [ -58.09169, -17.462753 ], [ -58.10689, -17.453981 ], [ -58.121473, -17.448306 ], [ -58.119914, -17.424552 ], [ -58.126925, -17.412092 ], [ -58.140766, -17.4164 ], [ -58.151339, -17.409683 ], [ -58.15544, -17.401239 ], [ -58.152474, -17.389656 ], [ -58.159042, -17.384736 ], [ -58.181267, -17.39212 ], [ -58.191762, -17.392597 ], [ -58.20089, -17.389027 ], [ -58.194014, -17.373995 ], [ -58.19722, -17.359279 ], [ -58.209058, -17.35507 ], [ -58.218025, -17.360679 ], [ -58.228041, -17.357876 ], [ -58.226512, -17.351527 ], [ -58.241223, -17.349804 ], [ -58.252361, -17.355237 ], [ -58.257361, -17.347017 ], [ -58.264591, -17.345755 ], [ -58.263312, -17.332464 ], [ -58.276865, -17.325365 ], [ -58.280245, -17.319118 ], [ -58.276556, -17.304971 ], [ -58.285504, -17.299404 ], [ -58.291498, -17.302657 ], [ -58.300044, -17.298344 ], [ -58.295432, -17.283981 ], [ -58.304722, -17.278298 ], [ -58.306769, -17.267923 ], [ -58.316282, -17.268486 ], [ -58.322098, -17.261697 ], [ -58.319811, -17.254769 ], [ -58.334723, -17.238938 ], [ -58.347165, -17.23155 ], [ -58.354284, -17.213808 ], [ -58.369231, -17.199919 ], [ -58.397393, -17.186376 ], [ -58.400046, -17.150685 ], [ -58.399499, -17.083764 ], [ -58.431331, -17.065553 ], [ -58.43092, -17.0359 ], [ -58.417353, -17.037509 ], [ -58.422366, -17.028524 ], [ -58.430966, -17.029711 ], [ -58.435028, -17.009472 ], [ -58.426837, -17.002382 ], [ -58.423104, -16.990889 ], [ -58.432666, -16.991084 ], [ -58.444927, -16.985476 ], [ -58.448514, -16.975987 ], [ -58.447083, -16.968903 ], [ -58.457604, -16.968251 ], [ -58.462993, -16.961761 ], [ -58.459082, -16.938795 ], [ -58.468792, -16.942804 ], [ -58.476071, -16.938404 ], [ -58.47195, -16.921988 ], [ -58.476981, -16.915713 ], [ -58.466032, -16.911816 ], [ -58.461255, -16.90401 ], [ -58.46403, -16.891756 ], [ -58.468768, -16.886133 ], [ -58.46508, -16.88009 ], [ -58.468682, -16.849353 ], [ -58.46203, -16.84102 ], [ -58.476701, -16.830612 ], [ -58.478598, -16.822078 ], [ -58.473008, -16.795859 ], [ -58.461868, -16.795966 ], [ -58.458697, -16.786929 ], [ -58.4655, -16.783177 ], [ -58.465657, -16.758471 ], [ -58.471361, -16.750287 ], [ -58.467146, -16.69489 ], [ -58.460788, -16.668263 ], [ -58.459285, -16.652813 ], [ -58.449606, -16.627483 ], [ -58.434472, -16.593155 ], [ -58.421907, -16.575247 ], [ -58.401773, -16.568828 ], [ -58.393039, -16.563416 ], [ -58.338129, -16.516282 ], [ -58.334442, -16.492181 ], [ -58.335405, -16.478327 ], [ -58.342863, -16.462311 ], [ -58.34742, -16.457934 ], [ -58.354998, -16.439216 ], [ -58.356121, -16.426133 ], [ -58.352225, -16.412093 ], [ -58.345081, -16.399782 ], [ -58.346129, -16.389865 ], [ -58.334457, -16.390599 ], [ -58.327897, -16.380367 ], [ -58.316068, -16.373432 ], [ -58.30764, -16.371835 ], [ -58.309584, -16.361444 ], [ -58.307479, -16.341635 ], [ -58.303971, -16.330416 ], [ -58.3037, -16.309736 ], [ -58.317404, -16.292584 ], [ -58.321987, -16.266002 ], [ -58.32887, -16.271243 ], [ -58.347082, -16.274443 ], [ -58.353103, -16.270633 ], [ -58.365501, -16.274207 ], [ -58.38896, -16.262846 ], [ -58.39195, -16.270916 ], [ -58.391541, -16.286564 ], [ -58.394901, -16.297489 ], [ -58.401153, -16.305472 ], [ -58.431147, -16.322429 ], [ -58.50186, -16.319239 ], [ -58.620494, -16.315465 ], [ -58.749513, -16.310083 ], [ -58.751315, -16.309585 ], [ -59.00128, -16.299391 ], [ -59.002292, -16.300409 ], [ -59.153157, -16.29468 ], [ -59.184093, -16.292201 ], [ -59.235029, -16.290892 ], [ -59.2526, -16.289238 ], [ -59.439177, -16.281029 ], [ -59.495552, -16.279255 ], [ -59.537069, -16.27603 ], [ -59.74369, -16.272592 ], [ -59.815307, -16.271735 ], [ -60.027507, -16.266713 ], [ -60.060965, -16.266424 ], [ -60.095334, -16.264747 ], [ -60.173456, -16.263013 ], [ -60.175708, -16.193872 ], [ -60.175521, -16.170931 ], [ -60.179902, -15.997673 ], [ -60.197482, -15.838133 ], [ -60.216637, -15.66531 ], [ -60.237604, -15.473505 ], [ -60.268715, -15.437606 ], [ -60.414239, -15.274969 ], [ -60.500088, -15.178269 ], [ -60.574874, -15.096019 ], [ -60.437591, -15.095633 ], [ -60.382984, -15.096051 ], [ -60.244364, -15.095315 ], [ -60.252397, -14.960249 ], [ -60.256432, -14.879944 ], [ -60.264236, -14.75384 ], [ -60.266634, -14.740524 ], [ -60.267824, -14.689444 ], [ -60.270064, -14.668461 ], [ -60.271251, -14.627659 ], [ -60.273185, -14.620386 ], [ -60.292721, -14.623198 ], [ -60.302541, -14.616066 ], [ -60.320725, -14.610696 ], [ -60.327616, -14.596036 ], [ -60.327427, -14.581117 ], [ -60.329705, -14.56202 ], [ -60.335489, -14.54807 ], [ -60.336957, -14.529185 ], [ -60.342694, -14.522691 ], [ -60.340569, -14.50768 ], [ -60.35749, -14.484869 ], [ -60.377636, -14.449449 ], [ -60.386144, -14.439453 ], [ -60.396015, -14.421236 ], [ -60.400625, -14.405486 ], [ -60.39364, -14.394013 ], [ -60.380558, -14.388716 ], [ -60.382489, -14.367647 ], [ -60.391659, -14.365018 ], [ -60.394167, -14.35635 ], [ -60.411149, -14.345534 ], [ -60.41983, -14.328275 ], [ -60.443287, -14.31631 ], [ -60.447335, -14.305131 ], [ -60.448859, -14.290759 ], [ -60.45457, -14.273792 ], [ -60.460412, -14.263714 ], [ -60.46004, -14.252573 ], [ -60.451067, -14.243086 ], [ -60.452514, -14.235132 ], [ -60.461115, -14.228118 ], [ -60.464632, -14.196895 ], [ -60.467013, -14.18748 ], [ -60.480623, -14.184614 ], [ -60.482116, -14.174213 ], [ -60.474538, -14.156904 ], [ -60.471794, -14.145768 ], [ -60.470632, -14.122228 ], [ -60.472302, -14.11039 ], [ -60.466634, -14.09645 ], [ -60.447661, -14.079896 ], [ -60.433186, -14.063021 ], [ -60.42658, -14.047351 ], [ -60.411522, -14.026989 ], [ -60.406082, -14.009341 ], [ -60.407333, -13.989598 ], [ -60.41089, -13.98364 ], [ -60.427679, -13.967309 ], [ -60.44207, -13.934286 ], [ -60.444736, -13.912514 ], [ -60.442253, -13.904766 ], [ -60.443816, -13.88976 ], [ -60.453559, -13.881519 ], [ -60.450073, -13.867596 ], [ -60.452838, -13.855454 ], [ -60.469591, -13.854065 ], [ -60.466591, -13.830169 ], [ -60.462164, -13.82366 ], [ -60.462415, -13.811938 ], [ -60.459252, -13.804129 ], [ -60.466005, -13.79694 ], [ -60.486377, -13.795284 ], [ -60.500269, -13.789658 ], [ -60.505885, -13.796955 ], [ -60.511889, -13.793296 ], [ -60.526483, -13.795349 ], [ -60.519764, -13.783467 ], [ -60.521003, -13.770859 ], [ -60.530141, -13.772637 ], [ -60.546413, -13.769256 ], [ -60.546215, -13.779675 ], [ -60.552758, -13.780812 ], [ -60.558983, -13.770882 ], [ -60.569449, -13.769548 ], [ -60.568659, -13.758433 ], [ -60.579077, -13.75719 ], [ -60.577415, -13.746013 ], [ -60.5869, -13.747727 ], [ -60.592436, -13.742957 ], [ -60.605601, -13.747811 ], [ -60.605991, -13.736148 ], [ -60.609997, -13.726391 ], [ -60.619078, -13.724371 ], [ -60.622821, -13.717006 ], [ -60.630871, -13.725145 ], [ -60.63902, -13.725088 ], [ -60.643684, -13.73456 ], [ -60.655091, -13.733041 ], [ -60.678285, -13.719629 ], [ -60.686433, -13.710025 ], [ -60.689039, -13.696987 ], [ -60.702991, -13.70479 ], [ -60.70994, -13.689417 ], [ -60.722655, -13.689837 ], [ -60.740397, -13.682574 ], [ -60.75567, -13.687139 ], [ -60.770674, -13.680968 ], [ -60.769597, -13.667004 ], [ -60.773501, -13.660458 ], [ -60.787794, -13.654791 ], [ -60.801943, -13.656333 ], [ -60.809671, -13.654426 ], [ -60.81837, -13.634403 ], [ -60.835784, -13.625973 ], [ -60.847219, -13.632215 ], [ -60.861335, -13.624462 ], [ -60.877833, -13.619168 ], [ -60.891527, -13.59662 ], [ -60.902855, -13.590378 ], [ -60.915159, -13.5785 ], [ -60.923372, -13.566467 ], [ -60.924396, -13.553389 ], [ -60.918728, -13.54255 ], [ -60.934408, -13.539097 ], [ -60.947313, -13.550888 ], [ -60.960821, -13.548904 ], [ -60.965743, -13.536256 ], [ -60.973039, -13.535035 ], [ -60.99633, -13.548063 ], [ -61.006924, -13.551252 ], [ -61.012538, -13.52923 ], [ -61.006862, -13.525556 ], [ -61.010754, -13.513675 ], [ -61.006335, -13.502311 ], [ -60.989784, -13.503105 ], [ -60.993448, -13.489532 ], [ -61.010531, -13.485301 ], [ -61.024375, -13.479618 ], [ -61.045958, -13.475843 ], [ -61.053248, -13.480461 ], [ -61.053648, -13.490645 ], [ -61.039361, -13.49961 ], [ -61.039021, -13.504934 ], [ -61.054482, -13.512046 ], [ -61.060852, -13.509872 ], [ -61.067059, -13.49969 ], [ -61.094796, -13.498333 ], [ -61.098727, -13.509534 ], [ -61.106016, -13.515505 ], [ -61.102488, -13.523713 ], [ -61.105823, -13.531019 ], [ -61.126669, -13.520072 ], [ -61.136754, -13.528938 ], [ -61.151494, -13.530107 ], [ -61.155899, -13.518083 ], [ -61.172265, -13.510685 ], [ -61.179033, -13.515137 ], [ -61.186494, -13.529899 ], [ -61.194259, -13.535867 ], [ -61.2083, -13.524835 ], [ -61.22244, -13.530236 ], [ -61.235414, -13.52565 ], [ -61.238881, -13.516849 ], [ -61.245668, -13.512552 ], [ -61.242284, -13.503583 ], [ -61.245188, -13.498503 ], [ -61.259996, -13.494092 ], [ -61.278078, -13.505305 ], [ -61.289378, -13.497044 ], [ -61.296539, -13.497404 ], [ -61.300137, -13.504399 ], [ -61.310311, -13.503216 ], [ -61.335177, -13.504491 ], [ -61.341499, -13.517486 ], [ -61.352999, -13.521214 ], [ -61.381233, -13.519235 ], [ -61.391267, -13.519908 ], [ -61.4046, -13.527525 ], [ -61.403594, -13.538003 ], [ -61.410326, -13.537728 ], [ -61.44086, -13.546982 ], [ -61.448159, -13.546933 ], [ -61.469501, -13.554585 ], [ -61.476798, -13.554258 ], [ -61.49064, -13.54789 ], [ -61.506879, -13.548857 ], [ -61.515342, -13.540653 ], [ -61.518025, -13.532964 ], [ -61.52793, -13.529753 ], [ -62.13924, -13.762357 ] ] ] } },
{ "type": "Feature", "properties": { "idep": "08", "nombre_dep": "Beni" }, "geometry": { "type": "Polygon", "coordinates": [ [ [ -63.813923, -14.560301 ], [ -63.562184, -14.296938 ], [ -63.561227, -14.296622 ], [ -63.551537, -14.292321 ], [ -63.090682, -14.120408 ], [ -62.704892, -13.975803 ], [ -62.13924, -13.762357 ], [ -61.52793, -13.529753 ], [ -61.536223, -13.520907 ], [ -61.542013, -13.525696 ], [ -61.553622, -13.518096 ], [ -61.566581, -13.520426 ], [ -61.576906, -13.512793 ], [ -61.578203, -13.50426 ], [ -61.573208, -13.494988 ], [ -61.577875, -13.487206 ], [ -61.585366, -13.491646 ], [ -61.587539, -13.50231 ], [ -61.603476, -13.501602 ], [ -61.60822, -13.510545 ], [ -61.618667, -13.507787 ], [ -61.6239, -13.515207 ], [ -61.62966, -13.5143 ], [ -61.640261, -13.505558 ], [ -61.647552, -13.509587 ], [ -61.648699, -13.518862 ], [ -61.659997, -13.513877 ], [ -61.668439, -13.505123 ], [ -61.683054, -13.507429 ], [ -61.693874, -13.505574 ], [ -61.702585, -13.509643 ], [ -61.704951, -13.515522 ], [ -61.724223, -13.521604 ], [ -61.730647, -13.516297 ], [ -61.741106, -13.526265 ], [ -61.747111, -13.519627 ], [ -61.757584, -13.525539 ], [ -61.752695, -13.534302 ], [ -61.763579, -13.539753 ], [ -61.766193, -13.52479 ], [ -61.769989, -13.517127 ], [ -61.777357, -13.518701 ], [ -61.778488, -13.532082 ], [ -61.790935, -13.536953 ], [ -61.806482, -13.528397 ], [ -61.818447, -13.526642 ], [ -61.825784, -13.522101 ], [ -61.831852, -13.53175 ], [ -61.84084, -13.526651 ], [ -61.847578, -13.528186 ], [ -61.84934, -13.535938 ], [ -61.856287, -13.537613 ], [ -61.869236, -13.525823 ], [ -61.873442, -13.509457 ], [ -61.883631, -13.494529 ], [ -61.880806, -13.471953 ], [ -61.8873, -13.444567 ], [ -61.896918, -13.427163 ], [ -61.908098, -13.433253 ], [ -61.915386, -13.433031 ], [ -61.928848, -13.425471 ], [ -61.9331, -13.412118 ], [ -61.938111, -13.407625 ], [ -61.948881, -13.415342 ], [ -61.952992, -13.408827 ], [ -61.968923, -13.407729 ], [ -61.962389, -13.386278 ], [ -61.971203, -13.383673 ], [ -61.97304, -13.370954 ], [ -61.983933, -13.364414 ], [ -62.00191, -13.367196 ], [ -62.011261, -13.36111 ], [ -62.016696, -13.350043 ], [ -62.01391, -13.335903 ], [ -62.021663, -13.326247 ], [ -62.035879, -13.328548 ], [ -62.046883, -13.315621 ], [ -62.058817, -13.308749 ], [ -62.056878, -13.290265 ], [ -62.070613, -13.282778 ], [ -62.080888, -13.280432 ], [ -62.09248, -13.28136 ], [ -62.09986, -13.269561 ], [ -62.10703, -13.266607 ], [ -62.114456, -13.258126 ], [ -62.109755, -13.250694 ], [ -62.109183, -13.220597 ], [ -62.114237, -13.204725 ], [ -62.114564, -13.189101 ], [ -62.117956, -13.177271 ], [ -62.115423, -13.167993 ], [ -62.120206, -13.152252 ], [ -62.127427, -13.147616 ], [ -62.137627, -13.151119 ], [ -62.143534, -13.160805 ], [ -62.150926, -13.16078 ], [ -62.150569, -13.149402 ], [ -62.160514, -13.143144 ], [ -62.168713, -13.130311 ], [ -62.166741, -13.114614 ], [ -62.172216, -13.11238 ], [ -62.182251, -13.119033 ], [ -62.18277, -13.12559 ], [ -62.176928, -13.136969 ], [ -62.186095, -13.150309 ], [ -62.198111, -13.150611 ], [ -62.201179, -13.141285 ], [ -62.199669, -13.126159 ], [ -62.209025, -13.11341 ], [ -62.222901, -13.112459 ], [ -62.22713, -13.120019 ], [ -62.237583, -13.116015 ], [ -62.244991, -13.121863 ], [ -62.242322, -13.130617 ], [ -62.246129, -13.144201 ], [ -62.260289, -13.145809 ], [ -62.262542, -13.152492 ], [ -62.27375, -13.144976 ], [ -62.279192, -13.153863 ], [ -62.28548, -13.141773 ], [ -62.293698, -13.148284 ], [ -62.300312, -13.1487 ], [ -62.304077, -13.139275 ], [ -62.318263, -13.135804 ], [ -62.327007, -13.141434 ], [ -62.342187, -13.14485 ], [ -62.343457, -13.13714 ], [ -62.354415, -13.143474 ], [ -62.362393, -13.139124 ], [ -62.37438, -13.139749 ], [ -62.380814, -13.13162 ], [ -62.392468, -13.134358 ], [ -62.397618, -13.126359 ], [ -62.395051, -13.117518 ], [ -62.400528, -13.113691 ], [ -62.410824, -13.126758 ], [ -62.415615, -13.127762 ], [ -62.419829, -13.115655 ], [ -62.430958, -13.105645 ], [ -62.435704, -13.096187 ], [ -62.434652, -13.08292 ], [ -62.445354, -13.081616 ], [ -62.450067, -13.086923 ], [ -62.458575, -13.085286 ], [ -62.460329, -13.077637 ], [ -62.468965, -13.079178 ], [ -62.473633, -13.073956 ], [ -62.47305, -13.062169 ], [ -62.484051, -13.062324 ], [ -62.483283, -13.074704 ], [ -62.487425, -13.078785 ], [ -62.504339, -13.081329 ], [ -62.525577, -13.066234 ], [ -62.539805, -13.07376 ], [ -62.548828, -13.071601 ], [ -62.557237, -13.064402 ], [ -62.585169, -13.052053 ], [ -62.604974, -13.045445 ], [ -62.613303, -13.039208 ], [ -62.615281, -13.029118 ], [ -62.61004, -13.021346 ], [ -62.59965, -13.015126 ], [ -62.60772, -13.009952 ], [ -62.619394, -13.015801 ], [ -62.630414, -13.014272 ], [ -62.630318, -12.999022 ], [ -62.633854, -12.988112 ], [ -62.648137, -12.992505 ], [ -62.652965, -12.989745 ], [ -62.646809, -12.966529 ], [ -62.654183, -12.964576 ], [ -62.661459, -12.96878 ], [ -62.666275, -12.979788 ], [ -62.678763, -12.991601 ], [ -62.696632, -12.991714 ], [ -62.699355, -13.002375 ], [ -62.712614, -13.003687 ], [ -62.722172, -13.000691 ], [ -62.728941, -13.00658 ], [ -62.726069, -13.014423 ], [ -62.733359, -13.02212 ], [ -62.751762, -12.999925 ], [ -62.756096, -13.016045 ], [ -62.780378, -13.008156 ], [ -62.79551, -12.995631 ], [ -62.807698, -12.970829 ], [ -62.809501, -12.959269 ], [ -62.805138, -12.948163 ], [ -62.806715, -12.940389 ], [ -62.824087, -12.934248 ], [ -62.83157, -12.935523 ], [ -62.839033, -12.947127 ], [ -62.849143, -12.946322 ], [ -62.851126, -12.940498 ], [ -62.844458, -12.932352 ], [ -62.845318, -12.922375 ], [ -62.85443, -12.91941 ], [ -62.874469, -12.905862 ], [ -62.882466, -12.886905 ], [ -62.893108, -12.877433 ], [ -62.891939, -12.861686 ], [ -62.894551, -12.856715 ], [ -62.910149, -12.852167 ], [ -62.917692, -12.842439 ], [ -62.932613, -12.840197 ], [ -62.942028, -12.846953 ], [ -62.964972, -12.848516 ], [ -62.972629, -12.859368 ], [ -62.98388, -12.851605 ], [ -62.986126, -12.837978 ], [ -63.000118, -12.841621 ], [ -63.012671, -12.833271 ], [ -63.013886, -12.823071 ], [ -63.009397, -12.815529 ], [ -63.011221, -12.807721 ], [ -63.02039, -12.805955 ], [ -63.019984, -12.790833 ], [ -63.035842, -12.776802 ], [ -63.039015, -12.756609 ], [ -63.049862, -12.734265 ], [ -63.058448, -12.727834 ], [ -63.067067, -12.731133 ], [ -63.077923, -12.728501 ], [ -63.082385, -12.711673 ], [ -63.079632, -12.70467 ], [ -63.062701, -12.694595 ], [ -63.063984, -12.68426 ], [ -63.078089, -12.686095 ], [ -63.092325, -12.684341 ], [ -63.09874, -12.677776 ], [ -63.09139, -12.666554 ], [ -63.093255, -12.659707 ], [ -63.103891, -12.655308 ], [ -63.118213, -12.657132 ], [ -63.128479, -12.645194 ], [ -63.13888, -12.646048 ], [ -63.13847, -12.638439 ], [ -63.151745, -12.634041 ], [ -63.155456, -12.615515 ], [ -63.163783, -12.616005 ], [ -63.168239, -12.623264 ], [ -63.16219, -12.636836 ], [ -63.171057, -12.6424 ], [ -63.185786, -12.625022 ], [ -63.191246, -12.623047 ], [ -63.196865, -12.631937 ], [ -63.190413, -12.647412 ], [ -63.198276, -12.655122 ], [ -63.219024, -12.65636 ], [ -63.229211, -12.663193 ], [ -63.242718, -12.660749 ], [ -63.245972, -12.66371 ], [ -63.232171, -12.683259 ], [ -63.241159, -12.690587 ], [ -63.264264, -12.68437 ], [ -63.289696, -12.683279 ], [ -63.329476, -12.670956 ], [ -63.343165, -12.660334 ], [ -63.351753, -12.656902 ], [ -63.370569, -12.659613 ], [ -63.388667, -12.648603 ], [ -63.403696, -12.631172 ], [ -63.409588, -12.612007 ], [ -63.420144, -12.606653 ], [ -63.436171, -12.608261 ], [ -63.439556, -12.598604 ], [ -63.42867, -12.597434 ], [ -63.435228, -12.587328 ], [ -63.438307, -12.575519 ], [ -63.435646, -12.566021 ], [ -63.454001, -12.560943 ], [ -63.474027, -12.56076 ], [ -63.493309, -12.566441 ], [ -63.508038, -12.56285 ], [ -63.533001, -12.538156 ], [ -63.540074, -12.523369 ], [ -63.5513, -12.508499 ], [ -63.565717, -12.501713 ], [ -63.57969, -12.500051 ], [ -63.588602, -12.492204 ], [ -63.614584, -12.484119 ], [ -63.621766, -12.474587 ], [ -63.653278, -12.464117 ], [ -63.666081, -12.464146 ], [ -63.6776, -12.45988 ], [ -63.683917, -12.452815 ], [ -63.696601, -12.447448 ], [ -63.711287, -12.444815 ], [ -63.725571, -12.439477 ], [ -63.740677, -12.438649 ], [ -63.767594, -12.44098 ], [ -63.784983, -12.428946 ], [ -63.791026, -12.431451 ], [ -63.797925, -12.444293 ], [ -63.805451, -12.448353 ], [ -63.816717, -12.446372 ], [ -63.827322, -12.460615 ], [ -63.834917, -12.464148 ], [ -63.857055, -12.458464 ], [ -63.880684, -12.44489 ], [ -63.888394, -12.446531 ], [ -63.890554, -12.46084 ], [ -63.89978, -12.475945 ], [ -63.897614, -12.49972 ], [ -63.909012, -12.509007 ], [ -63.918192, -12.509515 ], [ -63.9299, -12.514381 ], [ -63.945381, -12.528307 ], [ -63.956715, -12.531072 ], [ -63.970771, -12.523355 ], [ -63.990683, -12.50449 ], [ -64.002019, -12.502257 ], [ -64.004329, -12.51463 ], [ -64.025152, -12.510438 ], [ -64.031549, -12.515836 ], [ -64.042677, -12.514578 ], [ -64.05798, -12.490551 ], [ -64.066462, -12.490177 ], [ -64.075442, -12.499657 ], [ -64.085716, -12.498608 ], [ -64.089039, -12.488231 ], [ -64.100542, -12.486638 ], [ -64.102035, -12.491901 ], [ -64.113797, -12.501391 ], [ -64.125122, -12.501905 ], [ -64.124011, -12.486858 ], [ -64.129119, -12.480105 ], [ -64.137864, -12.478292 ], [ -64.144554, -12.481508 ], [ -64.146571, -12.489474 ], [ -64.14263, -12.502018 ], [ -64.153137, -12.511042 ], [ -64.163902, -12.513894 ], [ -64.170173, -12.51181 ], [ -64.174503, -12.501507 ], [ -64.17269, -12.491385 ], [ -64.173011, -12.469542 ], [ -64.1824, -12.465761 ], [ -64.192745, -12.47314 ], [ -64.198706, -12.472722 ], [ -64.210454, -12.462481 ], [ -64.223956, -12.459416 ], [ -64.23294, -12.454123 ], [ -64.239989, -12.459082 ], [ -64.246352, -12.47209 ], [ -64.265695, -12.483798 ], [ -64.278974, -12.499965 ], [ -64.287294, -12.503218 ], [ -64.297177, -12.499923 ], [ -64.300138, -12.491593 ], [ -64.292492, -12.47148 ], [ -64.291823, -12.460162 ], [ -64.301499, -12.45661 ], [ -64.343793, -12.456612 ], [ -64.366645, -12.460451 ], [ -64.377761, -12.452921 ], [ -64.405783, -12.44652 ], [ -64.422908, -12.434719 ], [ -64.434736, -12.417989 ], [ -64.44846, -12.407034 ], [ -64.463102, -12.38394 ], [ -64.476391, -12.380232 ], [ -64.492446, -12.367649 ], [ -64.508709, -12.360814 ], [ -64.515208, -12.349432 ], [ -64.511875, -12.337555 ], [ -64.501129, -12.327551 ], [ -64.497623, -12.31676 ], [ -64.493641, -12.288879 ], [ -64.495537, -12.267807 ], [ -64.509444, -12.227218 ], [ -64.513506, -12.223354 ], [ -64.523642, -12.223822 ], [ -64.547046, -12.239623 ], [ -64.561907, -12.233363 ], [ -64.573171, -12.214163 ], [ -64.578146, -12.210765 ], [ -64.588582, -12.211689 ], [ -64.608765, -12.21806 ], [ -64.623295, -12.213151 ], [ -64.656633, -12.195385 ], [ -64.694026, -12.187051 ], [ -64.702712, -12.182197 ], [ -64.714636, -12.16711 ], [ -64.718178, -12.147507 ], [ -64.713549, -12.119824 ], [ -64.699106, -12.100547 ], [ -64.700761, -12.093164 ], [ -64.70856, -12.085875 ], [ -64.716565, -12.08494 ], [ -64.73682, -12.096291 ], [ -64.738587, -12.101157 ], [ -64.735238, -12.118496 ], [ -64.740101, -12.141253 ], [ -64.74756, -12.155431 ], [ -64.753831, -12.157343 ], [ -64.768585, -12.14774 ], [ -64.770284, -12.137483 ], [ -64.759843, -12.113581 ], [ -64.765324, -12.097333 ], [ -64.776502, -12.090093 ], [ -64.789955, -12.084702 ], [ -64.803907, -12.086728 ], [ -64.812979, -12.096242 ], [ -64.818721, -12.112359 ], [ -64.825804, -12.121388 ], [ -64.833818, -12.119997 ], [ -64.841662, -12.109679 ], [ -64.844781, -12.096871 ], [ -64.834283, -12.080078 ], [ -64.817348, -12.072262 ], [ -64.81049, -12.058699 ], [ -64.81435, -12.041975 ], [ -64.822816, -12.031062 ], [ -64.827743, -12.020399 ], [ -64.840033, -12.010449 ], [ -64.850811, -12.008946 ], [ -64.860384, -12.01181 ], [ -64.884621, -12.014286 ], [ -64.899753, -12.0195 ], [ -64.914376, -12.027882 ], [ -64.925765, -12.026687 ], [ -64.935932, -12.014736 ], [ -64.946872, -11.994173 ], [ -64.963417, -11.997437 ], [ -64.970986, -12.015395 ], [ -64.978459, -12.019133 ], [ -64.98605, -12.015007 ], [ -64.996581, -11.999064 ], [ -65.01233, -11.993843 ], [ -65.021321, -11.998963 ], [ -65.036427, -11.995699 ], [ -65.038251, -11.986497 ], [ -65.028584, -11.975166 ], [ -65.030587, -11.966491 ], [ -65.038986, -11.966882 ], [ -65.04126, -11.959311 ], [ -65.026575, -11.941776 ], [ -65.021602, -11.927806 ], [ -65.017252, -11.908441 ], [ -65.017882, -11.896364 ], [ -65.024717, -11.888458 ], [ -65.057089, -11.885663 ], [ -65.069261, -11.875327 ], [ -65.073664, -11.865838 ], [ -65.073587, -11.857624 ], [ -65.062748, -11.829205 ], [ -65.059899, -11.797955 ], [ -65.062942, -11.774886 ], [ -65.080477, -11.741357 ], [ -65.082957, -11.730504 ], [ -65.082812, -11.713311 ], [ -65.097095, -11.703765 ], [ -65.111567, -11.708355 ], [ -65.126506, -11.721165 ], [ -65.132294, -11.723154 ], [ -65.147253, -11.720681 ], [ -65.1761, -11.720496 ], [ -65.189821, -11.723544 ], [ -65.191395, -11.735983 ], [ -65.173994, -11.746638 ], [ -65.175447, -11.753726 ], [ -65.185296, -11.756532 ], [ -65.217844, -11.743976 ], [ -65.245633, -11.724856 ], [ -65.257022, -11.714116 ], [ -65.261249, -11.702518 ], [ -65.233868, -11.677515 ], [ -65.224543, -11.664745 ], [ -65.221626, -11.651143 ], [ -65.221993, -11.638348 ], [ -65.22525, -11.626738 ], [ -65.232824, -11.611171 ], [ -65.229324, -11.583195 ], [ -65.232639, -11.567191 ], [ -65.228923, -11.555298 ], [ -65.212439, -11.542093 ], [ -65.211584, -11.533676 ], [ -65.217542, -11.519808 ], [ -65.225733, -11.515711 ], [ -65.260639, -11.512915 ], [ -65.286507, -11.505031 ], [ -65.30457, -11.50144 ], [ -65.31013, -11.491002 ], [ -65.312143, -11.470241 ], [ -65.32238, -11.427573 ], [ -65.329236, -11.376339 ], [ -65.334438, -11.348127 ], [ -65.33035, -11.334701 ], [ -65.298783, -11.335453 ], [ -65.293596, -11.332331 ], [ -65.290066, -11.320824 ], [ -65.293418, -11.316089 ], [ -65.306774, -11.316257 ], [ -65.337021, -11.312621 ], [ -65.342866, -11.309674 ], [ -65.352019, -11.290108 ], [ -65.35974, -11.26116 ], [ -65.361945, -11.224272 ], [ -65.349146, -11.210932 ], [ -65.327107, -11.209133 ], [ -65.316003, -11.199634 ], [ -65.316535, -11.188177 ], [ -65.325517, -11.181791 ], [ -65.331708, -11.181867 ], [ -65.346338, -11.18797 ], [ -65.355728, -11.179868 ], [ -65.356865, -11.166316 ], [ -65.362508, -11.148233 ], [ -65.360725, -11.136059 ], [ -65.351224, -11.122187 ], [ -65.339928, -11.112687 ], [ -65.318983, -11.10135 ], [ -65.295434, -11.09724 ], [ -65.283339, -11.090022 ], [ -65.279096, -11.07373 ], [ -65.283763, -11.056401 ], [ -65.301524, -11.036445 ], [ -65.297076, -11.024739 ], [ -65.268594, -10.999876 ], [ -65.25216, -10.991503 ], [ -65.250722, -10.984071 ], [ -65.268129, -10.963828 ], [ -65.274335, -10.945141 ], [ -65.267081, -10.92523 ], [ -65.267534, -10.901207 ], [ -65.273987, -10.874805 ], [ -65.279452, -10.866186 ], [ -65.298967, -10.847809 ], [ -65.316291, -10.825712 ], [ -65.359203, -10.796108 ], [ -65.361322, -10.785388 ], [ -65.347936, -10.778481 ], [ -65.344202, -10.770871 ], [ -65.343572, -10.759636 ], [ -65.349331, -10.742746 ], [ -65.344993, -10.721916 ], [ -65.343097, -10.703599 ], [ -65.349234, -10.670084 ], [ -65.352644, -10.662511 ], [ -65.373661, -10.646484 ], [ -65.392679, -10.646256 ], [ -65.404966, -10.640874 ], [ -65.403174, -10.626373 ], [ -65.410732, -10.612337 ], [ -65.408784, -10.598282 ], [ -65.395808, -10.585295 ], [ -65.402043, -10.568199 ], [ -65.404746, -10.552894 ], [ -65.41722, -10.541955 ], [ -65.42027, -10.526504 ], [ -65.412475, -10.517749 ], [ -65.411468, -10.50552 ], [ -65.417596, -10.496923 ], [ -65.429629, -10.48666 ], [ -65.430541, -10.482266 ], [ -65.423999, -10.464434 ], [ -65.407427, -10.465099 ], [ -65.398605, -10.458465 ], [ -65.395851, -10.448347 ], [ -65.388026, -10.442434 ], [ -65.380591, -10.427603 ], [ -65.378464, -10.412947 ], [ -65.38093, -10.3982 ], [ -65.391, -10.381218 ], [ -65.39714, -10.390881 ], [ -65.400615, -10.407304 ], [ -65.408152, -10.41405 ], [ -65.419401, -10.416783 ], [ -65.438181, -10.413136 ], [ -65.448171, -10.414659 ], [ -65.472118, -10.429196 ], [ -65.483841, -10.438123 ], [ -65.487844, -10.462376 ], [ -65.496192, -10.482657 ], [ -65.50208, -10.491593 ], [ -65.509905, -10.496727 ], [ -65.535074, -10.503632 ], [ -65.555435, -10.507795 ], [ -65.573555, -10.519184 ], [ -65.587249, -10.536844 ], [ -65.618051, -10.539911 ], [ -65.623823, -10.54716 ], [ -65.624476, -10.557748 ], [ -65.633328, -10.563585 ], [ -65.647279, -10.566131 ], [ -65.683607, -10.564178 ], [ -65.709892, -10.56571 ], [ -65.723242, -10.564953 ], [ -65.731985, -10.571674 ], [ -65.735013, -10.582228 ], [ -65.733002, -10.595555 ], [ -65.724648, -10.611896 ], [ -65.704114, -10.644618 ], [ -65.70194, -10.65138 ], [ -65.711062, -10.683588 ], [ -65.719634, -10.695146 ], [ -65.733532, -10.706928 ], [ -65.753079, -10.716905 ], [ -65.787725, -10.730645 ], [ -65.812567, -10.743326 ], [ -65.827081, -10.741754 ], [ -65.840474, -10.717996 ], [ -65.860259, -10.69258 ], [ -65.8688, -10.689033 ], [ -65.879966, -10.693351 ], [ -65.887808, -10.701458 ], [ -65.903764, -10.729146 ], [ -65.905578, -10.740826 ], [ -65.903017, -10.74558 ], [ -65.881242, -10.757406 ], [ -65.868377, -10.767599 ], [ -65.85177, -10.784368 ], [ -65.848599, -10.791791 ], [ -65.84982, -10.822963 ], [ -65.85396, -10.833902 ], [ -65.859745, -10.83549 ], [ -65.881068, -10.830545 ], [ -65.904667, -10.829827 ], [ -65.914941, -10.827445 ], [ -65.935399, -10.813468 ], [ -65.968795, -10.797667 ], [ -65.975751, -10.796988 ], [ -65.989635, -10.802137 ], [ -66.000551, -10.810368 ], [ -66.010317, -10.813112 ], [ -66.044203, -10.831369 ], [ -66.071771, -10.847533 ], [ -66.076124, -10.85666 ], [ -66.071006, -10.863123 ], [ -66.055954, -10.867067 ], [ -66.048616, -10.865483 ], [ -66.028503, -10.854538 ], [ -66.015446, -10.858197 ], [ -66.013095, -10.863709 ], [ -66.02068, -10.879078 ], [ -66.038232, -10.889047 ], [ -66.047283, -10.902996 ], [ -66.049109, -10.914007 ], [ -66.046968, -10.941846 ], [ -66.055791, -10.981963 ], [ -66.06613, -10.991324 ], [ -66.088196, -10.991984 ], [ -66.092297, -10.990081 ], [ -66.106565, -11.022789 ], [ -66.106693, -11.039282 ], [ -66.091517, -11.04731 ], [ -66.104251, -11.051447 ], [ -66.137441, -11.042155 ], [ -66.143298, -11.051962 ], [ -66.126951, -11.075813 ], [ -66.123388, -11.08381 ], [ -66.12163, -11.100285 ], [ -66.126391, -11.118256 ], [ -66.137693, -11.130601 ], [ -66.152941, -11.135526 ], [ -66.160147, -11.131197 ], [ -66.170348, -11.09741 ], [ -66.18332, -11.077072 ], [ -66.193795, -11.074875 ], [ -66.214676, -11.118551 ], [ -66.214252, -11.122372 ], [ -66.196344, -11.13234 ], [ -66.190796, -11.145482 ], [ -66.185386, -11.179391 ], [ -66.188793, -11.187597 ], [ -66.202881, -11.202788 ], [ -66.216451, -11.211577 ], [ -66.237146, -11.219801 ], [ -66.244121, -11.219578 ], [ -66.253395, -11.206613 ], [ -66.261517, -11.207978 ], [ -66.266951, -11.217207 ], [ -66.26969, -11.234873 ], [ -66.26638, -11.24689 ], [ -66.25509, -11.257829 ], [ -66.251379, -11.266084 ], [ -66.256251, -11.2733 ], [ -66.277569, -11.277656 ], [ -66.2699, -11.289633 ], [ -66.243033, -11.303295 ], [ -66.237901, -11.308123 ], [ -66.225783, -11.329092 ], [ -66.225422, -11.336403 ], [ -66.233064, -11.342641 ], [ -66.243552, -11.340158 ], [ -66.2722, -11.322927 ], [ -66.290291, -11.315492 ], [ -66.303235, -11.31432 ], [ -66.317593, -11.317462 ], [ -66.331489, -11.323469 ], [ -66.338249, -11.331131 ], [ -66.335934, -11.345654 ], [ -66.32252, -11.350265 ], [ -66.317935, -11.358686 ], [ -66.327047, -11.363501 ], [ -66.341575, -11.36435 ], [ -66.364687, -11.369931 ], [ -66.373701, -11.374556 ], [ -66.389633, -11.378181 ], [ -66.42378, -11.373938 ], [ -66.435904, -11.374347 ], [ -66.461382, -11.392139 ], [ -66.467054, -11.405672 ], [ -66.463071, -11.417591 ], [ -66.47025, -11.427813 ], [ -66.486628, -11.432287 ], [ -66.498658, -11.442252 ], [ -66.505438, -11.443148 ], [ -66.510934, -11.429998 ], [ -66.519018, -11.420026 ], [ -66.534372, -11.41829 ], [ -66.547056, -11.41438 ], [ -66.559836, -11.416208 ], [ -66.573869, -11.424501 ], [ -66.590696, -11.429374 ], [ -66.615137, -11.427996 ], [ -66.631602, -11.423969 ], [ -66.638963, -11.430628 ], [ -66.633526, -11.455 ], [ -66.633859, -11.46734 ], [ -66.642542, -11.472575 ], [ -66.66743, -11.45269 ], [ -66.689175, -11.443395 ], [ -66.705293, -11.446534 ], [ -66.71778, -11.45808 ], [ -66.733314, -11.479864 ], [ -66.729468, -11.487869 ], [ -66.71959, -11.486213 ], [ -66.700921, -11.492523 ], [ -66.690788, -11.50435 ], [ -66.682508, -11.520724 ], [ -66.676832, -11.538755 ], [ -66.67577, -11.5617 ], [ -66.680393, -11.565754 ], [ -66.692217, -11.560971 ], [ -66.713291, -11.56372 ], [ -66.747673, -11.576184 ], [ -66.762422, -11.587805 ], [ -66.760916, -11.594249 ], [ -66.734027, -11.608386 ], [ -66.724874, -11.606592 ], [ -66.712764, -11.610513 ], [ -66.710957, -11.617959 ], [ -66.721923, -11.629523 ], [ -66.727037, -11.644943 ], [ -66.735273, -11.652324 ], [ -66.729405, -11.658016 ], [ -66.717052, -11.655767 ], [ -66.708588, -11.658569 ], [ -66.706009, -11.671316 ], [ -66.711744, -11.681834 ], [ -66.725355, -11.69055 ], [ -66.762038, -11.708514 ], [ -66.763901, -11.712259 ], [ -66.763594, -11.732198 ], [ -66.768047, -11.739693 ], [ -66.781254, -11.744961 ], [ -66.790735, -11.742739 ], [ -66.796193, -11.733886 ], [ -66.793625, -11.727209 ], [ -66.782895, -11.721818 ], [ -66.774082, -11.713428 ], [ -66.771887, -11.696626 ], [ -66.779196, -11.692809 ], [ -66.811492, -11.695353 ], [ -66.82611, -11.706224 ], [ -66.829118, -11.71256 ], [ -66.835092, -11.739808 ], [ -66.837665, -11.764648 ], [ -66.852094, -11.762892 ], [ -66.860892, -11.754923 ], [ -66.866501, -11.745065 ], [ -66.879629, -11.742007 ], [ -66.904656, -11.7442 ], [ -66.910458, -11.747112 ], [ -66.917315, -11.764667 ], [ -66.917923, -11.780597 ], [ -66.909619, -11.781111 ], [ -66.886527, -11.772905 ], [ -66.877176, -11.776997 ], [ -66.871037, -11.79259 ], [ -66.873153, -11.801573 ], [ -66.867851, -11.812293 ], [ -66.856404, -11.817229 ], [ -66.856727, -11.822611 ], [ -66.877879, -11.841805 ], [ -66.893656, -11.857944 ], [ -66.913157, -11.863469 ], [ -66.941393, -11.878024 ], [ -66.953289, -11.87823 ], [ -66.956455, -11.893151 ], [ -66.964683, -11.896917 ], [ -66.971863, -11.894577 ], [ -66.979108, -11.90001 ], [ -66.978033, -11.913992 ], [ -66.969423, -11.928876 ], [ -66.9561, -11.940617 ], [ -66.949934, -11.937104 ], [ -66.95737, -11.916951 ], [ -66.949654, -11.909602 ], [ -66.934555, -11.91547 ], [ -66.92757, -11.923908 ], [ -66.926397, -11.93454 ], [ -66.930938, -11.944163 ], [ -66.925272, -11.954643 ], [ -66.913656, -11.949296 ], [ -66.905856, -11.952944 ], [ -66.900332, -11.98587 ], [ -66.893935, -12.005926 ], [ -66.898505, -12.02296 ], [ -66.910559, -12.049375 ], [ -66.905863, -12.05696 ], [ -66.897249, -12.054865 ], [ -66.887205, -12.060363 ], [ -66.88432, -12.076552 ], [ -66.873115, -12.106319 ], [ -66.876124, -12.113464 ], [ -66.923593, -12.155399 ], [ -66.92532, -12.161502 ], [ -66.922946, -12.178975 ], [ -66.91809, -12.186123 ], [ -66.897121, -12.190264 ], [ -66.889197, -12.200015 ], [ -66.885814, -12.214657 ], [ -66.885185, -12.237936 ], [ -66.886936, -12.251236 ], [ -66.896688, -12.262693 ], [ -66.913211, -12.287125 ], [ -66.945595, -12.297415 ], [ -66.948795, -12.3115 ], [ -66.946618, -12.326687 ], [ -66.940372, -12.330751 ], [ -66.920194, -12.333902 ], [ -66.90661, -12.341997 ], [ -66.899995, -12.351692 ], [ -66.897327, -12.369202 ], [ -66.899482, -12.373201 ], [ -66.917009, -12.3769 ], [ -66.93854, -12.398655 ], [ -66.968652, -12.417106 ], [ -66.968593, -12.424708 ], [ -66.957593, -12.440139 ], [ -66.935228, -12.465456 ], [ -66.934709, -12.474901 ], [ -66.952647, -12.475117 ], [ -66.966239, -12.482298 ], [ -66.96731, -12.490341 ], [ -66.960672, -12.50386 ], [ -66.955465, -12.508453 ], [ -66.920478, -12.528421 ], [ -66.919034, -12.538548 ], [ -66.932935, -12.541238 ], [ -66.943693, -12.557348 ], [ -66.950655, -12.561885 ], [ -66.963981, -12.565209 ], [ -66.972987, -12.57159 ], [ -66.976911, -12.592711 ], [ -66.973089, -12.595838 ], [ -66.946767, -12.599368 ], [ -66.93952, -12.610503 ], [ -66.928961, -12.619288 ], [ -66.930001, -12.63228 ], [ -66.94059, -12.632601 ], [ -66.943686, -12.626049 ], [ -66.953427, -12.625885 ], [ -66.955085, -12.640843 ], [ -66.958922, -12.648285 ], [ -66.970826, -12.651843 ], [ -66.975291, -12.656899 ], [ -66.968772, -12.665219 ], [ -66.95146, -12.667955 ], [ -66.947053, -12.67091 ], [ -66.93939, -12.684959 ], [ -66.945197, -12.689787 ], [ -66.953737, -12.68782 ], [ -66.969317, -12.688705 ], [ -66.970712, -12.696965 ], [ -66.960756, -12.708487 ], [ -66.953839, -12.720628 ], [ -66.953292, -12.728085 ], [ -66.96164, -12.735084 ], [ -66.97083, -12.7281 ], [ -66.98044, -12.729609 ], [ -66.980597, -12.740609 ], [ -66.968677, -12.75379 ], [ -66.968921, -12.768952 ], [ -66.956421, -12.778301 ], [ -66.947797, -12.790309 ], [ -66.954036, -12.802194 ], [ -66.970315, -12.792755 ], [ -66.978415, -12.785285 ], [ -66.986891, -12.791806 ], [ -66.983093, -12.809712 ], [ -66.973855, -12.818596 ], [ -66.943941, -12.823421 ], [ -66.946448, -12.838792 ], [ -66.953579, -12.843009 ], [ -66.958182, -12.837294 ], [ -66.969395, -12.836843 ], [ -66.973394, -12.847156 ], [ -66.979085, -12.851683 ], [ -66.990178, -12.851192 ], [ -66.994082, -12.862891 ], [ -66.993523, -12.884121 ], [ -67.000985, -12.889822 ], [ -67.018873, -12.884027 ], [ -67.034797, -12.892373 ], [ -67.035574, -12.905292 ], [ -67.024019, -12.911518 ], [ -67.011161, -12.90989 ], [ -66.998646, -12.914137 ], [ -66.998705, -12.919016 ], [ -67.012079, -12.929448 ], [ -67.031195, -12.929019 ], [ -67.036594, -12.931929 ], [ -67.046571, -12.953048 ], [ -67.046423, -12.959551 ], [ -67.039442, -12.966864 ], [ -67.038409, -12.974126 ], [ -67.056109, -12.980763 ], [ -67.068037, -12.989652 ], [ -67.069423, -12.999706 ], [ -67.065294, -13.003788 ], [ -67.043391, -13.013128 ], [ -67.042941, -13.041504 ], [ -67.046689, -13.051257 ], [ -67.053087, -13.053272 ], [ -67.060565, -13.046604 ], [ -67.058872, -13.032935 ], [ -67.06543, -13.028743 ], [ -67.089601, -13.04558 ], [ -67.09802, -13.04161 ], [ -67.092027, -13.030909 ], [ -67.096006, -13.025456 ], [ -67.111263, -13.031155 ], [ -67.110855, -13.040359 ], [ -67.100856, -13.053114 ], [ -67.101891, -13.064916 ], [ -67.106364, -13.068466 ], [ -67.116737, -13.065749 ], [ -67.11145, -13.050916 ], [ -67.114848, -13.047941 ], [ -67.14051, -13.046783 ], [ -67.148115, -13.052942 ], [ -67.146488, -13.07476 ], [ -67.14407, -13.081984 ], [ -67.135022, -13.088808 ], [ -67.138889, -13.098251 ], [ -67.159084, -13.102943 ], [ -67.165906, -13.123787 ], [ -67.170395, -13.125578 ], [ -67.183417, -13.120898 ], [ -67.18708, -13.127752 ], [ -67.169357, -13.134764 ], [ -67.161037, -13.154297 ], [ -67.160271, -13.166395 ], [ -67.16623, -13.16737 ], [ -67.194186, -13.16219 ], [ -67.220671, -13.166202 ], [ -67.228065, -13.171116 ], [ -67.225649, -13.178342 ], [ -67.201498, -13.186345 ], [ -67.197947, -13.195283 ], [ -67.212212, -13.199833 ], [ -67.237926, -13.193805 ], [ -67.245783, -13.197273 ], [ -67.253932, -13.206951 ], [ -67.266749, -13.209626 ], [ -67.268465, -13.216235 ], [ -67.26466, -13.228831 ], [ -67.258198, -13.234788 ], [ -67.249531, -13.25186 ], [ -67.251174, -13.258286 ], [ -67.265371, -13.257246 ], [ -67.27573, -13.241694 ], [ -67.284737, -13.241962 ], [ -67.294043, -13.247716 ], [ -67.295356, -13.253208 ], [ -67.286749, -13.259978 ], [ -67.267028, -13.261706 ], [ -67.262788, -13.272023 ], [ -67.26636, -13.292788 ], [ -67.278226, -13.303112 ], [ -67.2877, -13.301314 ], [ -67.287426, -13.276481 ], [ -67.294058, -13.272499 ], [ -67.300774, -13.278441 ], [ -67.302955, -13.288699 ], [ -67.29626, -13.295793 ], [ -67.300136, -13.305131 ], [ -67.31607, -13.313928 ], [ -67.326072, -13.326863 ], [ -67.34851, -13.340462 ], [ -67.357022, -13.347863 ], [ -67.356079, -13.353858 ], [ -67.330266, -13.355654 ], [ -67.326611, -13.362768 ], [ -67.333773, -13.369852 ], [ -67.377896, -13.385904 ], [ -67.38631, -13.391442 ], [ -67.390977, -13.401301 ], [ -67.388899, -13.408634 ], [ -67.379173, -13.413744 ], [ -67.379905, -13.42213 ], [ -67.396217, -13.42658 ], [ -67.395891, -13.437696 ], [ -67.376204, -13.443457 ], [ -67.355286, -13.444824 ], [ -67.358884, -13.455437 ], [ -67.364771, -13.4571 ], [ -67.382132, -13.455087 ], [ -67.391468, -13.460683 ], [ -67.389482, -13.473306 ], [ -67.37989, -13.486059 ], [ -67.370793, -13.483894 ], [ -67.360109, -13.469203 ], [ -67.351207, -13.4674 ], [ -67.347815, -13.474417 ], [ -67.358763, -13.490638 ], [ -67.369232, -13.493535 ], [ -67.375486, -13.499472 ], [ -67.374016, -13.513 ], [ -67.380435, -13.51938 ], [ -67.392188, -13.516869 ], [ -67.403336, -13.526328 ], [ -67.402499, -13.533723 ], [ -67.38597, -13.534519 ], [ -67.378133, -13.549088 ], [ -67.379797, -13.566141 ], [ -67.372622, -13.570065 ], [ -67.3579, -13.565334 ], [ -67.353889, -13.576198 ], [ -67.364566, -13.58764 ], [ -67.361519, -13.600223 ], [ -67.363295, -13.608959 ], [ -67.374115, -13.609331 ], [ -67.38473, -13.601278 ], [ -67.38683, -13.610678 ], [ -67.378573, -13.617627 ], [ -67.369488, -13.631887 ], [ -67.367651, -13.641441 ], [ -67.393436, -13.640708 ], [ -67.413429, -13.647911 ], [ -67.418903, -13.653362 ], [ -67.432203, -13.656094 ], [ -67.439085, -13.666908 ], [ -67.435565, -13.683317 ], [ -67.418988, -13.699456 ], [ -67.420363, -13.707444 ], [ -67.4315, -13.710223 ], [ -67.4313, -13.720451 ], [ -67.426494, -13.732454 ], [ -67.43494, -13.735456 ], [ -67.448697, -13.729286 ], [ -67.452007, -13.715047 ], [ -67.462286, -13.718217 ], [ -67.460986, -13.726332 ], [ -67.45116, -13.734686 ], [ -67.456473, -13.743933 ], [ -67.473514, -13.749484 ], [ -67.478164, -13.761329 ], [ -67.49021, -13.769012 ], [ -67.509013, -13.772246 ], [ -67.522082, -13.779311 ], [ -67.525447, -13.78942 ], [ -67.515168, -13.794381 ], [ -67.498972, -13.793188 ], [ -67.489451, -13.789932 ], [ -67.481758, -13.794546 ], [ -67.484041, -13.802259 ], [ -67.506894, -13.816334 ], [ -67.515914, -13.832709 ], [ -67.501463, -13.835401 ], [ -67.491679, -13.84244 ], [ -67.490144, -13.849924 ], [ -67.4815, -13.852767 ], [ -67.464611, -13.839506 ], [ -67.46053, -13.849571 ], [ -67.47394, -13.864417 ], [ -67.479658, -13.883996 ], [ -67.504316, -13.896216 ], [ -67.511837, -13.906217 ], [ -67.511228, -13.914131 ], [ -67.494329, -13.908628 ], [ -67.486135, -13.911165 ], [ -67.48615, -13.919813 ], [ -67.495258, -13.929273 ], [ -67.527413, -13.953335 ], [ -67.532558, -13.959882 ], [ -67.536094, -13.972622 ], [ -67.539487, -13.982569 ], [ -67.526287, -14.012153 ], [ -67.532463, -14.02248 ], [ -67.544834, -14.023435 ], [ -67.548355, -14.03157 ], [ -67.545877, -14.037581 ], [ -67.525575, -14.045865 ], [ -67.507916, -14.056633 ], [ -67.49836, -14.060092 ], [ -67.496274, -14.070569 ], [ -67.522574, -14.09018 ], [ -67.538415, -14.086589 ], [ -67.549722, -14.09067 ], [ -67.550426, -14.096597 ], [ -67.539694, -14.110083 ], [ -67.523589, -14.104088 ], [ -67.515213, -14.103244 ], [ -67.504833, -14.112385 ], [ -67.506899, -14.124228 ], [ -67.518516, -14.136821 ], [ -67.534643, -14.165913 ], [ -67.536061, -14.175763 ], [ -67.533865, -14.194413 ], [ -67.512602, -14.219604 ], [ -67.510465, -14.235152 ], [ -67.520316, -14.25083 ], [ -67.512576, -14.261951 ], [ -67.489984, -14.269894 ], [ -67.475139, -14.279956 ], [ -67.473051, -14.291924 ], [ -67.482602, -14.298544 ], [ -67.500692, -14.291641 ], [ -67.510337, -14.290742 ], [ -67.525606, -14.302627 ], [ -67.536672, -14.320686 ], [ -67.560587, -14.337948 ], [ -67.561967, -14.345116 ], [ -67.54033, -14.343298 ], [ -67.536346, -14.348809 ], [ -67.537967, -14.36021 ], [ -67.554647, -14.366844 ], [ -67.557462, -14.372873 ], [ -67.543557, -14.381133 ], [ -67.542645, -14.390454 ], [ -67.557992, -14.399342 ], [ -67.557159, -14.4107 ], [ -67.544389, -14.416138 ], [ -67.53288, -14.41709 ], [ -67.531245, -14.430619 ], [ -67.534485, -14.447741 ], [ -67.527616, -14.467136 ], [ -67.516844, -14.473205 ], [ -67.509166, -14.493023 ], [ -67.500787, -14.495376 ], [ -67.485124, -14.494191 ], [ -67.48157, -14.503554 ], [ -67.491976, -14.512887 ], [ -67.496719, -14.522304 ], [ -67.499402, -14.560933 ], [ -67.520123, -14.57086 ], [ -67.520154, -14.579959 ], [ -67.527563, -14.589697 ], [ -67.537627, -14.593094 ], [ -67.536753, -14.602212 ], [ -67.526055, -14.615035 ], [ -67.525715, -14.62775 ], [ -67.529054, -14.637753 ], [ -67.519343, -14.645672 ], [ -67.509338, -14.648166 ], [ -67.513957, -14.657793 ], [ -67.503179, -14.671037 ], [ -67.489669, -14.67954 ], [ -67.49721, -14.686313 ], [ -67.475036, -14.688303 ], [ -67.479465, -14.69764 ], [ -67.468978, -14.701301 ], [ -67.455792, -14.71788 ], [ -67.442002, -14.726252 ], [ -67.433895, -14.73718 ], [ -67.424878, -14.7396 ], [ -67.424352, -14.759792 ], [ -67.414026, -14.781531 ], [ -67.406507, -14.780463 ], [ -67.404134, -14.794915 ], [ -67.392575, -14.79588 ], [ -67.396754, -14.804094 ], [ -67.399005, -14.81725 ], [ -67.395774, -14.826225 ], [ -67.406784, -14.826679 ], [ -67.410534, -14.845011 ], [ -67.403456, -14.850534 ], [ -67.406658, -14.858178 ], [ -67.40109, -14.86309 ], [ -67.414019, -14.868578 ], [ -67.431495, -14.894023 ], [ -67.422498, -14.905186 ], [ -67.42851, -14.922203 ], [ -67.41756, -14.931038 ], [ -67.422424, -14.94567 ], [ -67.413956, -14.949175 ], [ -67.420719, -14.965421 ], [ -67.409048, -14.968367 ], [ -67.410979, -14.981166 ], [ -67.416604, -14.987337 ], [ -67.413625, -14.992883 ], [ -67.40329, -14.994038 ], [ -67.396111, -15.009333 ], [ -67.386362, -15.012766 ], [ -67.373448, -15.027141 ], [ -67.34936, -15.038141 ], [ -67.328582, -15.03787 ], [ -67.321625, -15.045515 ], [ -67.315326, -15.037044 ], [ -67.303799, -15.044079 ], [ -67.297878, -15.028542 ], [ -67.288314, -15.029942 ], [ -67.278817, -15.029224 ], [ -67.280992, -15.04079 ], [ -67.263343, -15.047096 ], [ -67.256176, -15.056952 ], [ -67.246232, -15.054016 ], [ -67.237961, -15.062414 ], [ -67.235563, -15.076657 ], [ -67.243437, -15.098801 ], [ -67.233243, -15.108296 ], [ -67.228483, -15.117277 ], [ -67.213151, -15.112608 ], [ -67.203233, -15.1299 ], [ -67.192108, -15.137154 ], [ -67.194809, -15.149507 ], [ -67.186472, -15.15055 ], [ -67.176061, -15.163374 ], [ -67.17094, -15.164318 ], [ -67.16669, -15.18481 ], [ -67.158956, -15.183394 ], [ -67.152444, -15.196597 ], [ -67.138137, -15.218861 ], [ -67.13501, -15.232519 ], [ -67.127224, -15.248919 ], [ -67.132016, -15.263069 ], [ -67.126215, -15.276535 ], [ -67.113662, -15.280245 ], [ -67.101527, -15.300929 ], [ -67.091046, -15.300457 ], [ -67.082295, -15.312248 ], [ -67.080531, -15.320643 ], [ -67.084282, -15.326779 ], [ -67.083384, -15.337875 ], [ -67.093629, -15.360168 ], [ -67.105336, -15.366105 ], [ -67.116764, -15.388031 ], [ -67.109773, -15.393878 ], [ -67.105858, -15.403945 ], [ -67.08632, -15.414715 ], [ -67.080853, -15.427635 ], [ -67.07019, -15.428019 ], [ -67.063191, -15.443058 ], [ -67.045355, -15.447039 ], [ -67.015886, -15.47278 ], [ -67.002942, -15.476531 ], [ -67.002778, -15.485116 ], [ -66.996382, -15.486139 ], [ -66.974632, -15.499456 ], [ -66.962766, -15.511059 ], [ -66.95914, -15.519098 ], [ -66.950837, -15.524852 ], [ -66.946184, -15.534293 ], [ -66.931757, -15.551527 ], [ -66.936589, -15.559063 ], [ -66.934296, -15.565952 ], [ -66.923489, -15.56881 ], [ -66.90672, -15.598376 ], [ -66.899613, -15.604056 ], [ -66.899206, -15.61518 ], [ -66.906673, -15.621206 ], [ -66.904368, -15.627076 ], [ -66.906909, -15.640225 ], [ -66.889683, -15.662543 ], [ -66.873495, -15.69398 ], [ -66.853531, -15.716342 ], [ -66.795423, -15.785103 ], [ -66.795311, -15.783027 ], [ -66.794782, -15.785992 ], [ -66.794384, -15.78779 ], [ -66.79528, -15.789565 ], [ -66.802306, -15.802692 ], [ -66.802772, -15.804534 ], [ -66.805149, -15.806355 ], [ -66.805942, -15.809206 ], [ -66.80654, -15.811523 ], [ -66.806823, -15.813488 ], [ -66.8069, -15.814263 ], [ -66.80786, -15.816156 ], [ -66.808238, -15.819909 ], [ -66.808346, -15.822354 ], [ -66.807466, -15.82804 ], [ -66.790831, -15.833842 ], [ -66.766308, -15.846439 ], [ -66.747634, -15.860289 ], [ -66.729524, -15.878625 ], [ -66.707123, -15.893926 ], [ -66.681703, -15.902917 ], [ -66.676238, -15.910986 ], [ -66.668884, -15.906126 ], [ -66.658703, -15.905418 ], [ -66.652133, -15.912816 ], [ -66.646836, -15.916941 ], [ -66.63882, -15.915957 ], [ -66.634677, -15.926967 ], [ -66.635217, -15.933546 ], [ -66.615559, -15.951684 ], [ -66.569683, -15.960625 ], [ -66.506343, -15.985184 ], [ -66.476901, -16.004386 ], [ -66.432325, -16.044997 ], [ -66.401588, -16.074536 ], [ -66.383169, -16.086111 ], [ -66.380892, -16.090207 ], [ -66.375094, -16.094299 ], [ -66.370883, -16.097292 ], [ -66.368563, -16.102583 ], [ -66.367955, -16.10313 ], [ -66.366433, -16.104467 ], [ -66.365327, -16.104783 ], [ -66.363005, -16.106671 ], [ -66.361521, -16.106575 ], [ -66.359996, -16.107674 ], [ -66.357095, -16.107839 ], [ -66.35559, -16.110132 ], [ -66.355234, -16.111033 ], [ -66.352672, -16.112924 ], [ -66.351504, -16.113241 ], [ -66.349735, -16.114582 ], [ -66.346536, -16.115349 ], [ -66.344306, -16.114966 ], [ -66.343768, -16.116049 ], [ -66.339278, -16.117195 ], [ -66.31043, -16.158979 ], [ -66.231096, -16.285663 ], [ -66.169748, -16.362842 ], [ -66.109805, -16.39663 ], [ -66.056298, -16.417139 ], [ -66.008913, -16.449163 ], [ -65.971225, -16.466976 ], [ -65.914092, -16.481436 ], [ -65.86172, -16.491651 ], [ -65.83535, -16.490444 ], [ -65.594502, -16.460111 ], [ -65.353418, -16.400641 ], [ -65.23995, -16.368762 ], [ -65.139785, -16.236622 ], [ -65.116237, -16.188014 ], [ -65.088948, -16.00581 ], [ -65.080749, -15.930958 ], [ -65.071725, -15.90566 ], [ -65.041207, -15.858003 ], [ -65.021575, -15.837066 ], [ -65.002655, -15.821469 ], [ -64.958349, -15.801046 ], [ -64.836689, -15.801413 ], [ -64.808446, -15.800967 ], [ -64.729661, -15.802011 ], [ -64.727067, -15.802045 ], [ -64.486958, -15.825148 ], [ -63.380617, -15.883927 ], [ -63.389477, -15.873841 ], [ -63.384124, -15.865557 ], [ -63.39334, -15.854835 ], [ -63.410785, -15.858095 ], [ -63.428889, -15.845126 ], [ -63.421331, -15.838018 ], [ -63.429989, -15.831951 ], [ -63.429942, -15.825546 ], [ -63.444248, -15.824835 ], [ -63.438399, -15.802404 ], [ -63.444636, -15.779119 ], [ -63.434971, -15.775427 ], [ -63.439927, -15.76886 ], [ -63.437182, -15.759789 ], [ -63.429253, -15.749092 ], [ -63.443844, -15.736823 ], [ -63.44598, -15.742058 ], [ -63.45765, -15.740392 ], [ -63.455443, -15.73299 ], [ -63.471205, -15.732142 ], [ -63.475868, -15.705774 ], [ -63.481992, -15.702297 ], [ -63.489419, -15.70682 ], [ -63.49246, -15.688484 ], [ -63.50756, -15.68303 ], [ -63.513091, -15.674859 ], [ -63.512195, -15.6655 ], [ -63.524426, -15.661575 ], [ -63.536879, -15.665377 ], [ -63.539572, -15.656729 ], [ -63.549053, -15.651329 ], [ -63.552105, -15.659999 ], [ -63.566883, -15.659321 ], [ -63.567392, -15.667013 ], [ -63.579618, -15.66141 ], [ -63.573337, -15.653901 ], [ -63.584797, -15.64664 ], [ -63.586279, -15.636727 ], [ -63.596773, -15.629311 ], [ -63.603951, -15.635313 ], [ -63.617365, -15.631684 ], [ -63.628418, -15.635266 ], [ -63.63444, -15.624699 ], [ -63.634491, -15.609412 ], [ -63.646507, -15.609261 ], [ -63.642869, -15.594506 ], [ -63.65236, -15.588088 ], [ -63.657899, -15.577921 ], [ -63.666808, -15.582591 ], [ -63.669868, -15.572825 ], [ -63.676617, -15.576915 ], [ -63.692983, -15.574609 ], [ -63.685239, -15.56559 ], [ -63.693239, -15.5542 ], [ -63.689069, -15.541227 ], [ -63.689968, -15.524247 ], [ -63.680141, -15.514302 ], [ -63.689679, -15.508969 ], [ -63.679747, -15.499545 ], [ -63.700778, -15.482904 ], [ -63.711481, -15.489897 ], [ -63.712074, -15.481276 ], [ -63.718336, -15.469957 ], [ -63.725345, -15.46568 ], [ -63.731111, -15.452978 ], [ -63.736995, -15.468352 ], [ -63.743447, -15.465257 ], [ -63.753401, -15.469305 ], [ -63.754078, -15.458574 ], [ -63.766097, -15.449148 ], [ -63.765102, -15.438208 ], [ -63.784382, -15.439093 ], [ -63.793316, -15.429061 ], [ -63.790774, -15.413821 ], [ -63.775866, -15.403221 ], [ -63.777875, -15.391288 ], [ -63.800854, -15.374408 ], [ -63.797387, -15.369905 ], [ -63.816544, -15.364226 ], [ -63.831828, -15.352988 ], [ -63.837527, -15.340513 ], [ -63.833274, -15.325232 ], [ -63.842958, -15.324908 ], [ -63.8425, -15.318255 ], [ -63.856355, -15.302339 ], [ -63.85155, -15.293025 ], [ -63.856981, -15.268999 ], [ -63.869605, -15.258029 ], [ -63.861185, -15.241304 ], [ -63.867014, -15.235618 ], [ -63.859969, -15.225829 ], [ -63.876177, -15.218881 ], [ -63.881578, -15.220412 ], [ -63.891654, -15.202633 ], [ -63.884022, -15.198512 ], [ -63.889882, -15.190515 ], [ -63.887443, -15.184099 ], [ -63.90113, -15.166674 ], [ -63.926079, -15.164409 ], [ -63.936084, -15.167652 ], [ -63.940929, -15.156395 ], [ -63.937813, -15.149562 ], [ -63.940246, -15.12786 ], [ -63.944658, -15.115893 ], [ -63.941583, -15.10997 ], [ -63.946813, -15.092542 ], [ -63.955408, -15.084231 ], [ -63.95247, -15.078608 ], [ -63.961478, -15.061888 ], [ -63.94245, -15.053619 ], [ -63.930669, -15.039854 ], [ -63.91802, -15.033215 ], [ -63.922826, -15.026908 ], [ -63.930257, -15.026893 ], [ -63.938732, -15.019559 ], [ -63.940449, -15.013009 ], [ -63.930745, -15.008946 ], [ -63.931351, -15.003924 ], [ -63.921536, -15.000027 ], [ -63.924628, -14.983802 ], [ -63.922814, -14.96758 ], [ -63.92932, -14.957704 ], [ -63.933236, -14.93741 ], [ -63.943769, -14.928682 ], [ -63.938786, -14.920145 ], [ -63.940376, -14.91013 ], [ -63.94544, -14.905735 ], [ -63.939275, -14.895853 ], [ -63.946576, -14.880701 ], [ -63.944602, -14.86457 ], [ -63.937547, -14.846767 ], [ -63.939609, -14.83617 ], [ -63.9329, -14.822079 ], [ -63.931142, -14.807494 ], [ -63.927412, -14.802743 ], [ -63.932828, -14.794504 ], [ -63.92619, -14.780508 ], [ -63.927005, -14.770585 ], [ -63.942041, -14.763382 ], [ -63.942977, -14.759324 ], [ -63.95897, -14.757727 ], [ -63.96765, -14.748288 ], [ -63.96738, -14.741343 ], [ -63.978465, -14.736375 ], [ -63.975012, -14.728386 ], [ -63.813923, -14.560301 ] ] ] } },
{ "type": "Feature", "properties": { "idep": "09", "nombre_dep": "Pando" }, "geometry": { "type": "Polygon", "coordinates": [ [ [ -69.00169, -11.010038 ], [ -69.013169, -10.990928 ], [ -69.024431, -10.993679 ], [ -69.043274, -10.981503 ], [ -69.060909, -10.986381 ], [ -69.072439, -10.96775 ], [ -69.07789, -10.976393 ], [ -69.084321, -10.971037 ], [ -69.097492, -10.980276 ], [ -69.10391, -10.981291 ], [ -69.111808, -10.971746 ], [ -69.127577, -10.967935 ], [ -69.138506, -10.968439 ], [ -69.148346, -10.972622 ], [ -69.156045, -10.962562 ], [ -69.164644, -10.966386 ], [ -69.17024, -10.959504 ], [ -69.189713, -10.950848 ], [ -69.200275, -10.948209 ], [ -69.215871, -10.958338 ], [ -69.232233, -10.940152 ], [ -69.238841, -10.951453 ], [ -69.254321, -10.949048 ], [ -69.250291, -10.943338 ], [ -69.271796, -10.942423 ], [ -69.278051, -10.94822 ], [ -69.291917, -10.95039 ], [ -69.309077, -10.945204 ], [ -69.334616, -10.947075 ], [ -69.352057, -10.936003 ], [ -69.358014, -10.94512 ], [ -69.369762, -10.938578 ], [ -69.385145, -10.943017 ], [ -69.388753, -10.938322 ], [ -69.404661, -10.929036 ], [ -69.425283, -10.927676 ], [ -69.424962, -10.935066 ], [ -69.448431, -10.935186 ], [ -69.452698, -10.93797 ], [ -69.453949, -10.949383 ], [ -69.468193, -10.949709 ], [ -69.473596, -10.944524 ], [ -69.492989, -10.951452 ], [ -69.498922, -10.944681 ], [ -69.510211, -10.943307 ], [ -69.523577, -10.936031 ], [ -69.54287, -10.939772 ], [ -69.540944, -10.951568 ], [ -69.550489, -10.952743 ], [ -69.567282, -10.944147 ], [ -69.574748, -10.94514 ], [ -69.562347, -10.96656 ], [ -69.475621, -11.106596 ], [ -69.468171, -11.116951 ], [ -69.396115, -11.237376 ], [ -69.323211, -11.355531 ], [ -69.25562, -11.457475 ], [ -69.203483, -11.545783 ], [ -69.14855, -11.636411 ], [ -68.998014, -11.867926 ], [ -68.969981, -11.912498 ], [ -68.858885, -12.117448 ], [ -68.656689, -12.489147 ], [ -68.652214, -12.497742 ], [ -68.637541, -12.49844 ], [ -68.618333, -12.495374 ], [ -68.60323, -12.484437 ], [ -68.562596, -12.459144 ], [ -68.558113, -12.447785 ], [ -68.562223, -12.44064 ], [ -68.5866, -12.412347 ], [ -68.591057, -12.403613 ], [ -68.583679, -12.393575 ], [ -68.571175, -12.389705 ], [ -68.519562, -12.395186 ], [ -68.502216, -12.403289 ], [ -68.492162, -12.416765 ], [ -68.471993, -12.423234 ], [ -68.460899, -12.420341 ], [ -68.438486, -12.397476 ], [ -68.419347, -12.382031 ], [ -68.404621, -12.363592 ], [ -68.400178, -12.332261 ], [ -68.402909, -12.302709 ], [ -68.414382, -12.281154 ], [ -68.411683, -12.264101 ], [ -68.404103, -12.254216 ], [ -68.387415, -12.238328 ], [ -68.3687, -12.226015 ], [ -68.358228, -12.222504 ], [ -68.33897, -12.220033 ], [ -68.317528, -12.227712 ], [ -68.301499, -12.228126 ], [ -68.28288, -12.217224 ], [ -68.271202, -12.204763 ], [ -68.244283, -12.187409 ], [ -68.234165, -12.169342 ], [ -68.225287, -12.138272 ], [ -68.225319, -12.127055 ], [ -68.231083, -12.104848 ], [ -68.226367, -12.084218 ], [ -68.231068, -12.056339 ], [ -68.231727, -12.040969 ], [ -68.23856, -12.02113 ], [ -68.233353, -12.010807 ], [ -68.200556, -12.009806 ], [ -68.184198, -12.011123 ], [ -68.156446, -12.022106 ], [ -68.133348, -12.021884 ], [ -68.117138, -12.034264 ], [ -68.103576, -12.037252 ], [ -68.098348, -12.03481 ], [ -68.061361, -11.998156 ], [ -68.039297, -11.984833 ], [ -68.017771, -11.976724 ], [ -67.987084, -11.948269 ], [ -67.977586, -11.935866 ], [ -67.97457, -11.919332 ], [ -67.977569, -11.899486 ], [ -67.988133, -11.872845 ], [ -67.996957, -11.858779 ], [ -67.996262, -11.849681 ], [ -67.000256, -12.469943 ], [ -66.96731, -12.490341 ], [ -66.966239, -12.482298 ], [ -66.952647, -12.475117 ], [ -66.934709, -12.474901 ], [ -66.935228, -12.465456 ], [ -66.957593, -12.440139 ], [ -66.968593, -12.424708 ], [ -66.968652, -12.417106 ], [ -66.93854, -12.398655 ], [ -66.917009, -12.3769 ], [ -66.899482, -12.373201 ], [ -66.897327, -12.369202 ], [ -66.899995, -12.351692 ], [ -66.90661, -12.341997 ], [ -66.920194, -12.333902 ], [ -66.940372, -12.330751 ], [ -66.946618, -12.326687 ], [ -66.948795, -12.3115 ], [ -66.945595, -12.297415 ], [ -66.913211, -12.287125 ], [ -66.896688, -12.262693 ], [ -66.886936, -12.251236 ], [ -66.885185, -12.237936 ], [ -66.885814, -12.214657 ], [ -66.889197, -12.200015 ], [ -66.897121, -12.190264 ], [ -66.91809, -12.186123 ], [ -66.922946, -12.178975 ], [ -66.92532, -12.161502 ], [ -66.923593, -12.155399 ], [ -66.876124, -12.113464 ], [ -66.873115, -12.106319 ], [ -66.88432, -12.076552 ], [ -66.887205, -12.060363 ], [ -66.897249, -12.054865 ], [ -66.905863, -12.05696 ], [ -66.910559, -12.049375 ], [ -66.898505, -12.02296 ], [ -66.893935, -12.005926 ], [ -66.900332, -11.98587 ], [ -66.905856, -11.952944 ], [ -66.913656, -11.949296 ], [ -66.925272, -11.954643 ], [ -66.930938, -11.944163 ], [ -66.926397, -11.93454 ], [ -66.92757, -11.923908 ], [ -66.934555, -11.91547 ], [ -66.949654, -11.909602 ], [ -66.95737, -11.916951 ], [ -66.949934, -11.937104 ], [ -66.9561, -11.940617 ], [ -66.969423, -11.928876 ], [ -66.978033, -11.913992 ], [ -66.979108, -11.90001 ], [ -66.971863, -11.894577 ], [ -66.964683, -11.896917 ], [ -66.956455, -11.893151 ], [ -66.953289, -11.87823 ], [ -66.941393, -11.878024 ], [ -66.913157, -11.863469 ], [ -66.893656, -11.857944 ], [ -66.877879, -11.841805 ], [ -66.856727, -11.822611 ], [ -66.856404, -11.817229 ], [ -66.867851, -11.812293 ], [ -66.873153, -11.801573 ], [ -66.871037, -11.79259 ], [ -66.877176, -11.776997 ], [ -66.886527, -11.772905 ], [ -66.909619, -11.781111 ], [ -66.917923, -11.780597 ], [ -66.917315, -11.764667 ], [ -66.910458, -11.747112 ], [ -66.904656, -11.7442 ], [ -66.879629, -11.742007 ], [ -66.866501, -11.745065 ], [ -66.860892, -11.754923 ], [ -66.852094, -11.762892 ], [ -66.837665, -11.764648 ], [ -66.835092, -11.739808 ], [ -66.829118, -11.71256 ], [ -66.82611, -11.706224 ], [ -66.811492, -11.695353 ], [ -66.779196, -11.692809 ], [ -66.771887, -11.696626 ], [ -66.774082, -11.713428 ], [ -66.782895, -11.721818 ], [ -66.793625, -11.727209 ], [ -66.796193, -11.733886 ], [ -66.790735, -11.742739 ], [ -66.781254, -11.744961 ], [ -66.768047, -11.739693 ], [ -66.763594, -11.732198 ], [ -66.763901, -11.712259 ], [ -66.762038, -11.708514 ], [ -66.725355, -11.69055 ], [ -66.711744, -11.681834 ], [ -66.706009, -11.671316 ], [ -66.708588, -11.658569 ], [ -66.717052, -11.655767 ], [ -66.729405, -11.658016 ], [ -66.735273, -11.652324 ], [ -66.727037, -11.644943 ], [ -66.721923, -11.629523 ], [ -66.710957, -11.617959 ], [ -66.712764, -11.610513 ], [ -66.724874, -11.606592 ], [ -66.734027, -11.608386 ], [ -66.760916, -11.594249 ], [ -66.762422, -11.587805 ], [ -66.747673, -11.576184 ], [ -66.713291, -11.56372 ], [ -66.692217, -11.560971 ], [ -66.680393, -11.565754 ], [ -66.67577, -11.5617 ], [ -66.676832, -11.538755 ], [ -66.682508, -11.520724 ], [ -66.690788, -11.50435 ], [ -66.700921, -11.492523 ], [ -66.71959, -11.486213 ], [ -66.729468, -11.487869 ], [ -66.733314, -11.479864 ], [ -66.71778, -11.45808 ], [ -66.705293, -11.446534 ], [ -66.689175, -11.443395 ], [ -66.66743, -11.45269 ], [ -66.642542, -11.472575 ], [ -66.633859, -11.46734 ], [ -66.633526, -11.455 ], [ -66.638963, -11.430628 ], [ -66.631602, -11.423969 ], [ -66.615137, -11.427996 ], [ -66.590696, -11.429374 ], [ -66.573869, -11.424501 ], [ -66.559836, -11.416208 ], [ -66.547056, -11.41438 ], [ -66.534372, -11.41829 ], [ -66.519018, -11.420026 ], [ -66.510934, -11.429998 ], [ -66.505438, -11.443148 ], [ -66.498658, -11.442252 ], [ -66.486628, -11.432287 ], [ -66.47025, -11.427813 ], [ -66.463071, -11.417591 ], [ -66.467054, -11.405672 ], [ -66.461382, -11.392139 ], [ -66.435904, -11.374347 ], [ -66.42378, -11.373938 ], [ -66.389633, -11.378181 ], [ -66.373701, -11.374556 ], [ -66.364687, -11.369931 ], [ -66.341575, -11.36435 ], [ -66.327047, -11.363501 ], [ -66.317935, -11.358686 ], [ -66.32252, -11.350265 ], [ -66.335934, -11.345654 ], [ -66.338249, -11.331131 ], [ -66.331489, -11.323469 ], [ -66.317593, -11.317462 ], [ -66.303235, -11.31432 ], [ -66.290291, -11.315492 ], [ -66.2722, -11.322927 ], [ -66.243552, -11.340158 ], [ -66.233064, -11.342641 ], [ -66.225422, -11.336403 ], [ -66.225783, -11.329092 ], [ -66.237901, -11.308123 ], [ -66.243033, -11.303295 ], [ -66.2699, -11.289633 ], [ -66.277569, -11.277656 ], [ -66.256251, -11.2733 ], [ -66.251379, -11.266084 ], [ -66.25509, -11.257829 ], [ -66.26638, -11.24689 ], [ -66.26969, -11.234873 ], [ -66.266951, -11.217207 ], [ -66.261517, -11.207978 ], [ -66.253395, -11.206613 ], [ -66.244121, -11.219578 ], [ -66.237146, -11.219801 ], [ -66.216451, -11.211577 ], [ -66.202881, -11.202788 ], [ -66.188793, -11.187597 ], [ -66.185386, -11.179391 ], [ -66.190796, -11.145482 ], [ -66.196344, -11.13234 ], [ -66.214252, -11.122372 ], [ -66.214676, -11.118551 ], [ -66.193795, -11.074875 ], [ -66.18332, -11.077072 ], [ -66.170348, -11.09741 ], [ -66.160147, -11.131197 ], [ -66.152941, -11.135526 ], [ -66.137693, -11.130601 ], [ -66.126391, -11.118256 ], [ -66.12163, -11.100285 ], [ -66.123388, -11.08381 ], [ -66.126951, -11.075813 ], [ -66.143298, -11.051962 ], [ -66.137441, -11.042155 ], [ -66.104251, -11.051447 ], [ -66.091517, -11.04731 ], [ -66.106693, -11.039282 ], [ -66.106565, -11.022789 ], [ -66.092297, -10.990081 ], [ -66.088196, -10.991984 ], [ -66.06613, -10.991324 ], [ -66.055791, -10.981963 ], [ -66.046968, -10.941846 ], [ -66.049109, -10.914007 ], [ -66.047283, -10.902996 ], [ -66.038232, -10.889047 ], [ -66.02068, -10.879078 ], [ -66.013095, -10.863709 ], [ -66.015446, -10.858197 ], [ -66.028503, -10.854538 ], [ -66.048616, -10.865483 ], [ -66.055954, -10.867067 ], [ -66.071006, -10.863123 ], [ -66.076124, -10.85666 ], [ -66.071771, -10.847533 ], [ -66.044203, -10.831369 ], [ -66.010317, -10.813112 ], [ -66.000551, -10.810368 ], [ -65.989635, -10.802137 ], [ -65.975751, -10.796988 ], [ -65.968795, -10.797667 ], [ -65.935399, -10.813468 ], [ -65.914941, -10.827445 ], [ -65.904667, -10.829827 ], [ -65.881068, -10.830545 ], [ -65.859745, -10.83549 ], [ -65.85396, -10.833902 ], [ -65.84982, -10.822963 ], [ -65.848599, -10.791791 ], [ -65.85177, -10.784368 ], [ -65.868377, -10.767599 ], [ -65.881242, -10.757406 ], [ -65.903017, -10.74558 ], [ -65.905578, -10.740826 ], [ -65.903764, -10.729146 ], [ -65.887808, -10.701458 ], [ -65.879966, -10.693351 ], [ -65.8688, -10.689033 ], [ -65.860259, -10.69258 ], [ -65.840474, -10.717996 ], [ -65.827081, -10.741754 ], [ -65.812567, -10.743326 ], [ -65.787725, -10.730645 ], [ -65.753079, -10.716905 ], [ -65.733532, -10.706928 ], [ -65.719634, -10.695146 ], [ -65.711062, -10.683588 ], [ -65.70194, -10.65138 ], [ -65.704114, -10.644618 ], [ -65.724648, -10.611896 ], [ -65.733002, -10.595555 ], [ -65.735013, -10.582228 ], [ -65.731985, -10.571674 ], [ -65.723242, -10.564953 ], [ -65.709892, -10.56571 ], [ -65.683607, -10.564178 ], [ -65.647279, -10.566131 ], [ -65.633328, -10.563585 ], [ -65.624476, -10.557748 ], [ -65.623823, -10.54716 ], [ -65.618051, -10.539911 ], [ -65.587249, -10.536844 ], [ -65.573555, -10.519184 ], [ -65.555435, -10.507795 ], [ -65.535074, -10.503632 ], [ -65.509905, -10.496727 ], [ -65.50208, -10.491593 ], [ -65.496192, -10.482657 ], [ -65.487844, -10.462376 ], [ -65.483841, -10.438123 ], [ -65.472118, -10.429196 ], [ -65.448171, -10.414659 ], [ -65.438181, -10.413136 ], [ -65.419401, -10.416783 ], [ -65.408152, -10.41405 ], [ -65.400615, -10.407304 ], [ -65.39714, -10.390881 ], [ -65.391, -10.381218 ], [ -65.391882, -10.374281 ], [ -65.383462, -10.360856 ], [ -65.374402, -10.356506 ], [ -65.361817, -10.342359 ], [ -65.349775, -10.321459 ], [ -65.326699, -10.304836 ], [ -65.321278, -10.294715 ], [ -65.312605, -10.263407 ], [ -65.312544, -10.254794 ], [ -65.300531, -10.241959 ], [ -65.291822, -10.223689 ], [ -65.292295, -10.210429 ], [ -65.299622, -10.191495 ], [ -65.306225, -10.180295 ], [ -65.308004, -10.164492 ], [ -65.301963, -10.144982 ], [ -65.304434, -10.132486 ], [ -65.302685, -10.106438 ], [ -65.307592, -10.094245 ], [ -65.316453, -10.087666 ], [ -65.330418, -10.063712 ], [ -65.331204, -10.049682 ], [ -65.32061, -10.003928 ], [ -65.324826, -9.987112 ], [ -65.333603, -9.972685 ], [ -65.335106, -9.9359 ], [ -65.329214, -9.918702 ], [ -65.320313, -9.904302 ], [ -65.298796, -9.884584 ], [ -65.289442, -9.868863 ], [ -65.28681, -9.856613 ], [ -65.291585, -9.840455 ], [ -65.295667, -9.835897 ], [ -65.317818, -9.82237 ], [ -65.322885, -9.815706 ], [ -65.325799, -9.789612 ], [ -65.336447, -9.770978 ], [ -65.356156, -9.722458 ], [ -65.373238, -9.702226 ], [ -65.394984, -9.688201 ], [ -65.425049, -9.678464 ], [ -65.432803, -9.674426 ], [ -65.435578, -9.689716 ], [ -65.445083, -9.701413 ], [ -65.468722, -9.715598 ], [ -65.479073, -9.715919 ], [ -65.487503, -9.71261 ], [ -65.480401, -9.730166 ], [ -65.50006, -9.730227 ], [ -65.50076, -9.744259 ], [ -65.505333, -9.75004 ], [ -65.504774, -9.768016 ], [ -65.49803, -9.779126 ], [ -65.502397, -9.786897 ], [ -65.514551, -9.794016 ], [ -65.528061, -9.787857 ], [ -65.533508, -9.782546 ], [ -65.537902, -9.800897 ], [ -65.544766, -9.805334 ], [ -65.554415, -9.805512 ], [ -65.557353, -9.810791 ], [ -65.566424, -9.812815 ], [ -65.56416, -9.822118 ], [ -65.55332, -9.834957 ], [ -65.561537, -9.84568 ], [ -65.569155, -9.838141 ], [ -65.595714, -9.844429 ], [ -65.599331, -9.842759 ], [ -65.599045, -9.826594 ], [ -65.607958, -9.826709 ], [ -65.628696, -9.838983 ], [ -65.632562, -9.832448 ], [ -65.635386, -9.808983 ], [ -65.641466, -9.808379 ], [ -65.650834, -9.818906 ], [ -65.65456, -9.807639 ], [ -65.647485, -9.800742 ], [ -65.649046, -9.793458 ], [ -65.663936, -9.794399 ], [ -65.667568, -9.785343 ], [ -65.67304, -9.782975 ], [ -65.69059, -9.802388 ], [ -65.690461, -9.813072 ], [ -65.696862, -9.815006 ], [ -65.711726, -9.810461 ], [ -65.710134, -9.802444 ], [ -65.702357, -9.793295 ], [ -65.704014, -9.783408 ], [ -65.712478, -9.774636 ], [ -65.709854, -9.767513 ], [ -65.701755, -9.766625 ], [ -65.690459, -9.771342 ], [ -65.686088, -9.763865 ], [ -65.687969, -9.750228 ], [ -65.696433, -9.750559 ], [ -65.709758, -9.758731 ], [ -65.718986, -9.757287 ], [ -65.729254, -9.760107 ], [ -65.738994, -9.767618 ], [ -65.73856, -9.781252 ], [ -65.751543, -9.781511 ], [ -65.760071, -9.769245 ], [ -65.775463, -9.762019 ], [ -65.770006, -9.741641 ], [ -65.779336, -9.7392 ], [ -65.783558, -9.746456 ], [ -65.778086, -9.769134 ], [ -65.783816, -9.775795 ], [ -65.784204, -9.785775 ], [ -65.804321, -9.792057 ], [ -65.815575, -9.777138 ], [ -65.814078, -9.77181 ], [ -65.805181, -9.768906 ], [ -65.816078, -9.759499 ], [ -65.82325, -9.760392 ], [ -65.823058, -9.769707 ], [ -65.833546, -9.772006 ], [ -65.836551, -9.779863 ], [ -65.859961, -9.798881 ], [ -65.869719, -9.798386 ], [ -65.876325, -9.790219 ], [ -65.871498, -9.7861 ], [ -65.871514, -9.776259 ], [ -65.865298, -9.770421 ], [ -65.87281, -9.764089 ], [ -65.875869, -9.756239 ], [ -65.890005, -9.755556 ], [ -65.893621, -9.761196 ], [ -65.903372, -9.763979 ], [ -65.905113, -9.769742 ], [ -65.918177, -9.765677 ], [ -65.925191, -9.759639 ], [ -65.932296, -9.768932 ], [ -65.941449, -9.77124 ], [ -65.945837, -9.76286 ], [ -65.957356, -9.771779 ], [ -65.969527, -9.773227 ], [ -65.975444, -9.77855 ], [ -65.977171, -9.791379 ], [ -65.975376, -9.799972 ], [ -65.993471, -9.805687 ], [ -66.005842, -9.798332 ], [ -66.020954, -9.815321 ], [ -66.02819, -9.814884 ], [ -66.034307, -9.792524 ], [ -66.052929, -9.788519 ], [ -66.07253, -9.788263 ], [ -66.082537, -9.791041 ], [ -66.083496, -9.802269 ], [ -66.091106, -9.817873 ], [ -66.098678, -9.814956 ], [ -66.100844, -9.806323 ], [ -66.096401, -9.795117 ], [ -66.101981, -9.787581 ], [ -66.115332, -9.795051 ], [ -66.130009, -9.794384 ], [ -66.150249, -9.789411 ], [ -66.170722, -9.798022 ], [ -66.177924, -9.806799 ], [ -66.192903, -9.811278 ], [ -66.188909, -9.818416 ], [ -66.194462, -9.826965 ], [ -66.19109, -9.832043 ], [ -66.202528, -9.839459 ], [ -66.209957, -9.837793 ], [ -66.220051, -9.82643 ], [ -66.234986, -9.818142 ], [ -66.244944, -9.824637 ], [ -66.248009, -9.833785 ], [ -66.257635, -9.831723 ], [ -66.270727, -9.8364 ], [ -66.280925, -9.833854 ], [ -66.281971, -9.844751 ], [ -66.291563, -9.8422 ], [ -66.309479, -9.831079 ], [ -66.316551, -9.83613 ], [ -66.325087, -9.8342 ], [ -66.334013, -9.839339 ], [ -66.34371, -9.837838 ], [ -66.351747, -9.840643 ], [ -66.355844, -9.848748 ], [ -66.357588, -9.86435 ], [ -66.378232, -9.868041 ], [ -66.395953, -9.863769 ], [ -66.402929, -9.867893 ], [ -66.424816, -9.889728 ], [ -66.433452, -9.894152 ], [ -66.42495, -9.873251 ], [ -66.433457, -9.865729 ], [ -66.450369, -9.872159 ], [ -66.454773, -9.870436 ], [ -66.465555, -9.876559 ], [ -66.471704, -9.868124 ], [ -66.491026, -9.867916 ], [ -66.493339, -9.880789 ], [ -66.505575, -9.881155 ], [ -66.507034, -9.873331 ], [ -66.518066, -9.874596 ], [ -66.521968, -9.883875 ], [ -66.53224, -9.886677 ], [ -66.551095, -9.882425 ], [ -66.552911, -9.889121 ], [ -66.564605, -9.880867 ], [ -66.566309, -9.890195 ], [ -66.571772, -9.894952 ], [ -66.582087, -9.89478 ], [ -66.584678, -9.906174 ], [ -66.592211, -9.901816 ], [ -66.613104, -9.896388 ], [ -66.624002, -9.897037 ], [ -66.638031, -9.930539 ], [ -66.62807, -9.935779 ], [ -66.637795, -9.943898 ], [ -66.638551, -9.951327 ], [ -66.649231, -9.947383 ], [ -66.658301, -9.937791 ], [ -66.664728, -9.941341 ], [ -66.676034, -9.969552 ], [ -66.691614, -9.967932 ], [ -66.695072, -9.973331 ], [ -66.706926, -9.978939 ], [ -66.722292, -9.979681 ], [ -66.733622, -9.986318 ], [ -66.741736, -9.999218 ], [ -66.750384, -9.995925 ], [ -66.760842, -10.0 ], [ -66.765138, -10.007873 ], [ -66.77165, -10.010493 ], [ -66.771325, -10.017895 ], [ -66.780494, -10.018132 ], [ -66.79234, -10.023263 ], [ -66.794377, -10.028586 ], [ -66.808329, -10.037613 ], [ -66.808892, -10.049242 ], [ -66.818052, -10.052162 ], [ -66.823954, -10.060407 ], [ -66.834274, -10.060523 ], [ -66.835821, -10.068716 ], [ -66.841571, -10.071572 ], [ -66.838272, -10.082877 ], [ -66.845239, -10.086899 ], [ -66.871128, -10.081751 ], [ -66.876263, -10.085549 ], [ -66.872425, -10.09418 ], [ -66.873808, -10.101989 ], [ -66.889385, -10.115026 ], [ -66.895853, -10.110201 ], [ -66.903343, -10.127904 ], [ -66.909588, -10.125787 ], [ -66.91101, -10.146687 ], [ -66.924632, -10.143352 ], [ -66.933057, -10.154858 ], [ -66.946448, -10.158622 ], [ -66.952114, -10.186145 ], [ -66.961943, -10.182074 ], [ -66.96965, -10.191557 ], [ -66.9759, -10.185013 ], [ -66.983605, -10.196491 ], [ -66.992215, -10.203447 ], [ -67.000897, -10.217823 ], [ -66.995659, -10.222571 ], [ -67.001633, -10.229336 ], [ -67.006758, -10.231115 ], [ -67.005295, -10.243354 ], [ -67.010742, -10.253181 ], [ -67.030157, -10.256762 ], [ -67.03499, -10.264704 ], [ -67.041557, -10.262136 ], [ -67.050907, -10.267501 ], [ -67.053936, -10.279661 ], [ -67.058259, -10.279591 ], [ -67.079448, -10.290385 ], [ -67.097945, -10.28348 ], [ -67.111096, -10.291959 ], [ -67.125506, -10.291381 ], [ -67.13707, -10.298298 ], [ -67.140513, -10.307608 ], [ -67.13696, -10.316179 ], [ -67.153973, -10.328589 ], [ -67.161768, -10.328961 ], [ -67.169411, -10.33714 ], [ -67.18497, -10.337454 ], [ -67.193101, -10.323254 ], [ -67.203512, -10.320745 ], [ -67.218599, -10.321089 ], [ -67.219558, -10.315741 ], [ -67.230453, -10.313477 ], [ -67.23986, -10.316517 ], [ -67.241908, -10.322613 ], [ -67.263614, -10.332477 ], [ -67.277548, -10.321857 ], [ -67.285301, -10.318653 ], [ -67.292158, -10.324287 ], [ -67.300888, -10.320821 ], [ -67.306866, -10.323186 ], [ -67.317908, -10.320066 ], [ -67.323364, -10.323559 ], [ -67.328113, -10.336906 ], [ -67.319628, -10.342706 ], [ -67.317317, -10.352031 ], [ -67.318533, -10.370424 ], [ -67.311902, -10.374294 ], [ -67.329282, -10.384594 ], [ -67.345305, -10.378913 ], [ -67.354339, -10.39464 ], [ -67.369036, -10.378821 ], [ -67.377601, -10.384368 ], [ -67.392815, -10.381246 ], [ -67.399672, -10.375176 ], [ -67.407299, -10.377498 ], [ -67.423493, -10.395259 ], [ -67.414166, -10.404354 ], [ -67.413216, -10.426729 ], [ -67.420138, -10.430772 ], [ -67.427213, -10.429074 ], [ -67.436257, -10.447934 ], [ -67.452856, -10.460271 ], [ -67.468877, -10.457456 ], [ -67.473143, -10.463049 ], [ -67.486864, -10.471756 ], [ -67.504404, -10.473571 ], [ -67.516089, -10.478578 ], [ -67.514869, -10.483348 ], [ -67.522361, -10.493041 ], [ -67.540916, -10.488298 ], [ -67.570006, -10.502747 ], [ -67.571483, -10.51488 ], [ -67.581853, -10.520629 ], [ -67.592459, -10.52127 ], [ -67.603385, -10.536808 ], [ -67.608044, -10.552895 ], [ -67.608245, -10.562771 ], [ -67.617761, -10.570772 ], [ -67.625183, -10.572693 ], [ -67.636953, -10.585277 ], [ -67.637518, -10.595307 ], [ -67.651897, -10.61051 ], [ -67.662553, -10.616829 ], [ -67.672313, -10.60532 ], [ -67.676708, -10.605447 ], [ -67.70876, -10.709275 ], [ -67.713368, -10.706064 ], [ -67.725306, -10.707302 ], [ -67.736011, -10.711907 ], [ -67.751675, -10.696602 ], [ -67.756691, -10.687932 ], [ -67.776514, -10.683289 ], [ -67.782679, -10.676112 ], [ -67.792217, -10.675547 ], [ -67.808868, -10.663127 ], [ -67.817909, -10.662991 ], [ -67.822243, -10.651806 ], [ -67.82848, -10.649891 ], [ -67.84363, -10.651175 ], [ -67.845975, -10.646596 ], [ -67.858459, -10.646871 ], [ -67.864292, -10.639527 ], [ -67.86959, -10.641052 ], [ -67.886346, -10.638227 ], [ -67.893995, -10.646352 ], [ -67.899084, -10.641709 ], [ -67.909853, -10.640313 ], [ -67.913719, -10.648418 ], [ -67.924048, -10.649652 ], [ -67.931963, -10.654286 ], [ -67.941648, -10.654947 ], [ -67.95493, -10.648133 ], [ -67.979663, -10.660578 ], [ -67.993183, -10.650641 ], [ -68.023184, -10.651971 ], [ -68.031311, -10.664671 ], [ -68.06301, -10.676485 ], [ -68.066587, -10.684408 ], [ -68.077788, -10.68531 ], [ -68.079674, -10.692098 ], [ -68.089315, -10.699276 ], [ -68.095174, -10.709743 ], [ -68.103951, -10.713339 ], [ -68.108817, -10.733728 ], [ -68.103257, -10.753725 ], [ -68.106885, -10.767806 ], [ -68.107167, -10.781428 ], [ -68.118749, -10.787238 ], [ -68.13214, -10.800732 ], [ -68.14813, -10.820043 ], [ -68.154329, -10.822621 ], [ -68.159296, -10.831839 ], [ -68.170928, -10.838693 ], [ -68.181779, -10.856871 ], [ -68.195247, -10.859253 ], [ -68.196284, -10.869736 ], [ -68.201377, -10.874556 ], [ -68.203227, -10.890018 ], [ -68.208457, -10.906605 ], [ -68.21527, -10.90694 ], [ -68.224585, -10.915266 ], [ -68.229185, -10.926496 ], [ -68.227554, -10.931702 ], [ -68.236657, -10.960985 ], [ -68.240435, -10.96048 ], [ -68.255104, -10.96897 ], [ -68.263171, -10.978146 ], [ -68.273781, -10.981295 ], [ -68.277473, -10.99065 ], [ -68.285691, -10.993754 ], [ -68.293203, -10.991247 ], [ -68.307352, -10.994526 ], [ -68.322139, -11.004059 ], [ -68.331645, -11.015885 ], [ -68.336482, -11.008991 ], [ -68.351025, -11.007095 ], [ -68.375206, -11.014691 ], [ -68.386881, -11.02185 ], [ -68.38873, -11.048686 ], [ -68.402895, -11.056513 ], [ -68.41473, -11.043135 ], [ -68.423486, -11.044861 ], [ -68.428984, -11.035565 ], [ -68.436775, -11.036837 ], [ -68.438548, -11.044206 ], [ -68.446697, -11.049343 ], [ -68.473619, -11.054209 ], [ -68.481098, -11.052512 ], [ -68.50167, -11.063659 ], [ -68.521358, -11.089352 ], [ -68.538703, -11.094131 ], [ -68.544784, -11.108845 ], [ -68.59035, -11.115405 ], [ -68.647447, -11.133734 ], [ -68.715645, -11.147461 ], [ -68.711221, -11.139595 ], [ -68.721809, -11.107254 ], [ -68.734962, -11.096006 ], [ -68.748005, -11.096318 ], [ -68.756955, -11.087801 ], [ -68.758754, -11.078068 ], [ -68.765998, -11.068989 ], [ -68.76251, -11.061776 ], [ -68.765497, -11.053399 ], [ -68.759907, -11.042732 ], [ -68.749652, -11.03632 ], [ -68.753365, -11.030206 ], [ -68.747636, -11.011506 ], [ -68.756578, -11.009626 ], [ -68.762323, -11.002955 ], [ -68.769719, -11.007459 ], [ -68.787099, -11.004787 ], [ -68.797758, -11.000353 ], [ -68.801649, -10.995163 ], [ -68.811095, -10.994738 ], [ -68.816513, -11.005653 ], [ -68.829119, -11.006522 ], [ -68.834406, -10.993316 ], [ -68.850303, -10.99393 ], [ -68.860067, -11.00511 ], [ -68.859265, -11.0165 ], [ -68.875748, -11.0151 ], [ -68.880384, -11.021706 ], [ -68.888378, -11.016942 ], [ -68.894801, -11.006655 ], [ -68.904099, -11.013153 ], [ -68.911278, -11.022564 ], [ -68.920484, -11.013732 ], [ -68.931587, -11.012525 ], [ -68.936947, -11.004689 ], [ -68.944923, -11.012737 ], [ -68.947831, -11.004572 ], [ -68.954613, -11.004543 ], [ -68.965953, -10.988422 ], [ -68.971281, -10.988692 ], [ -68.987673, -10.99976 ], [ -68.983957, -11.009369 ], [ -68.991755, -11.012097 ], [ -69.00169, -11.010038 ] ] ] } }
]
}
